{
"type": "FeatureCollection",
"crs": { "type": "name", "properties": { "name": "urn:ogc:def:crs:OGC:1.3:CRS84" } },
                                                                                
"features": [
{ "type": "Feature", "properties": { "Name": "kml_1", "Description": "<center><table><tr><th colspan='2' align='center'><em>Attributes<\/em><\/th><\/tr><tr bgcolor=\"#E3E3F3\"> <th>ADDRESSBLOCKHOUSENUMBER<\/th> <td><\/td> <\/tr><tr bgcolor=\"\"> <th>ADDRESSBUILDINGNAME<\/th> <td><\/td> <\/tr><tr bgcolor=\"#E3E3F3\"> <th>ADDRESSPOSTALCODE<\/th> <td>609791<\/td> <\/tr><tr bgcolor=\"\"> <th>ADDRESSSTREETNAME<\/th> <td>201 Jurong East Avenue 1 Singapore<\/td> <\/tr><tr bgcolor=\"#E3E3F3\"> <th>ADDRESSTYPE<\/th> <td><\/td> <\/tr><tr bgcolor=\"\"> <th>DESCRIPTION<\/th> <td><\/td> <\/tr><tr bgcolor=\"#E3E3F3\"> <th>HYPERLINK<\/th> <td>http:\/\/www.thongkheng.org.sg<\/td> <\/tr><tr bgcolor=\"\"> <th>LANDXADDRESSPOINT<\/th> <td>0<\/td> <\/tr><tr bgcolor=\"#E3E3F3\"> <th>LANDYADDRESSPOINT<\/th> <td>0<\/td> <\/tr><tr bgcolor=\"\"> <th>NAME<\/th> <td>Thong Kheng Welfare Services Society Blue Cross Thong Kheng Home Day Activity Centre<\/td> <\/tr><tr bgcolor=\"#E3E3F3\"> <th>PHOTOURL<\/th> <td><\/td> <\/tr><tr bgcolor=\"\"> <th>ADDRESSFLOORNUMBER<\/th> <td><\/td> <\/tr><tr bgcolor=\"#E3E3F3\"> <th>INC_CRC<\/th> <td>9DB40BF526AA207D<\/td> <\/tr><tr bgcolor=\"\"> <th>FMEL_UPD_D<\/th> <td>20121219111651<\/td> <\/tr><tr bgcolor=\"#E3E3F3\"> <th>ADDRESSUNITNUMBER<\/th> <td><\/td> <\/tr><\/table><\/center>" }, "geometry": { "type": "Point", "coordinates": [ 103.728979102458993, 1.3495663654738, 0.0 ] } },
{ "type": "Feature", "properties": { "Name": "kml_2", "Description": "<center><table><tr><th colspan='2' align='center'><em>Attributes<\/em><\/th><\/tr><tr bgcolor=\"#E3E3F3\"> <th>ADDRESSBLOCKHOUSENUMBER<\/th> <td><\/td> <\/tr><tr bgcolor=\"\"> <th>ADDRESSBUILDINGNAME<\/th> <td><\/td> <\/tr><tr bgcolor=\"#E3E3F3\"> <th>ADDRESSPOSTALCODE<\/th> <td>150051<\/td> <\/tr><tr bgcolor=\"\"> <th>ADDRESSSTREETNAME<\/th> <td>Blk 51 Lengkok Bahru #01-281 Singapore<\/td> <\/tr><tr bgcolor=\"#E3E3F3\"> <th>ADDRESSTYPE<\/th> <td><\/td> <\/tr><tr bgcolor=\"\"> <th>DESCRIPTION<\/th> <td><\/td> <\/tr><tr bgcolor=\"#E3E3F3\"> <th>HYPERLINK<\/th> <td><\/td> <\/tr><tr bgcolor=\"\"> <th>LANDXADDRESSPOINT<\/th> <td>0<\/td> <\/tr><tr bgcolor=\"#E3E3F3\"> <th>LANDYADDRESSPOINT<\/th> <td>0<\/td> <\/tr><tr bgcolor=\"\"> <th>NAME<\/th> <td>Waterfalls Student Care Centre<\/td> <\/tr><tr bgcolor=\"#E3E3F3\"> <th>PHOTOURL<\/th> <td><\/td> <\/tr><tr bgcolor=\"\"> <th>ADDRESSFLOORNUMBER<\/th> <td><\/td> <\/tr><tr bgcolor=\"#E3E3F3\"> <th>INC_CRC<\/th> <td>FB176AA409518077<\/td> <\/tr><tr bgcolor=\"\"> <th>FMEL_UPD_D<\/th> <td>20121122110138<\/td> <\/tr><tr bgcolor=\"#E3E3F3\"> <th>ADDRESSUNITNUMBER<\/th> <td><\/td> <\/tr><\/table><\/center>" }, "geometry": { "type": "Point", "coordinates": [ 103.812414123321005, 1.28747105263059, 0.0 ] } },
{ "type": "Feature", "properties": { "Name": "kml_3", "Description": "<center><table><tr><th colspan='2' align='center'><em>Attributes<\/em><\/th><\/tr><tr bgcolor=\"#E3E3F3\"> <th>ADDRESSBLOCKHOUSENUMBER<\/th> <td><\/td> <\/tr><tr bgcolor=\"\"> <th>ADDRESSBUILDINGNAME<\/th> <td><\/td> <\/tr><tr bgcolor=\"#E3E3F3\"> <th>ADDRESSPOSTALCODE<\/th> <td>327725<\/td> <\/tr><tr bgcolor=\"\"> <th>ADDRESSSTREETNAME<\/th> <td>16 Whampoa Drive Singapore<\/td> <\/tr><tr bgcolor=\"#E3E3F3\"> <th>ADDRESSTYPE<\/th> <td><\/td> <\/tr><tr bgcolor=\"\"> <th>DESCRIPTION<\/th> <td><\/td> <\/tr><tr bgcolor=\"#E3E3F3\"> <th>HYPERLINK<\/th> <td>http:\/\/www.hwa.org.sg<\/td> <\/tr><tr bgcolor=\"\"> <th>LANDXADDRESSPOINT<\/th> <td>0<\/td> <\/tr><tr bgcolor=\"#E3E3F3\"> <th>LANDYADDRESSPOINT<\/th> <td>0<\/td> <\/tr><tr bgcolor=\"\"> <th>NAME<\/th> <td>Handicaps Welfare Association (Head Office)<\/td> <\/tr><tr bgcolor=\"#E3E3F3\"> <th>PHOTOURL<\/th> <td><\/td> <\/tr><tr bgcolor=\"\"> <th>ADDRESSFLOORNUMBER<\/th> <td><\/td> <\/tr><tr bgcolor=\"#E3E3F3\"> <th>INC_CRC<\/th> <td>0893EE8A4172BAA2<\/td> <\/tr><tr bgcolor=\"\"> <th>FMEL_UPD_D<\/th> <td>20121122110138<\/td> <\/tr><tr bgcolor=\"#E3E3F3\"> <th>ADDRESSUNITNUMBER<\/th> <td><\/td> <\/tr><\/table><\/center>" }, "geometry": { "type": "Point", "coordinates": [ 103.853915231198002, 1.32218289081372, 0.0 ] } },
{ "type": "Feature", "properties": { "Name": "kml_4", "Description": "<center><table><tr><th colspan='2' align='center'><em>Attributes<\/em><\/th><\/tr><tr bgcolor=\"#E3E3F3\"> <th>ADDRESSBLOCKHOUSENUMBER<\/th> <td><\/td> <\/tr><tr bgcolor=\"\"> <th>ADDRESSBUILDINGNAME<\/th> <td><\/td> <\/tr><tr bgcolor=\"#E3E3F3\"> <th>ADDRESSPOSTALCODE<\/th> <td>168751<\/td> <\/tr><tr bgcolor=\"\"> <th>ADDRESSSTREETNAME<\/th> <td>11 Third Hospital Avenue Singapore  National Eye Centre Singapore<\/td> <\/tr><tr bgcolor=\"#E3E3F3\"> <th>ADDRESSTYPE<\/th> <td><\/td> <\/tr><tr bgcolor=\"\"> <th>DESCRIPTION<\/th> <td><\/td> <\/tr><tr bgcolor=\"#E3E3F3\"> <th>HYPERLINK<\/th> <td>http:\/\/www.savh.org.sg<\/td> <\/tr><tr bgcolor=\"\"> <th>LANDXADDRESSPOINT<\/th> <td>0<\/td> <\/tr><tr bgcolor=\"#E3E3F3\"> <th>LANDYADDRESSPOINT<\/th> <td>0<\/td> <\/tr><tr bgcolor=\"\"> <th>NAME<\/th> <td>Singapore Association of the Visually Handicapped Satellite (SAVH Low Vision Clinic)<\/td> <\/tr><tr bgcolor=\"#E3E3F3\"> <th>PHOTOURL<\/th> <td><\/td> <\/tr><tr bgcolor=\"\"> <th>ADDRESSFLOORNUMBER<\/th> <td><\/td> <\/tr><tr bgcolor=\"#E3E3F3\"> <th>INC_CRC<\/th> <td>C9058F227C0C5DDC<\/td> <\/tr><tr bgcolor=\"\"> <th>FMEL_UPD_D<\/th> <td>20121122110138<\/td> <\/tr><tr bgcolor=\"#E3E3F3\"> <th>ADDRESSUNITNUMBER<\/th> <td><\/td> <\/tr><\/table><\/center>" }, "geometry": { "type": "Point", "coordinates": [ 103.836042399377007, 1.28089273470071, 0.0 ] } },
{ "type": "Feature", "properties": { "Name": "kml_5", "Description": "<center><table><tr><th colspan='2' align='center'><em>Attributes<\/em><\/th><\/tr><tr bgcolor=\"#E3E3F3\"> <th>ADDRESSBLOCKHOUSENUMBER<\/th> <td><\/td> <\/tr><tr bgcolor=\"\"> <th>ADDRESSBUILDINGNAME<\/th> <td><\/td> <\/tr><tr bgcolor=\"#E3E3F3\"> <th>ADDRESSPOSTALCODE<\/th> <td>298104<\/td> <\/tr><tr bgcolor=\"\"> <th>ADDRESSSTREETNAME<\/th> <td>47 Toa Payoh Rise Singapore<\/td> <\/tr><tr bgcolor=\"#E3E3F3\"> <th>ADDRESSTYPE<\/th> <td><\/td> <\/tr><tr bgcolor=\"\"> <th>DESCRIPTION<\/th> <td><\/td> <\/tr><tr bgcolor=\"#E3E3F3\"> <th>HYPERLINK<\/th> <td>http:\/\/www.savh.org.sg<\/td> <\/tr><tr bgcolor=\"\"> <th>LANDXADDRESSPOINT<\/th> <td>0<\/td> <\/tr><tr bgcolor=\"#E3E3F3\"> <th>LANDYADDRESSPOINT<\/th> <td>0<\/td> <\/tr><tr bgcolor=\"\"> <th>NAME<\/th> <td>Singapore Association of the Visually Handicapped SAVH Low Vision Clinic<\/td> <\/tr><tr bgcolor=\"#E3E3F3\"> <th>PHOTOURL<\/th> <td><\/td> <\/tr><tr bgcolor=\"\"> <th>ADDRESSFLOORNUMBER<\/th> <td><\/td> <\/tr><tr bgcolor=\"#E3E3F3\"> <th>INC_CRC<\/th> <td>7D9C5539F2158F42<\/td> <\/tr><tr bgcolor=\"\"> <th>FMEL_UPD_D<\/th> <td>20121122110138<\/td> <\/tr><tr bgcolor=\"#E3E3F3\"> <th>ADDRESSUNITNUMBER<\/th> <td><\/td> <\/tr><\/table><\/center>" }, "geometry": { "type": "Point", "coordinates": [ 103.839883024253993, 1.33831609948556, 0.0 ] } },
{ "type": "Feature", "properties": { "Name": "kml_6", "Description": "<center><table><tr><th colspan='2' align='center'><em>Attributes<\/em><\/th><\/tr><tr bgcolor=\"#E3E3F3\"> <th>ADDRESSBLOCKHOUSENUMBER<\/th> <td><\/td> <\/tr><tr bgcolor=\"\"> <th>ADDRESSBUILDINGNAME<\/th> <td><\/td> <\/tr><tr bgcolor=\"#E3E3F3\"> <th>ADDRESSPOSTALCODE<\/th> <td>419494<\/td> <\/tr><tr bgcolor=\"\"> <th>ADDRESSSTREETNAME<\/th> <td>20 Jalan Eunos Singapore<\/td> <\/tr><tr bgcolor=\"#E3E3F3\"> <th>ADDRESSTYPE<\/th> <td><\/td> <\/tr><tr bgcolor=\"\"> <th>DESCRIPTION<\/th> <td><\/td> <\/tr><tr bgcolor=\"#E3E3F3\"> <th>HYPERLINK<\/th> <td>http:\/\/www.thkmc.org.sg<\/td> <\/tr><tr bgcolor=\"\"> <th>LANDXADDRESSPOINT<\/th> <td>0<\/td> <\/tr><tr bgcolor=\"#E3E3F3\"> <th>LANDYADDRESSPOINT<\/th> <td>0<\/td> <\/tr><tr bgcolor=\"\"> <th>NAME<\/th> <td>Thye Hua Kwan Moral Charities (THKMC) THK Home for Disabled @ Eunos<\/td> <\/tr><tr bgcolor=\"#E3E3F3\"> <th>PHOTOURL<\/th> <td><\/td> <\/tr><tr bgcolor=\"\"> <th>ADDRESSFLOORNUMBER<\/th> <td><\/td> <\/tr><tr bgcolor=\"#E3E3F3\"> <th>INC_CRC<\/th> <td>9F325CE419A49463<\/td> <\/tr><tr bgcolor=\"\"> <th>FMEL_UPD_D<\/th> <td>20121219111652<\/td> <\/tr><tr bgcolor=\"#E3E3F3\"> <th>ADDRESSUNITNUMBER<\/th> <td><\/td> <\/tr><\/table><\/center>" }, "geometry": { "type": "Point", "coordinates": [ 103.905412045168006, 1.31903241395392, 0.0 ] } },
{ "type": "Feature", "properties": { "Name": "kml_7", "Description": "<center><table><tr><th colspan='2' align='center'><em>Attributes<\/em><\/th><\/tr><tr bgcolor=\"#E3E3F3\"> <th>ADDRESSBLOCKHOUSENUMBER<\/th> <td><\/td> <\/tr><tr bgcolor=\"\"> <th>ADDRESSBUILDINGNAME<\/th> <td><\/td> <\/tr><tr bgcolor=\"#E3E3F3\"> <th>ADDRESSPOSTALCODE<\/th> <td>168955<\/td> <\/tr><tr bgcolor=\"\"> <th>ADDRESSSTREETNAME<\/th> <td>2 Peng Nguan Street SPD Ability Centre Singapore<\/td> <\/tr><tr bgcolor=\"#E3E3F3\"> <th>ADDRESSTYPE<\/th> <td><\/td> <\/tr><tr bgcolor=\"\"> <th>DESCRIPTION<\/th> <td><\/td> <\/tr><tr bgcolor=\"#E3E3F3\"> <th>HYPERLINK<\/th> <td>http:\/\/www.spd.org.sg<\/td> <\/tr><tr bgcolor=\"\"> <th>LANDXADDRESSPOINT<\/th> <td>0<\/td> <\/tr><tr bgcolor=\"#E3E3F3\"> <th>LANDYADDRESSPOINT<\/th> <td>0<\/td> <\/tr><tr bgcolor=\"\"> <th>NAME<\/th> <td>Society for the Physically Disabled (Peng Nguan Street) SPD Rehabilitation Centre<\/td> <\/tr><tr bgcolor=\"#E3E3F3\"> <th>PHOTOURL<\/th> <td><\/td> <\/tr><tr bgcolor=\"\"> <th>ADDRESSFLOORNUMBER<\/th> <td><\/td> <\/tr><tr bgcolor=\"#E3E3F3\"> <th>INC_CRC<\/th> <td>10CD984867C09CD4<\/td> <\/tr><tr bgcolor=\"\"> <th>FMEL_UPD_D<\/th> <td>20121122110139<\/td> <\/tr><tr bgcolor=\"#E3E3F3\"> <th>ADDRESSUNITNUMBER<\/th> <td><\/td> <\/tr><\/table><\/center>" }, "geometry": { "type": "Point", "coordinates": [ 103.831105756194006, 1.28197433392447, 0.0 ] } },
{ "type": "Feature", "properties": { "Name": "kml_8", "Description": "<center><table><tr><th colspan='2' align='center'><em>Attributes<\/em><\/th><\/tr><tr bgcolor=\"#E3E3F3\"> <th>ADDRESSBLOCKHOUSENUMBER<\/th> <td><\/td> <\/tr><tr bgcolor=\"\"> <th>ADDRESSBUILDINGNAME<\/th> <td><\/td> <\/tr><tr bgcolor=\"#E3E3F3\"> <th>ADDRESSPOSTALCODE<\/th> <td>520866<\/td> <\/tr><tr bgcolor=\"\"> <th>ADDRESSSTREETNAME<\/th> <td>Blk 866 Tampines Street 83 #01-237 Singapore<\/td> <\/tr><tr bgcolor=\"#E3E3F3\"> <th>ADDRESSTYPE<\/th> <td><\/td> <\/tr><tr bgcolor=\"\"> <th>DESCRIPTION<\/th> <td><\/td> <\/tr><tr bgcolor=\"#E3E3F3\"> <th>HYPERLINK<\/th> <td>http:\/\/www.spd.org.sg<\/td> <\/tr><tr bgcolor=\"\"> <th>LANDXADDRESSPOINT<\/th> <td>0<\/td> <\/tr><tr bgcolor=\"#E3E3F3\"> <th>LANDYADDRESSPOINT<\/th> <td>0<\/td> <\/tr><tr bgcolor=\"\"> <th>NAME<\/th> <td>Society for the Physically Disabled (Tampines) SPD@Tampines<\/td> <\/tr><tr bgcolor=\"#E3E3F3\"> <th>PHOTOURL<\/th> <td><\/td> <\/tr><tr bgcolor=\"\"> <th>ADDRESSFLOORNUMBER<\/th> <td><\/td> <\/tr><tr bgcolor=\"#E3E3F3\"> <th>INC_CRC<\/th> <td>5BA162E268AE46F5<\/td> <\/tr><tr bgcolor=\"\"> <th>FMEL_UPD_D<\/th> <td>20121122110139<\/td> <\/tr><tr bgcolor=\"#E3E3F3\"> <th>ADDRESSUNITNUMBER<\/th> <td><\/td> <\/tr><\/table><\/center>" }, "geometry": { "type": "Point", "coordinates": [ 103.934460828957, 1.35425002318785, 0.0 ] } },
{ "type": "Feature", "properties": { "Name": "kml_9", "Description": "<center><table><tr><th colspan='2' align='center'><em>Attributes<\/em><\/th><\/tr><tr bgcolor=\"#E3E3F3\"> <th>ADDRESSBLOCKHOUSENUMBER<\/th> <td><\/td> <\/tr><tr bgcolor=\"\"> <th>ADDRESSBUILDINGNAME<\/th> <td><\/td> <\/tr><tr bgcolor=\"#E3E3F3\"> <th>ADDRESSPOSTALCODE<\/th> <td>519529<\/td> <\/tr><tr bgcolor=\"\"> <th>ADDRESSSTREETNAME<\/th> <td>65 Pasir Ris Drive 1 Cerebral Palsy Centre Singapore<\/td> <\/tr><tr bgcolor=\"#E3E3F3\"> <th>ADDRESSTYPE<\/th> <td><\/td> <\/tr><tr bgcolor=\"\"> <th>DESCRIPTION<\/th> <td><\/td> <\/tr><tr bgcolor=\"#E3E3F3\"> <th>HYPERLINK<\/th> <td>http:\/\/www.spastic.org.sg<\/td> <\/tr><tr bgcolor=\"\"> <th>LANDXADDRESSPOINT<\/th> <td>0<\/td> <\/tr><tr bgcolor=\"#E3E3F3\"> <th>LANDYADDRESSPOINT<\/th> <td>0<\/td> <\/tr><tr bgcolor=\"\"> <th>NAME<\/th> <td>Spastic Children's Association of Singapore<\/td> <\/tr><tr bgcolor=\"#E3E3F3\"> <th>PHOTOURL<\/th> <td><\/td> <\/tr><tr bgcolor=\"\"> <th>ADDRESSFLOORNUMBER<\/th> <td><\/td> <\/tr><tr bgcolor=\"#E3E3F3\"> <th>INC_CRC<\/th> <td>26ACBB42504F986C<\/td> <\/tr><tr bgcolor=\"\"> <th>FMEL_UPD_D<\/th> <td>20121122110139<\/td> <\/tr><tr bgcolor=\"#E3E3F3\"> <th>ADDRESSUNITNUMBER<\/th> <td><\/td> <\/tr><\/table><\/center>" }, "geometry": { "type": "Point", "coordinates": [ 103.939412836889005, 1.37514156954505, 0.0 ] } },
{ "type": "Feature", "properties": { "Name": "kml_10", "Description": "<center><table><tr><th colspan='2' align='center'><em>Attributes<\/em><\/th><\/tr><tr bgcolor=\"#E3E3F3\"> <th>ADDRESSBLOCKHOUSENUMBER<\/th> <td><\/td> <\/tr><tr bgcolor=\"\"> <th>ADDRESSBUILDINGNAME<\/th> <td><\/td> <\/tr><tr bgcolor=\"#E3E3F3\"> <th>ADDRESSPOSTALCODE<\/th> <td>419494<\/td> <\/tr><tr bgcolor=\"\"> <th>ADDRESSSTREETNAME<\/th> <td>20 Jalan Eunos Singapore<\/td> <\/tr><tr bgcolor=\"#E3E3F3\"> <th>ADDRESSTYPE<\/th> <td><\/td> <\/tr><tr bgcolor=\"\"> <th>DESCRIPTION<\/th> <td><\/td> <\/tr><tr bgcolor=\"#E3E3F3\"> <th>HYPERLINK<\/th> <td>http:\/\/www.thkmsc.org.sg<\/td> <\/tr><tr bgcolor=\"\"> <th>LANDXADDRESSPOINT<\/th> <td>0<\/td> <\/tr><tr bgcolor=\"#E3E3F3\"> <th>LANDYADDRESSPOINT<\/th> <td>0<\/td> <\/tr><tr bgcolor=\"\"> <th>NAME<\/th> <td>Thye Hua Kwan Moral Charities (THKMC) THK Home for Disabled @ Eunos<\/td> <\/tr><tr bgcolor=\"#E3E3F3\"> <th>PHOTOURL<\/th> <td><\/td> <\/tr><tr bgcolor=\"\"> <th>ADDRESSFLOORNUMBER<\/th> <td><\/td> <\/tr><tr bgcolor=\"#E3E3F3\"> <th>INC_CRC<\/th> <td>9F325CE4DB4EBBBD<\/td> <\/tr><tr bgcolor=\"\"> <th>FMEL_UPD_D<\/th> <td>20121219111652<\/td> <\/tr><tr bgcolor=\"#E3E3F3\"> <th>ADDRESSUNITNUMBER<\/th> <td><\/td> <\/tr><\/table><\/center>" }, "geometry": { "type": "Point", "coordinates": [ 103.905412045168006, 1.31903241395392, 0.0 ] } },
{ "type": "Feature", "properties": { "Name": "kml_11", "Description": "<center><table><tr><th colspan='2' align='center'><em>Attributes<\/em><\/th><\/tr><tr bgcolor=\"#E3E3F3\"> <th>ADDRESSBLOCKHOUSENUMBER<\/th> <td><\/td> <\/tr><tr bgcolor=\"\"> <th>ADDRESSBUILDINGNAME<\/th> <td><\/td> <\/tr><tr bgcolor=\"#E3E3F3\"> <th>ADDRESSPOSTALCODE<\/th> <td>670141<\/td> <\/tr><tr bgcolor=\"\"> <th>ADDRESSSTREETNAME<\/th> <td>Blk 141 Petir Road #01-270 Singapore<\/td> <\/tr><tr bgcolor=\"#E3E3F3\"> <th>ADDRESSTYPE<\/th> <td><\/td> <\/tr><tr bgcolor=\"\"> <th>DESCRIPTION<\/th> <td><\/td> <\/tr><tr bgcolor=\"#E3E3F3\"> <th>HYPERLINK<\/th> <td>http:\/\/www.thkms.org.sg<\/td> <\/tr><tr bgcolor=\"\"> <th>LANDXADDRESSPOINT<\/th> <td>0<\/td> <\/tr><tr bgcolor=\"#E3E3F3\"> <th>LANDYADDRESSPOINT<\/th> <td>0<\/td> <\/tr><tr bgcolor=\"\"> <th>NAME<\/th> <td>Thye Hua Kwan Moral Society (THKMS) Moral Student Care Centre (Bukit Panjang)<\/td> <\/tr><tr bgcolor=\"#E3E3F3\"> <th>PHOTOURL<\/th> <td><\/td> <\/tr><tr bgcolor=\"\"> <th>ADDRESSFLOORNUMBER<\/th> <td><\/td> <\/tr><tr bgcolor=\"#E3E3F3\"> <th>INC_CRC<\/th> <td>47A0B5DA575DDD91<\/td> <\/tr><tr bgcolor=\"\"> <th>FMEL_UPD_D<\/th> <td>20121219111653<\/td> <\/tr><tr bgcolor=\"#E3E3F3\"> <th>ADDRESSUNITNUMBER<\/th> <td><\/td> <\/tr><\/table><\/center>" }, "geometry": { "type": "Point", "coordinates": [ 103.768135694009999, 1.37587154742981, 0.0 ] } },
{ "type": "Feature", "properties": { "Name": "kml_12", "Description": "<center><table><tr><th colspan='2' align='center'><em>Attributes<\/em><\/th><\/tr><tr bgcolor=\"#E3E3F3\"> <th>ADDRESSBLOCKHOUSENUMBER<\/th> <td><\/td> <\/tr><tr bgcolor=\"\"> <th>ADDRESSBUILDINGNAME<\/th> <td><\/td> <\/tr><tr bgcolor=\"#E3E3F3\"> <th>ADDRESSPOSTALCODE<\/th> <td>419494<\/td> <\/tr><tr bgcolor=\"\"> <th>ADDRESSSTREETNAME<\/th> <td>20 Jalan Eunos Singapore<\/td> <\/tr><tr bgcolor=\"#E3E3F3\"> <th>ADDRESSTYPE<\/th> <td><\/td> <\/tr><tr bgcolor=\"\"> <th>DESCRIPTION<\/th> <td><\/td> <\/tr><tr bgcolor=\"#E3E3F3\"> <th>HYPERLINK<\/th> <td>http:\/\/www.thkmc.org.sg<\/td> <\/tr><tr bgcolor=\"\"> <th>LANDXADDRESSPOINT<\/th> <td>0<\/td> <\/tr><tr bgcolor=\"#E3E3F3\"> <th>LANDYADDRESSPOINT<\/th> <td>0<\/td> <\/tr><tr bgcolor=\"\"> <th>NAME<\/th> <td>Thye Hua Kwan Moral Society Charities (THKMC) Moral Hostel for the Disabled THK Home for Disabled @ Eunos<\/td> <\/tr><tr bgcolor=\"#E3E3F3\"> <th>PHOTOURL<\/th> <td><\/td> <\/tr><tr bgcolor=\"\"> <th>ADDRESSFLOORNUMBER<\/th> <td><\/td> <\/tr><tr bgcolor=\"#E3E3F3\"> <th>INC_CRC<\/th> <td>9F325CE44EAC652D<\/td> <\/tr><tr bgcolor=\"\"> <th>FMEL_UPD_D<\/th> <td>20121219111653<\/td> <\/tr><tr bgcolor=\"#E3E3F3\"> <th>ADDRESSUNITNUMBER<\/th> <td><\/td> <\/tr><\/table><\/center>" }, "geometry": { "type": "Point", "coordinates": [ 103.905412045168006, 1.31903241395392, 0.0 ] } },
{ "type": "Feature", "properties": { "Name": "kml_13", "Description": "<center><table><tr><th colspan='2' align='center'><em>Attributes<\/em><\/th><\/tr><tr bgcolor=\"#E3E3F3\"> <th>ADDRESSBLOCKHOUSENUMBER<\/th> <td><\/td> <\/tr><tr bgcolor=\"\"> <th>ADDRESSBUILDINGNAME<\/th> <td><\/td> <\/tr><tr bgcolor=\"#E3E3F3\"> <th>ADDRESSPOSTALCODE<\/th> <td>169051<\/td> <\/tr><tr bgcolor=\"\"> <th>ADDRESSSTREETNAME<\/th> <td>254 Outram Road Singapore<\/td> <\/tr><tr bgcolor=\"#E3E3F3\"> <th>ADDRESSTYPE<\/th> <td><\/td> <\/tr><tr bgcolor=\"\"> <th>DESCRIPTION<\/th> <td><\/td> <\/tr><tr bgcolor=\"#E3E3F3\"> <th>HYPERLINK<\/th> <td>nof.ywca.org.sg<\/td> <\/tr><tr bgcolor=\"\"> <th>LANDXADDRESSPOINT<\/th> <td>0<\/td> <\/tr><tr bgcolor=\"#E3E3F3\"> <th>LANDYADDRESSPOINT<\/th> <td>0<\/td> <\/tr><tr bgcolor=\"\"> <th>NAME<\/th> <td>YWCA Child Development Centre (Outram)<\/td> <\/tr><tr bgcolor=\"#E3E3F3\"> <th>PHOTOURL<\/th> <td><\/td> <\/tr><tr bgcolor=\"\"> <th>ADDRESSFLOORNUMBER<\/th> <td><\/td> <\/tr><tr bgcolor=\"#E3E3F3\"> <th>INC_CRC<\/th> <td>0193791F2F023280<\/td> <\/tr><tr bgcolor=\"\"> <th>FMEL_UPD_D<\/th> <td>20121219111654<\/td> <\/tr><tr bgcolor=\"#E3E3F3\"> <th>ADDRESSUNITNUMBER<\/th> <td><\/td> <\/tr><\/table><\/center>" }, "geometry": { "type": "Point", "coordinates": [ 103.835560542655998, 1.28576539277067, 0.0 ] } },
{ "type": "Feature", "properties": { "Name": "kml_14", "Description": "<center><table><tr><th colspan='2' align='center'><em>Attributes<\/em><\/th><\/tr><tr bgcolor=\"#E3E3F3\"> <th>ADDRESSBLOCKHOUSENUMBER<\/th> <td><\/td> <\/tr><tr bgcolor=\"\"> <th>ADDRESSBUILDINGNAME<\/th> <td><\/td> <\/tr><tr bgcolor=\"#E3E3F3\"> <th>ADDRESSPOSTALCODE<\/th> <td>397998<\/td> <\/tr><tr bgcolor=\"\"> <th>ADDRESSSTREETNAME<\/th> <td>227 Mountbatten Road Singapore<\/td> <\/tr><tr bgcolor=\"#E3E3F3\"> <th>ADDRESSTYPE<\/th> <td><\/td> <\/tr><tr bgcolor=\"\"> <th>DESCRIPTION<\/th> <td><\/td> <\/tr><tr bgcolor=\"#E3E3F3\"> <th>HYPERLINK<\/th> <td>http:\/\/www.ssd.edu.sg<\/td> <\/tr><tr bgcolor=\"\"> <th>LANDXADDRESSPOINT<\/th> <td>0<\/td> <\/tr><tr bgcolor=\"#E3E3F3\"> <th>LANDYADDRESSPOINT<\/th> <td>0<\/td> <\/tr><tr bgcolor=\"\"> <th>NAME<\/th> <td>Singapore School for the Deaf SSD Educational Audiology<\/td> <\/tr><tr bgcolor=\"#E3E3F3\"> <th>PHOTOURL<\/th> <td><\/td> <\/tr><tr bgcolor=\"\"> <th>ADDRESSFLOORNUMBER<\/th> <td><\/td> <\/tr><tr bgcolor=\"#E3E3F3\"> <th>INC_CRC<\/th> <td>CBECC49A31C0681A<\/td> <\/tr><tr bgcolor=\"\"> <th>FMEL_UPD_D<\/th> <td>20121219111649<\/td> <\/tr><tr bgcolor=\"#E3E3F3\"> <th>ADDRESSUNITNUMBER<\/th> <td><\/td> <\/tr><\/table><\/center>" }, "geometry": { "type": "Point", "coordinates": [ 103.879886320645994, 1.30762025848808, 0.0 ] } },
{ "type": "Feature", "properties": { "Name": "kml_15", "Description": "<center><table><tr><th colspan='2' align='center'><em>Attributes<\/em><\/th><\/tr><tr bgcolor=\"#E3E3F3\"> <th>ADDRESSBLOCKHOUSENUMBER<\/th> <td><\/td> <\/tr><tr bgcolor=\"\"> <th>ADDRESSBUILDINGNAME<\/th> <td><\/td> <\/tr><tr bgcolor=\"#E3E3F3\"> <th>ADDRESSPOSTALCODE<\/th> <td>579837<\/td> <\/tr><tr bgcolor=\"\"> <th>ADDRESSSTREETNAME<\/th> <td>9 Bishan Place #06-04 Bishan Junction 8 Office Tower Singapore<\/td> <\/tr><tr bgcolor=\"#E3E3F3\"> <th>ADDRESSTYPE<\/th> <td><\/td> <\/tr><tr bgcolor=\"\"> <th>DESCRIPTION<\/th> <td><\/td> <\/tr><tr bgcolor=\"#E3E3F3\"> <th>HYPERLINK<\/th> <td>http:\/\/www.downsyndrome-singapore.org<\/td> <\/tr><tr bgcolor=\"\"> <th>LANDXADDRESSPOINT<\/th> <td>0<\/td> <\/tr><tr bgcolor=\"#E3E3F3\"> <th>LANDYADDRESSPOINT<\/th> <td>0<\/td> <\/tr><tr bgcolor=\"\"> <th>NAME<\/th> <td>Down Syndrome Association<\/td> <\/tr><tr bgcolor=\"#E3E3F3\"> <th>PHOTOURL<\/th> <td><\/td> <\/tr><tr bgcolor=\"\"> <th>ADDRESSFLOORNUMBER<\/th> <td><\/td> <\/tr><tr bgcolor=\"#E3E3F3\"> <th>INC_CRC<\/th> <td>3EF20E9443C45D92<\/td> <\/tr><tr bgcolor=\"\"> <th>FMEL_UPD_D<\/th> <td>20121122110139<\/td> <\/tr><tr bgcolor=\"#E3E3F3\"> <th>ADDRESSUNITNUMBER<\/th> <td><\/td> <\/tr><\/table><\/center>" }, "geometry": { "type": "Point", "coordinates": [ 103.848760808860007, 1.35048197875026, 0.0 ] } },
{ "type": "Feature", "properties": { "Name": "kml_16", "Description": "<center><table><tr><th colspan='2' align='center'><em>Attributes<\/em><\/th><\/tr><tr bgcolor=\"#E3E3F3\"> <th>ADDRESSBLOCKHOUSENUMBER<\/th> <td><\/td> <\/tr><tr bgcolor=\"\"> <th>ADDRESSBUILDINGNAME<\/th> <td><\/td> <\/tr><tr bgcolor=\"#E3E3F3\"> <th>ADDRESSPOSTALCODE<\/th> <td>579837<\/td> <\/tr><tr bgcolor=\"\"> <th>ADDRESSSTREETNAME<\/th> <td>9 Bishan Place #06-01 Junction 8 Singapore<\/td> <\/tr><tr bgcolor=\"#E3E3F3\"> <th>ADDRESSTYPE<\/th> <td><\/td> <\/tr><tr bgcolor=\"\"> <th>DESCRIPTION<\/th> <td><\/td> <\/tr><tr bgcolor=\"#E3E3F3\"> <th>HYPERLINK<\/th> <td>http:\/\/www.mdas.org.sg<\/td> <\/tr><tr bgcolor=\"\"> <th>LANDXADDRESSPOINT<\/th> <td>0<\/td> <\/tr><tr bgcolor=\"#E3E3F3\"> <th>LANDYADDRESSPOINT<\/th> <td>0<\/td> <\/tr><tr bgcolor=\"\"> <th>NAME<\/th> <td>Muscular Dystrophy Association (Singapore)<\/td> <\/tr><tr bgcolor=\"#E3E3F3\"> <th>PHOTOURL<\/th> <td><\/td> <\/tr><tr bgcolor=\"\"> <th>ADDRESSFLOORNUMBER<\/th> <td><\/td> <\/tr><tr bgcolor=\"#E3E3F3\"> <th>INC_CRC<\/th> <td>3EF20E941F439B46<\/td> <\/tr><tr bgcolor=\"\"> <th>FMEL_UPD_D<\/th> <td>20121122110139<\/td> <\/tr><tr bgcolor=\"#E3E3F3\"> <th>ADDRESSUNITNUMBER<\/th> <td><\/td> <\/tr><\/table><\/center>" }, "geometry": { "type": "Point", "coordinates": [ 103.848760808860007, 1.35048197875026, 0.0 ] } },
{ "type": "Feature", "properties": { "Name": "kml_17", "Description": "<center><table><tr><th colspan='2' align='center'><em>Attributes<\/em><\/th><\/tr><tr bgcolor=\"#E3E3F3\"> <th>ADDRESSBLOCKHOUSENUMBER<\/th> <td><\/td> <\/tr><tr bgcolor=\"\"> <th>ADDRESSBUILDINGNAME<\/th> <td><\/td> <\/tr><tr bgcolor=\"#E3E3F3\"> <th>ADDRESSPOSTALCODE<\/th> <td>169832<\/td> <\/tr><tr bgcolor=\"\"> <th>ADDRESSSTREETNAME<\/th> <td>20 Delta Avenue Singapore<\/td> <\/tr><tr bgcolor=\"#E3E3F3\"> <th>ADDRESSTYPE<\/th> <td><\/td> <\/tr><tr bgcolor=\"\"> <th>DESCRIPTION<\/th> <td><\/td> <\/tr><tr bgcolor=\"#E3E3F3\"> <th>HYPERLINK<\/th> <td>http:\/\/www.apsn.org.sg<\/td> <\/tr><tr bgcolor=\"\"> <th>LANDXADDRESSPOINT<\/th> <td>0<\/td> <\/tr><tr bgcolor=\"#E3E3F3\"> <th>LANDYADDRESSPOINT<\/th> <td>0<\/td> <\/tr><tr bgcolor=\"\"> <th>NAME<\/th> <td>Association For Persons With Special Needs (APSN)                                             Delta Senior School<\/td> <\/tr><tr bgcolor=\"#E3E3F3\"> <th>PHOTOURL<\/th> <td><\/td> <\/tr><tr bgcolor=\"\"> <th>ADDRESSFLOORNUMBER<\/th> <td><\/td> <\/tr><tr bgcolor=\"#E3E3F3\"> <th>INC_CRC<\/th> <td>5FDE5A1E79328EBC<\/td> <\/tr><tr bgcolor=\"\"> <th>FMEL_UPD_D<\/th> <td>20121219111639<\/td> <\/tr><tr bgcolor=\"#E3E3F3\"> <th>ADDRESSUNITNUMBER<\/th> <td><\/td> <\/tr><\/table><\/center>" }, "geometry": { "type": "Point", "coordinates": [ 103.829391486755, 1.29166418297418, 0.0 ] } },
{ "type": "Feature", "properties": { "Name": "kml_18", "Description": "<center><table><tr><th colspan='2' align='center'><em>Attributes<\/em><\/th><\/tr><tr bgcolor=\"#E3E3F3\"> <th>ADDRESSBLOCKHOUSENUMBER<\/th> <td><\/td> <\/tr><tr bgcolor=\"\"> <th>ADDRESSBUILDINGNAME<\/th> <td><\/td> <\/tr><tr bgcolor=\"#E3E3F3\"> <th>ADDRESSPOSTALCODE<\/th> <td>569739<\/td> <\/tr><tr bgcolor=\"\"> <th>ADDRESSSTREETNAME<\/th> <td>5 Ang Mo Kio Avenue 10 Singapore<\/td> <\/tr><tr bgcolor=\"#E3E3F3\"> <th>ADDRESSTYPE<\/th> <td><\/td> <\/tr><tr bgcolor=\"\"> <th>DESCRIPTION<\/th> <td><\/td> <\/tr><tr bgcolor=\"#E3E3F3\"> <th>HYPERLINK<\/th> <td>http:\/\/www.wecaneip.com<\/td> <\/tr><tr bgcolor=\"\"> <th>LANDXADDRESSPOINT<\/th> <td>0<\/td> <\/tr><tr bgcolor=\"#E3E3F3\"> <th>LANDYADDRESSPOINT<\/th> <td>0<\/td> <\/tr><tr bgcolor=\"\"> <th>NAME<\/th> <td>Autism Resource Centre                                                                                                  WeCAN Early Intervention Programme<\/td> <\/tr><tr bgcolor=\"#E3E3F3\"> <th>PHOTOURL<\/th> <td><\/td> <\/tr><tr bgcolor=\"\"> <th>ADDRESSFLOORNUMBER<\/th> <td><\/td> <\/tr><tr bgcolor=\"#E3E3F3\"> <th>INC_CRC<\/th> <td>9182CEE5B07427A8<\/td> <\/tr><tr bgcolor=\"\"> <th>FMEL_UPD_D<\/th> <td>20121219111640<\/td> <\/tr><tr bgcolor=\"#E3E3F3\"> <th>ADDRESSUNITNUMBER<\/th> <td><\/td> <\/tr><\/table><\/center>" }, "geometry": { "type": "Point", "coordinates": [ 103.854575322337993, 1.35968882568382, 0.0 ] } },
{ "type": "Feature", "properties": { "Name": "kml_19", "Description": "<center><table><tr><th colspan='2' align='center'><em>Attributes<\/em><\/th><\/tr><tr bgcolor=\"#E3E3F3\"> <th>ADDRESSBLOCKHOUSENUMBER<\/th> <td><\/td> <\/tr><tr bgcolor=\"\"> <th>ADDRESSBUILDINGNAME<\/th> <td><\/td> <\/tr><tr bgcolor=\"#E3E3F3\"> <th>ADDRESSPOSTALCODE<\/th> <td>569739<\/td> <\/tr><tr bgcolor=\"\"> <th>ADDRESSSTREETNAME<\/th> <td>5 Ang Mo Kio Avenue 10 Singapore<\/td> <\/tr><tr bgcolor=\"#E3E3F3\"> <th>ADDRESSTYPE<\/th> <td><\/td> <\/tr><tr bgcolor=\"\"> <th>DESCRIPTION<\/th> <td><\/td> <\/tr><tr bgcolor=\"#E3E3F3\"> <th>HYPERLINK<\/th> <td>http:\/\/www.pathlight.org.sg<\/td> <\/tr><tr bgcolor=\"\"> <th>LANDXADDRESSPOINT<\/th> <td>0<\/td> <\/tr><tr bgcolor=\"#E3E3F3\"> <th>LANDYADDRESSPOINT<\/th> <td>0<\/td> <\/tr><tr bgcolor=\"\"> <th>NAME<\/th> <td>Autism Resource Centre (Singapore)                                                                              Pathlight School<\/td> <\/tr><tr bgcolor=\"#E3E3F3\"> <th>PHOTOURL<\/th> <td><\/td> <\/tr><tr bgcolor=\"\"> <th>ADDRESSFLOORNUMBER<\/th> <td><\/td> <\/tr><tr bgcolor=\"#E3E3F3\"> <th>INC_CRC<\/th> <td>9182CEE5939EB988<\/td> <\/tr><tr bgcolor=\"\"> <th>FMEL_UPD_D<\/th> <td>20121219111640<\/td> <\/tr><tr bgcolor=\"#E3E3F3\"> <th>ADDRESSUNITNUMBER<\/th> <td><\/td> <\/tr><\/table><\/center>" }, "geometry": { "type": "Point", "coordinates": [ 103.854575322337993, 1.35968882568382, 0.0 ] } },
{ "type": "Feature", "properties": { "Name": "kml_20", "Description": "<center><table><tr><th colspan='2' align='center'><em>Attributes<\/em><\/th><\/tr><tr bgcolor=\"#E3E3F3\"> <th>ADDRESSBLOCKHOUSENUMBER<\/th> <td><\/td> <\/tr><tr bgcolor=\"\"> <th>ADDRESSBUILDINGNAME<\/th> <td><\/td> <\/tr><tr bgcolor=\"#E3E3F3\"> <th>ADDRESSPOSTALCODE<\/th> <td>569739<\/td> <\/tr><tr bgcolor=\"\"> <th>ADDRESSSTREETNAME<\/th> <td>5 Ang Mo Kio Avenue 10<\/td> <\/tr><tr bgcolor=\"#E3E3F3\"> <th>ADDRESSTYPE<\/th> <td><\/td> <\/tr><tr bgcolor=\"\"> <th>DESCRIPTION<\/th> <td><\/td> <\/tr><tr bgcolor=\"#E3E3F3\"> <th>HYPERLINK<\/th> <td>http:\/\/www.autism.org.sg<\/td> <\/tr><tr bgcolor=\"\"> <th>LANDXADDRESSPOINT<\/th> <td>0<\/td> <\/tr><tr bgcolor=\"#E3E3F3\"> <th>LANDYADDRESSPOINT<\/th> <td>0<\/td> <\/tr><tr bgcolor=\"\"> <th>NAME<\/th> <td>Autism Resource Centre (Singapore)                                                           Employability and Employment Centre<\/td> <\/tr><tr bgcolor=\"#E3E3F3\"> <th>PHOTOURL<\/th> <td><\/td> <\/tr><tr bgcolor=\"\"> <th>ADDRESSFLOORNUMBER<\/th> <td><\/td> <\/tr><tr bgcolor=\"#E3E3F3\"> <th>INC_CRC<\/th> <td>9182CEE56D952EAD<\/td> <\/tr><tr bgcolor=\"\"> <th>FMEL_UPD_D<\/th> <td>20121219111640<\/td> <\/tr><tr bgcolor=\"#E3E3F3\"> <th>ADDRESSUNITNUMBER<\/th> <td><\/td> <\/tr><\/table><\/center>" }, "geometry": { "type": "Point", "coordinates": [ 103.854575322337993, 1.35968882568382, 0.0 ] } },
{ "type": "Feature", "properties": { "Name": "kml_21", "Description": "<center><table><tr><th colspan='2' align='center'><em>Attributes<\/em><\/th><\/tr><tr bgcolor=\"#E3E3F3\"> <th>ADDRESSBLOCKHOUSENUMBER<\/th> <td><\/td> <\/tr><tr bgcolor=\"\"> <th>ADDRESSBUILDINGNAME<\/th> <td><\/td> <\/tr><tr bgcolor=\"#E3E3F3\"> <th>ADDRESSPOSTALCODE<\/th> <td>569739<\/td> <\/tr><tr bgcolor=\"\"> <th>ADDRESSSTREETNAME<\/th> <td>5 Ang Mo Kio Avenue 10<\/td> <\/tr><tr bgcolor=\"#E3E3F3\"> <th>ADDRESSTYPE<\/th> <td><\/td> <\/tr><tr bgcolor=\"\"> <th>DESCRIPTION<\/th> <td><\/td> <\/tr><tr bgcolor=\"#E3E3F3\"> <th>HYPERLINK<\/th> <td>http:\/\/www.autism.org.sg<\/td> <\/tr><tr bgcolor=\"\"> <th>LANDXADDRESSPOINT<\/th> <td>0<\/td> <\/tr><tr bgcolor=\"#E3E3F3\"> <th>LANDYADDRESSPOINT<\/th> <td>0<\/td> <\/tr><tr bgcolor=\"\"> <th>NAME<\/th> <td>Autism Resource Centre (Singapore)                                                           Employability and Employment Centre<\/td> <\/tr><tr bgcolor=\"#E3E3F3\"> <th>PHOTOURL<\/th> <td><\/td> <\/tr><tr bgcolor=\"\"> <th>ADDRESSFLOORNUMBER<\/th> <td><\/td> <\/tr><tr bgcolor=\"#E3E3F3\"> <th>INC_CRC<\/th> <td>9182CEE56D952EAD<\/td> <\/tr><tr bgcolor=\"\"> <th>FMEL_UPD_D<\/th> <td>20121219111640<\/td> <\/tr><tr bgcolor=\"#E3E3F3\"> <th>ADDRESSUNITNUMBER<\/th> <td><\/td> <\/tr><\/table><\/center>" }, "geometry": { "type": "Point", "coordinates": [ 103.854575322337993, 1.35968882568382, 0.0 ] } },
{ "type": "Feature", "properties": { "Name": "kml_22", "Description": "<center><table><tr><th colspan='2' align='center'><em>Attributes<\/em><\/th><\/tr><tr bgcolor=\"#E3E3F3\"> <th>ADDRESSBLOCKHOUSENUMBER<\/th> <td><\/td> <\/tr><tr bgcolor=\"\"> <th>ADDRESSBUILDINGNAME<\/th> <td><\/td> <\/tr><tr bgcolor=\"#E3E3F3\"> <th>ADDRESSPOSTALCODE<\/th> <td>387621<\/td> <\/tr><tr bgcolor=\"\"> <th>ADDRESSSTREETNAME<\/th> <td>No. 1 Sallim Road Gate 3 Singapore<\/td> <\/tr><tr bgcolor=\"#E3E3F3\"> <th>ADDRESSTYPE<\/th> <td><\/td> <\/tr><tr bgcolor=\"\"> <th>DESCRIPTION<\/th> <td><\/td> <\/tr><tr bgcolor=\"#E3E3F3\"> <th>HYPERLINK<\/th> <td>http:\/\/www.cch.org.sg<\/td> <\/tr><tr bgcolor=\"\"> <th>LANDXADDRESSPOINT<\/th> <td>0<\/td> <\/tr><tr bgcolor=\"#E3E3F3\"> <th>LANDYADDRESSPOINT<\/th> <td>0<\/td> <\/tr><tr bgcolor=\"\"> <th>NAME<\/th> <td>Canossaville Children's Home<\/td> <\/tr><tr bgcolor=\"#E3E3F3\"> <th>PHOTOURL<\/th> <td><\/td> <\/tr><tr bgcolor=\"\"> <th>ADDRESSFLOORNUMBER<\/th> <td><\/td> <\/tr><tr bgcolor=\"#E3E3F3\"> <th>INC_CRC<\/th> <td>A473EDFD289EA079<\/td> <\/tr><tr bgcolor=\"\"> <th>FMEL_UPD_D<\/th> <td>20121219111641<\/td> <\/tr><tr bgcolor=\"#E3E3F3\"> <th>ADDRESSUNITNUMBER<\/th> <td><\/td> <\/tr><\/table><\/center>" }, "geometry": { "type": "Point", "coordinates": [ 103.881692272687999, 1.32651297521103, 0.0 ] } },
{ "type": "Feature", "properties": { "Name": "kml_23", "Description": "<center><table><tr><th colspan='2' align='center'><em>Attributes<\/em><\/th><\/tr><tr bgcolor=\"#E3E3F3\"> <th>ADDRESSBLOCKHOUSENUMBER<\/th> <td><\/td> <\/tr><tr bgcolor=\"\"> <th>ADDRESSBUILDINGNAME<\/th> <td><\/td> <\/tr><tr bgcolor=\"#E3E3F3\"> <th>ADDRESSPOSTALCODE<\/th> <td>387621<\/td> <\/tr><tr bgcolor=\"\"> <th>ADDRESSSTREETNAME<\/th> <td>No. 1 Sallim Road Singapore<\/td> <\/tr><tr bgcolor=\"#E3E3F3\"> <th>ADDRESSTYPE<\/th> <td><\/td> <\/tr><tr bgcolor=\"\"> <th>DESCRIPTION<\/th> <td><\/td> <\/tr><tr bgcolor=\"#E3E3F3\"> <th>HYPERLINK<\/th> <td>http:\/\/www.cshi.com<\/td> <\/tr><tr bgcolor=\"\"> <th>LANDXADDRESSPOINT<\/th> <td>0<\/td> <\/tr><tr bgcolor=\"#E3E3F3\"> <th>LANDYADDRESSPOINT<\/th> <td>0<\/td> <\/tr><tr bgcolor=\"\"> <th>NAME<\/th> <td>Canossian School<\/td> <\/tr><tr bgcolor=\"#E3E3F3\"> <th>PHOTOURL<\/th> <td><\/td> <\/tr><tr bgcolor=\"\"> <th>ADDRESSFLOORNUMBER<\/th> <td><\/td> <\/tr><tr bgcolor=\"#E3E3F3\"> <th>INC_CRC<\/th> <td>A473EDFD4FFC7282<\/td> <\/tr><tr bgcolor=\"\"> <th>FMEL_UPD_D<\/th> <td>20121219111641<\/td> <\/tr><tr bgcolor=\"#E3E3F3\"> <th>ADDRESSUNITNUMBER<\/th> <td><\/td> <\/tr><\/table><\/center>" }, "geometry": { "type": "Point", "coordinates": [ 103.881692272687999, 1.32651297521103, 0.0 ] } },
{ "type": "Feature", "properties": { "Name": "kml_24", "Description": "<center><table><tr><th colspan='2' align='center'><em>Attributes<\/em><\/th><\/tr><tr bgcolor=\"#E3E3F3\"> <th>ADDRESSBLOCKHOUSENUMBER<\/th> <td><\/td> <\/tr><tr bgcolor=\"\"> <th>ADDRESSBUILDINGNAME<\/th> <td><\/td> <\/tr><tr bgcolor=\"#E3E3F3\"> <th>ADDRESSPOSTALCODE<\/th> <td>387621<\/td> <\/tr><tr bgcolor=\"\"> <th>ADDRESSSTREETNAME<\/th> <td>1 Sallim Road Singapore<\/td> <\/tr><tr bgcolor=\"#E3E3F3\"> <th>ADDRESSTYPE<\/th> <td><\/td> <\/tr><tr bgcolor=\"\"> <th>DESCRIPTION<\/th> <td><\/td> <\/tr><tr bgcolor=\"#E3E3F3\"> <th>HYPERLINK<\/th> <td>http:\/\/www.canossian.edu.sg<\/td> <\/tr><tr bgcolor=\"\"> <th>LANDXADDRESSPOINT<\/th> <td>0<\/td> <\/tr><tr bgcolor=\"#E3E3F3\"> <th>LANDYADDRESSPOINT<\/th> <td>0<\/td> <\/tr><tr bgcolor=\"\"> <th>NAME<\/th> <td>Canossian School Early Intervention Programme for Infants and Children<\/td> <\/tr><tr bgcolor=\"#E3E3F3\"> <th>PHOTOURL<\/th> <td><\/td> <\/tr><tr bgcolor=\"\"> <th>ADDRESSFLOORNUMBER<\/th> <td><\/td> <\/tr><tr bgcolor=\"#E3E3F3\"> <th>INC_CRC<\/th> <td>A473EDFDB292E4BE<\/td> <\/tr><tr bgcolor=\"\"> <th>FMEL_UPD_D<\/th> <td>20121219111641<\/td> <\/tr><tr bgcolor=\"#E3E3F3\"> <th>ADDRESSUNITNUMBER<\/th> <td><\/td> <\/tr><\/table><\/center>" }, "geometry": { "type": "Point", "coordinates": [ 103.881692272687999, 1.32651297521103, 0.0 ] } },
{ "type": "Feature", "properties": { "Name": "kml_25", "Description": "<center><table><tr><th colspan='2' align='center'><em>Attributes<\/em><\/th><\/tr><tr bgcolor=\"#E3E3F3\"> <th>ADDRESSBLOCKHOUSENUMBER<\/th> <td><\/td> <\/tr><tr bgcolor=\"\"> <th>ADDRESSBUILDINGNAME<\/th> <td><\/td> <\/tr><tr bgcolor=\"#E3E3F3\"> <th>ADDRESSPOSTALCODE<\/th> <td>397799<\/td> <\/tr><tr bgcolor=\"\"> <th>ADDRESSSTREETNAME<\/th> <td>230 Stadium Boulevard Singapore<\/td> <\/tr><tr bgcolor=\"#E3E3F3\"> <th>ADDRESSTYPE<\/th> <td><\/td> <\/tr><tr bgcolor=\"\"> <th>DESCRIPTION<\/th> <td><\/td> <\/tr><tr bgcolor=\"#E3E3F3\"> <th>HYPERLINK<\/th> <td>http:\/\/www.sdsc.org.sg<\/td> <\/tr><tr bgcolor=\"\"> <th>LANDXADDRESSPOINT<\/th> <td>0<\/td> <\/tr><tr bgcolor=\"#E3E3F3\"> <th>LANDYADDRESSPOINT<\/th> <td>0<\/td> <\/tr><tr bgcolor=\"\"> <th>NAME<\/th> <td>Singapore Disability Sports Council<\/td> <\/tr><tr bgcolor=\"#E3E3F3\"> <th>PHOTOURL<\/th> <td><\/td> <\/tr><tr bgcolor=\"\"> <th>ADDRESSFLOORNUMBER<\/th> <td><\/td> <\/tr><tr bgcolor=\"#E3E3F3\"> <th>INC_CRC<\/th> <td>0F9C3C0BAD7FE27E<\/td> <\/tr><tr bgcolor=\"\"> <th>FMEL_UPD_D<\/th> <td>20121122110129<\/td> <\/tr><tr bgcolor=\"#E3E3F3\"> <th>ADDRESSUNITNUMBER<\/th> <td><\/td> <\/tr><\/table><\/center>" }, "geometry": { "type": "Point", "coordinates": [ 103.882268866481994, 1.30426365346041, 0.0 ] } },
{ "type": "Feature", "properties": { "Name": "kml_26", "Description": "<center><table><tr><th colspan='2' align='center'><em>Attributes<\/em><\/th><\/tr><tr bgcolor=\"#E3E3F3\"> <th>ADDRESSBLOCKHOUSENUMBER<\/th> <td><\/td> <\/tr><tr bgcolor=\"\"> <th>ADDRESSBUILDINGNAME<\/th> <td><\/td> <\/tr><tr bgcolor=\"#E3E3F3\"> <th>ADDRESSPOSTALCODE<\/th> <td>469028<\/td> <\/tr><tr bgcolor=\"\"> <th>ADDRESSSTREETNAME<\/th> <td>Blk 512 Chai Chee Lane #01-09 Bedok Industrial Estate Singapore<\/td> <\/tr><tr bgcolor=\"#E3E3F3\"> <th>ADDRESSTYPE<\/th> <td><\/td> <\/tr><tr bgcolor=\"\"> <th>DESCRIPTION<\/th> <td><\/td> <\/tr><tr bgcolor=\"#E3E3F3\"> <th>HYPERLINK<\/th> <td>http:\/\/www.bizlink.org.sg<\/td> <\/tr><tr bgcolor=\"\"> <th>LANDXADDRESSPOINT<\/th> <td>0<\/td> <\/tr><tr bgcolor=\"#E3E3F3\"> <th>LANDYADDRESSPOINT<\/th> <td>0<\/td> <\/tr><tr bgcolor=\"\"> <th>NAME<\/th> <td>Bizlink Centre Singapore Ltd<\/td> <\/tr><tr bgcolor=\"#E3E3F3\"> <th>PHOTOURL<\/th> <td><\/td> <\/tr><tr bgcolor=\"\"> <th>ADDRESSFLOORNUMBER<\/th> <td><\/td> <\/tr><tr bgcolor=\"#E3E3F3\"> <th>INC_CRC<\/th> <td>90B37B78BDF21E31<\/td> <\/tr><tr bgcolor=\"\"> <th>FMEL_UPD_D<\/th> <td>20121122110129<\/td> <\/tr><tr bgcolor=\"#E3E3F3\"> <th>ADDRESSUNITNUMBER<\/th> <td><\/td> <\/tr><\/table><\/center>" }, "geometry": { "type": "Point", "coordinates": [ 103.917619194100993, 1.32993829903548, 0.0 ] } },
{ "type": "Feature", "properties": { "Name": "kml_27", "Description": "<center><table><tr><th colspan='2' align='center'><em>Attributes<\/em><\/th><\/tr><tr bgcolor=\"#E3E3F3\"> <th>ADDRESSBLOCKHOUSENUMBER<\/th> <td><\/td> <\/tr><tr bgcolor=\"\"> <th>ADDRESSBUILDINGNAME<\/th> <td><\/td> <\/tr><tr bgcolor=\"#E3E3F3\"> <th>ADDRESSPOSTALCODE<\/th> <td>168955<\/td> <\/tr><tr bgcolor=\"\"> <th>ADDRESSSTREETNAME<\/th> <td>2 Peng Nguan Street SPD Ability Centre Singapore<\/td> <\/tr><tr bgcolor=\"#E3E3F3\"> <th>ADDRESSTYPE<\/th> <td><\/td> <\/tr><tr bgcolor=\"\"> <th>DESCRIPTION<\/th> <td><\/td> <\/tr><tr bgcolor=\"#E3E3F3\"> <th>HYPERLINK<\/th> <td>http:\/\/www.spd.org.sg<\/td> <\/tr><tr bgcolor=\"\"> <th>LANDXADDRESSPOINT<\/th> <td>0<\/td> <\/tr><tr bgcolor=\"#E3E3F3\"> <th>LANDYADDRESSPOINT<\/th> <td>0<\/td> <\/tr><tr bgcolor=\"\"> <th>NAME<\/th> <td>Society for the Physically Disabled (Peng Nguan Street) Employment and Care Support Division (ECSD)<\/td> <\/tr><tr bgcolor=\"#E3E3F3\"> <th>PHOTOURL<\/th> <td><\/td> <\/tr><tr bgcolor=\"\"> <th>ADDRESSFLOORNUMBER<\/th> <td><\/td> <\/tr><tr bgcolor=\"#E3E3F3\"> <th>INC_CRC<\/th> <td>10CD9848E8C9E54F<\/td> <\/tr><tr bgcolor=\"\"> <th>FMEL_UPD_D<\/th> <td>20121122110129<\/td> <\/tr><tr bgcolor=\"#E3E3F3\"> <th>ADDRESSUNITNUMBER<\/th> <td><\/td> <\/tr><\/table><\/center>" }, "geometry": { "type": "Point", "coordinates": [ 103.831105756194006, 1.28197433392447, 0.0 ] } },
{ "type": "Feature", "properties": { "Name": "kml_28", "Description": "<center><table><tr><th colspan='2' align='center'><em>Attributes<\/em><\/th><\/tr><tr bgcolor=\"#E3E3F3\"> <th>ADDRESSBLOCKHOUSENUMBER<\/th> <td><\/td> <\/tr><tr bgcolor=\"\"> <th>ADDRESSBUILDINGNAME<\/th> <td><\/td> <\/tr><tr bgcolor=\"#E3E3F3\"> <th>ADDRESSPOSTALCODE<\/th> <td>327725<\/td> <\/tr><tr bgcolor=\"\"> <th>ADDRESSSTREETNAME<\/th> <td>16 Whampoa Drive Singapore<\/td> <\/tr><tr bgcolor=\"#E3E3F3\"> <th>ADDRESSTYPE<\/th> <td><\/td> <\/tr><tr bgcolor=\"\"> <th>DESCRIPTION<\/th> <td><\/td> <\/tr><tr bgcolor=\"#E3E3F3\"> <th>HYPERLINK<\/th> <td>http:\/\/www.hwa.org.sg<\/td> <\/tr><tr bgcolor=\"\"> <th>LANDXADDRESSPOINT<\/th> <td>0<\/td> <\/tr><tr bgcolor=\"#E3E3F3\"> <th>LANDYADDRESSPOINT<\/th> <td>0<\/td> <\/tr><tr bgcolor=\"\"> <th>NAME<\/th> <td>Handicaps Welfare Association (Head Office)<\/td> <\/tr><tr bgcolor=\"#E3E3F3\"> <th>PHOTOURL<\/th> <td><\/td> <\/tr><tr bgcolor=\"\"> <th>ADDRESSFLOORNUMBER<\/th> <td><\/td> <\/tr><tr bgcolor=\"#E3E3F3\"> <th>INC_CRC<\/th> <td>0893EE8A4172BAA2<\/td> <\/tr><tr bgcolor=\"\"> <th>FMEL_UPD_D<\/th> <td>20121122110129<\/td> <\/tr><tr bgcolor=\"#E3E3F3\"> <th>ADDRESSUNITNUMBER<\/th> <td><\/td> <\/tr><\/table><\/center>" }, "geometry": { "type": "Point", "coordinates": [ 103.853915231198002, 1.32218289081372, 0.0 ] } },
{ "type": "Feature", "properties": { "Name": "kml_29", "Description": "<center><table><tr><th colspan='2' align='center'><em>Attributes<\/em><\/th><\/tr><tr bgcolor=\"#E3E3F3\"> <th>ADDRESSBLOCKHOUSENUMBER<\/th> <td><\/td> <\/tr><tr bgcolor=\"\"> <th>ADDRESSBUILDINGNAME<\/th> <td><\/td> <\/tr><tr bgcolor=\"#E3E3F3\"> <th>ADDRESSPOSTALCODE<\/th> <td>648886<\/td> <\/tr><tr bgcolor=\"\"> <th>ADDRESSSTREETNAME<\/th> <td>1 Jurong West Central 2 #04-03 Jurong Point Shopping Centre Singapore<\/td> <\/tr><tr bgcolor=\"#E3E3F3\"> <th>ADDRESSTYPE<\/th> <td><\/td> <\/tr><tr bgcolor=\"\"> <th>DESCRIPTION<\/th> <td><\/td> <\/tr><tr bgcolor=\"#E3E3F3\"> <th>HYPERLINK<\/th> <td>http:\/\/www.hwa.org.sg<\/td> <\/tr><tr bgcolor=\"\"> <th>LANDXADDRESSPOINT<\/th> <td>0<\/td> <\/tr><tr bgcolor=\"#E3E3F3\"> <th>LANDYADDRESSPOINT<\/th> <td>0<\/td> <\/tr><tr bgcolor=\"\"> <th>NAME<\/th> <td>Handicaps Welfare Association (Jurong Branch)<\/td> <\/tr><tr bgcolor=\"#E3E3F3\"> <th>PHOTOURL<\/th> <td><\/td> <\/tr><tr bgcolor=\"\"> <th>ADDRESSFLOORNUMBER<\/th> <td><\/td> <\/tr><tr bgcolor=\"#E3E3F3\"> <th>INC_CRC<\/th> <td>92BA1ED4BB6ECE5C<\/td> <\/tr><tr bgcolor=\"\"> <th>FMEL_UPD_D<\/th> <td>20121122110129<\/td> <\/tr><tr bgcolor=\"#E3E3F3\"> <th>ADDRESSUNITNUMBER<\/th> <td><\/td> <\/tr><\/table><\/center>" }, "geometry": { "type": "Point", "coordinates": [ 103.706685012671997, 1.33945200425206, 0.0 ] } },
{ "type": "Feature", "properties": { "Name": "kml_30", "Description": "<center><table><tr><th colspan='2' align='center'><em>Attributes<\/em><\/th><\/tr><tr bgcolor=\"#E3E3F3\"> <th>ADDRESSBLOCKHOUSENUMBER<\/th> <td><\/td> <\/tr><tr bgcolor=\"\"> <th>ADDRESSBUILDINGNAME<\/th> <td><\/td> <\/tr><tr bgcolor=\"#E3E3F3\"> <th>ADDRESSPOSTALCODE<\/th> <td>650267<\/td> <\/tr><tr bgcolor=\"\"> <th>ADDRESSSTREETNAME<\/th> <td>Blk 267 Bukit Batok East Avene 4 #01-206 Singapore<\/td> <\/tr><tr bgcolor=\"#E3E3F3\"> <th>ADDRESSTYPE<\/th> <td><\/td> <\/tr><tr bgcolor=\"\"> <th>DESCRIPTION<\/th> <td><\/td> <\/tr><tr bgcolor=\"#E3E3F3\"> <th>HYPERLINK<\/th> <td>http:\/\/www.sacs.org.sg<\/td> <\/tr><tr bgcolor=\"\"> <th>LANDXADDRESSPOINT<\/th> <td>0<\/td> <\/tr><tr bgcolor=\"#E3E3F3\"> <th>LANDYADDRESSPOINT<\/th> <td>0<\/td> <\/tr><tr bgcolor=\"\"> <th>NAME<\/th> <td>Singapore Anglican Community Services                                                                            Community Rehabilitation and Support Service (Bukit Batok East)<\/td> <\/tr><tr bgcolor=\"#E3E3F3\"> <th>PHOTOURL<\/th> <td><\/td> <\/tr><tr bgcolor=\"\"> <th>ADDRESSFLOORNUMBER<\/th> <td><\/td> <\/tr><tr bgcolor=\"#E3E3F3\"> <th>INC_CRC<\/th> <td>AF821B89CD7593F5<\/td> <\/tr><tr bgcolor=\"\"> <th>FMEL_UPD_D<\/th> <td>20121122110129<\/td> <\/tr><tr bgcolor=\"#E3E3F3\"> <th>ADDRESSUNITNUMBER<\/th> <td><\/td> <\/tr><\/table><\/center>" }, "geometry": { "type": "Point", "coordinates": [ 103.760075332430006, 1.34869173301638, 0.0 ] } },
{ "type": "Feature", "properties": { "Name": "kml_31", "Description": "<center><table><tr><th colspan='2' align='center'><em>Attributes<\/em><\/th><\/tr><tr bgcolor=\"#E3E3F3\"> <th>ADDRESSBLOCKHOUSENUMBER<\/th> <td><\/td> <\/tr><tr bgcolor=\"\"> <th>ADDRESSBUILDINGNAME<\/th> <td><\/td> <\/tr><tr bgcolor=\"#E3E3F3\"> <th>ADDRESSPOSTALCODE<\/th> <td>760707<\/td> <\/tr><tr bgcolor=\"\"> <th>ADDRESSSTREETNAME<\/th> <td>Blk 707 Yishun Ave 5 #01-36 Singapore<\/td> <\/tr><tr bgcolor=\"#E3E3F3\"> <th>ADDRESSTYPE<\/th> <td><\/td> <\/tr><tr bgcolor=\"\"> <th>DESCRIPTION<\/th> <td><\/td> <\/tr><tr bgcolor=\"#E3E3F3\"> <th>HYPERLINK<\/th> <td>http:\/\/www.sacs.org.sg<\/td> <\/tr><tr bgcolor=\"\"> <th>LANDXADDRESSPOINT<\/th> <td>0<\/td> <\/tr><tr bgcolor=\"#E3E3F3\"> <th>LANDYADDRESSPOINT<\/th> <td>0<\/td> <\/tr><tr bgcolor=\"\"> <th>NAME<\/th> <td>Singapore Anglican Community Services                                                                            Community Rehabilitation and Support Service (Yishun)<\/td> <\/tr><tr bgcolor=\"#E3E3F3\"> <th>PHOTOURL<\/th> <td><\/td> <\/tr><tr bgcolor=\"\"> <th>ADDRESSFLOORNUMBER<\/th> <td><\/td> <\/tr><tr bgcolor=\"#E3E3F3\"> <th>INC_CRC<\/th> <td>84288761310FE8D0<\/td> <\/tr><tr bgcolor=\"\"> <th>FMEL_UPD_D<\/th> <td>20121122110130<\/td> <\/tr><tr bgcolor=\"#E3E3F3\"> <th>ADDRESSUNITNUMBER<\/th> <td><\/td> <\/tr><\/table><\/center>" }, "geometry": { "type": "Point", "coordinates": [ 103.827717290653993, 1.4289299547588, 0.0 ] } },
{ "type": "Feature", "properties": { "Name": "kml_32", "Description": "<center><table><tr><th colspan='2' align='center'><em>Attributes<\/em><\/th><\/tr><tr bgcolor=\"#E3E3F3\"> <th>ADDRESSBLOCKHOUSENUMBER<\/th> <td><\/td> <\/tr><tr bgcolor=\"\"> <th>ADDRESSBUILDINGNAME<\/th> <td><\/td> <\/tr><tr bgcolor=\"#E3E3F3\"> <th>ADDRESSPOSTALCODE<\/th> <td>534194<\/td> <\/tr><tr bgcolor=\"\"> <th>ADDRESSSTREETNAME<\/th> <td>20 Buangkok View Buangkok Green Medical Park Singapore<\/td> <\/tr><tr bgcolor=\"#E3E3F3\"> <th>ADDRESSTYPE<\/th> <td><\/td> <\/tr><tr bgcolor=\"\"> <th>DESCRIPTION<\/th> <td><\/td> <\/tr><tr bgcolor=\"#E3E3F3\"> <th>HYPERLINK<\/th> <td>http:\/\/www.sacshcc.org.sg<\/td> <\/tr><tr bgcolor=\"\"> <th>LANDXADDRESSPOINT<\/th> <td>0<\/td> <\/tr><tr bgcolor=\"#E3E3F3\"> <th>LANDYADDRESSPOINT<\/th> <td>0<\/td> <\/tr><tr bgcolor=\"\"> <th>NAME<\/th> <td>Singapore Anglican Community Services                                                                            Hougang Care Centre<\/td> <\/tr><tr bgcolor=\"#E3E3F3\"> <th>PHOTOURL<\/th> <td><\/td> <\/tr><tr bgcolor=\"\"> <th>ADDRESSFLOORNUMBER<\/th> <td><\/td> <\/tr><tr bgcolor=\"#E3E3F3\"> <th>INC_CRC<\/th> <td>2B656C15E6646FF1<\/td> <\/tr><tr bgcolor=\"\"> <th>FMEL_UPD_D<\/th> <td>20121122110130<\/td> <\/tr><tr bgcolor=\"#E3E3F3\"> <th>ADDRESSUNITNUMBER<\/th> <td><\/td> <\/tr><\/table><\/center>" }, "geometry": { "type": "Point", "coordinates": [ 103.883504147053003, 1.38291629348143, 0.0 ] } },
{ "type": "Feature", "properties": { "Name": "kml_33", "Description": "<center><table><tr><th colspan='2' align='center'><em>Attributes<\/em><\/th><\/tr><tr bgcolor=\"#E3E3F3\"> <th>ADDRESSBLOCKHOUSENUMBER<\/th> <td><\/td> <\/tr><tr bgcolor=\"\"> <th>ADDRESSBUILDINGNAME<\/th> <td><\/td> <\/tr><tr bgcolor=\"#E3E3F3\"> <th>ADDRESSPOSTALCODE<\/th> <td>168955<\/td> <\/tr><tr bgcolor=\"\"> <th>ADDRESSSTREETNAME<\/th> <td>2 Peng Nguan Street SPD Ability Centre Singapore<\/td> <\/tr><tr bgcolor=\"#E3E3F3\"> <th>ADDRESSTYPE<\/th> <td><\/td> <\/tr><tr bgcolor=\"\"> <th>DESCRIPTION<\/th> <td><\/td> <\/tr><tr bgcolor=\"#E3E3F3\"> <th>HYPERLINK<\/th> <td>http:\/\/www.spd.org.sg<\/td> <\/tr><tr bgcolor=\"\"> <th>LANDXADDRESSPOINT<\/th> <td>0<\/td> <\/tr><tr bgcolor=\"#E3E3F3\"> <th>LANDYADDRESSPOINT<\/th> <td>0<\/td> <\/tr><tr bgcolor=\"\"> <th>NAME<\/th> <td>Society for the Physically Disabled (Peng Nguan Street)<\/td> <\/tr><tr bgcolor=\"#E3E3F3\"> <th>PHOTOURL<\/th> <td><\/td> <\/tr><tr bgcolor=\"\"> <th>ADDRESSFLOORNUMBER<\/th> <td><\/td> <\/tr><tr bgcolor=\"#E3E3F3\"> <th>INC_CRC<\/th> <td>10CD98481A06F558<\/td> <\/tr><tr bgcolor=\"\"> <th>FMEL_UPD_D<\/th> <td>20121122110130<\/td> <\/tr><tr bgcolor=\"#E3E3F3\"> <th>ADDRESSUNITNUMBER<\/th> <td><\/td> <\/tr><\/table><\/center>" }, "geometry": { "type": "Point", "coordinates": [ 103.831105756194006, 1.28197433392447, 0.0 ] } },
{ "type": "Feature", "properties": { "Name": "kml_34", "Description": "<center><table><tr><th colspan='2' align='center'><em>Attributes<\/em><\/th><\/tr><tr bgcolor=\"#E3E3F3\"> <th>ADDRESSBLOCKHOUSENUMBER<\/th> <td><\/td> <\/tr><tr bgcolor=\"\"> <th>ADDRESSBUILDINGNAME<\/th> <td><\/td> <\/tr><tr bgcolor=\"#E3E3F3\"> <th>ADDRESSPOSTALCODE<\/th> <td>168955<\/td> <\/tr><tr bgcolor=\"\"> <th>ADDRESSSTREETNAME<\/th> <td>2 Peng Nguan Street SPD Ability Centre Singapore<\/td> <\/tr><tr bgcolor=\"#E3E3F3\"> <th>ADDRESSTYPE<\/th> <td><\/td> <\/tr><tr bgcolor=\"\"> <th>DESCRIPTION<\/th> <td><\/td> <\/tr><tr bgcolor=\"#E3E3F3\"> <th>HYPERLINK<\/th> <td>http:\/\/www.spd.org.sg<\/td> <\/tr><tr bgcolor=\"\"> <th>LANDXADDRESSPOINT<\/th> <td>0<\/td> <\/tr><tr bgcolor=\"#E3E3F3\"> <th>LANDYADDRESSPOINT<\/th> <td>0<\/td> <\/tr><tr bgcolor=\"\"> <th>NAME<\/th> <td>Society for the Physically Disabled (Peng Nguan Street) Specialised Assistive Technology Centre<\/td> <\/tr><tr bgcolor=\"#E3E3F3\"> <th>PHOTOURL<\/th> <td><\/td> <\/tr><tr bgcolor=\"\"> <th>ADDRESSFLOORNUMBER<\/th> <td><\/td> <\/tr><tr bgcolor=\"#E3E3F3\"> <th>INC_CRC<\/th> <td>10CD98484189B2AC<\/td> <\/tr><tr bgcolor=\"\"> <th>FMEL_UPD_D<\/th> <td>20121122110130<\/td> <\/tr><tr bgcolor=\"#E3E3F3\"> <th>ADDRESSUNITNUMBER<\/th> <td><\/td> <\/tr><\/table><\/center>" }, "geometry": { "type": "Point", "coordinates": [ 103.831105756194006, 1.28197433392447, 0.0 ] } },
{ "type": "Feature", "properties": { "Name": "kml_35", "Description": "<center><table><tr><th colspan='2' align='center'><em>Attributes<\/em><\/th><\/tr><tr bgcolor=\"#E3E3F3\"> <th>ADDRESSBLOCKHOUSENUMBER<\/th> <td><\/td> <\/tr><tr bgcolor=\"\"> <th>ADDRESSBUILDINGNAME<\/th> <td><\/td> <\/tr><tr bgcolor=\"#E3E3F3\"> <th>ADDRESSPOSTALCODE<\/th> <td>140150<\/td> <\/tr><tr bgcolor=\"\"> <th>ADDRESSSTREETNAME<\/th> <td>150A Mei Chin Road #02-01 Singapore<\/td> <\/tr><tr bgcolor=\"#E3E3F3\"> <th>ADDRESSTYPE<\/th> <td><\/td> <\/tr><tr bgcolor=\"\"> <th>DESCRIPTION<\/th> <td><\/td> <\/tr><tr bgcolor=\"#E3E3F3\"> <th>HYPERLINK<\/th> <td>http:\/\/www.thkmc.org.sg<\/td> <\/tr><tr bgcolor=\"\"> <th>LANDXADDRESSPOINT<\/th> <td>0<\/td> <\/tr><tr bgcolor=\"#E3E3F3\"> <th>LANDYADDRESSPOINT<\/th> <td>0<\/td> <\/tr><tr bgcolor=\"\"> <th>NAME<\/th> <td>Thye Hua Kwan Moral Charities (THKMC) THK Therapy Services<\/td> <\/tr><tr bgcolor=\"#E3E3F3\"> <th>PHOTOURL<\/th> <td><\/td> <\/tr><tr bgcolor=\"\"> <th>ADDRESSFLOORNUMBER<\/th> <td><\/td> <\/tr><tr bgcolor=\"#E3E3F3\"> <th>INC_CRC<\/th> <td>57735BD1CE579880<\/td> <\/tr><tr bgcolor=\"\"> <th>FMEL_UPD_D<\/th> <td>20121122110130<\/td> <\/tr><tr bgcolor=\"#E3E3F3\"> <th>ADDRESSUNITNUMBER<\/th> <td><\/td> <\/tr><\/table><\/center>" }, "geometry": { "type": "Point", "coordinates": [ 103.803820595583005, 1.29536889835833, 0.0 ] } },
{ "type": "Feature", "properties": { "Name": "kml_36", "Description": "<center><table><tr><th colspan='2' align='center'><em>Attributes<\/em><\/th><\/tr><tr bgcolor=\"#E3E3F3\"> <th>ADDRESSBLOCKHOUSENUMBER<\/th> <td><\/td> <\/tr><tr bgcolor=\"\"> <th>ADDRESSBUILDINGNAME<\/th> <td><\/td> <\/tr><tr bgcolor=\"#E3E3F3\"> <th>ADDRESSPOSTALCODE<\/th> <td>579798<\/td> <\/tr><tr bgcolor=\"\"> <th>ADDRESSSTREETNAME<\/th> <td>6 Bishan Street 13 Singapore<\/td> <\/tr><tr bgcolor=\"#E3E3F3\"> <th>ADDRESSTYPE<\/th> <td><\/td> <\/tr><tr bgcolor=\"\"> <th>DESCRIPTION<\/th> <td><\/td> <\/tr><tr bgcolor=\"#E3E3F3\"> <th>HYPERLINK<\/th> <td>http:\/\/www.welcome.bishanhome.org.sg<\/td> <\/tr><tr bgcolor=\"\"> <th>LANDXADDRESSPOINT<\/th> <td>0<\/td> <\/tr><tr bgcolor=\"#E3E3F3\"> <th>LANDYADDRESSPOINT<\/th> <td>0<\/td> <\/tr><tr bgcolor=\"\"> <th>NAME<\/th> <td>Bishan Home for the Intellectually Disabled<\/td> <\/tr><tr bgcolor=\"#E3E3F3\"> <th>PHOTOURL<\/th> <td><\/td> <\/tr><tr bgcolor=\"\"> <th>ADDRESSFLOORNUMBER<\/th> <td><\/td> <\/tr><tr bgcolor=\"#E3E3F3\"> <th>INC_CRC<\/th> <td>94C04E8F591235A0<\/td> <\/tr><tr bgcolor=\"\"> <th>FMEL_UPD_D<\/th> <td>20121122110130<\/td> <\/tr><tr bgcolor=\"#E3E3F3\"> <th>ADDRESSUNITNUMBER<\/th> <td><\/td> <\/tr><\/table><\/center>" }, "geometry": { "type": "Point", "coordinates": [ 103.855024628397999, 1.34759124293191, 0.0 ] } },
{ "type": "Feature", "properties": { "Name": "kml_37", "Description": "<center><table><tr><th colspan='2' align='center'><em>Attributes<\/em><\/th><\/tr><tr bgcolor=\"#E3E3F3\"> <th>ADDRESSBLOCKHOUSENUMBER<\/th> <td><\/td> <\/tr><tr bgcolor=\"\"> <th>ADDRESSBUILDINGNAME<\/th> <td><\/td> <\/tr><tr bgcolor=\"#E3E3F3\"> <th>ADDRESSPOSTALCODE<\/th> <td>738580<\/td> <\/tr><tr bgcolor=\"\"> <th>ADDRESSSTREETNAME<\/th> <td>2 Woodlands Street 31 Singapore<\/td> <\/tr><tr bgcolor=\"#E3E3F3\"> <th>ADDRESSTYPE<\/th> <td><\/td> <\/tr><tr bgcolor=\"\"> <th>DESCRIPTION<\/th> <td><\/td> <\/tr><tr bgcolor=\"#E3E3F3\"> <th>HYPERLINK<\/th> <td>http:\/\/www.metta.org.sg<\/td> <\/tr><tr bgcolor=\"\"> <th>LANDXADDRESSPOINT<\/th> <td>0<\/td> <\/tr><tr bgcolor=\"#E3E3F3\"> <th>LANDYADDRESSPOINT<\/th> <td>0<\/td> <\/tr><tr bgcolor=\"\"> <th>NAME<\/th> <td>Metta Welfare Association Metta Home for the Disabled<\/td> <\/tr><tr bgcolor=\"#E3E3F3\"> <th>PHOTOURL<\/th> <td><\/td> <\/tr><tr bgcolor=\"\"> <th>ADDRESSFLOORNUMBER<\/th> <td><\/td> <\/tr><tr bgcolor=\"#E3E3F3\"> <th>INC_CRC<\/th> <td>78EF640731FC7CFC<\/td> <\/tr><tr bgcolor=\"\"> <th>FMEL_UPD_D<\/th> <td>20121122110130<\/td> <\/tr><tr bgcolor=\"#E3E3F3\"> <th>ADDRESSUNITNUMBER<\/th> <td><\/td> <\/tr><\/table><\/center>" }, "geometry": { "type": "Point", "coordinates": [ 103.775665594615006, 1.42937863318425, 0.0 ] } },
{ "type": "Feature", "properties": { "Name": "kml_38", "Description": "<center><table><tr><th colspan='2' align='center'><em>Attributes<\/em><\/th><\/tr><tr bgcolor=\"#E3E3F3\"> <th>ADDRESSBLOCKHOUSENUMBER<\/th> <td><\/td> <\/tr><tr bgcolor=\"\"> <th>ADDRESSBUILDINGNAME<\/th> <td><\/td> <\/tr><tr bgcolor=\"#E3E3F3\"> <th>ADDRESSPOSTALCODE<\/th> <td>547533<\/td> <\/tr><tr bgcolor=\"\"> <th>ADDRESSSTREETNAME<\/th> <td>7 Lorong Napiri Singapore<\/td> <\/tr><tr bgcolor=\"#E3E3F3\"> <th>ADDRESSTYPE<\/th> <td><\/td> <\/tr><tr bgcolor=\"\"> <th>DESCRIPTION<\/th> <td><\/td> <\/tr><tr bgcolor=\"#E3E3F3\"> <th>HYPERLINK<\/th> <td>http:\/\/www.minds.org.sg\/MVH\/index.html<\/td> <\/tr><tr bgcolor=\"\"> <th>LANDXADDRESSPOINT<\/th> <td>0<\/td> <\/tr><tr bgcolor=\"#E3E3F3\"> <th>LANDYADDRESSPOINT<\/th> <td>0<\/td> <\/tr><tr bgcolor=\"\"> <th>NAME<\/th> <td>Movement for the Intellectually Disabled of Singapore (MINDS) MINDSVille@Napiri - Home<\/td> <\/tr><tr bgcolor=\"#E3E3F3\"> <th>PHOTOURL<\/th> <td><\/td> <\/tr><tr bgcolor=\"\"> <th>ADDRESSFLOORNUMBER<\/th> <td><\/td> <\/tr><tr bgcolor=\"#E3E3F3\"> <th>INC_CRC<\/th> <td>5B0A43260ECACC4B<\/td> <\/tr><tr bgcolor=\"\"> <th>FMEL_UPD_D<\/th> <td>20121122110130<\/td> <\/tr><tr bgcolor=\"#E3E3F3\"> <th>ADDRESSUNITNUMBER<\/th> <td><\/td> <\/tr><\/table><\/center>" }, "geometry": { "type": "Point", "coordinates": [ 103.878470820481994, 1.37201049307311, 0.0 ] } },
{ "type": "Feature", "properties": { "Name": "kml_39", "Description": "<center><table><tr><th colspan='2' align='center'><em>Attributes<\/em><\/th><\/tr><tr bgcolor=\"#E3E3F3\"> <th>ADDRESSBLOCKHOUSENUMBER<\/th> <td><\/td> <\/tr><tr bgcolor=\"\"> <th>ADDRESSBUILDINGNAME<\/th> <td><\/td> <\/tr><tr bgcolor=\"#E3E3F3\"> <th>ADDRESSPOSTALCODE<\/th> <td>534194<\/td> <\/tr><tr bgcolor=\"\"> <th>ADDRESSSTREETNAME<\/th> <td>20 Buangkok View Buangkok Green Medical Park Singapore<\/td> <\/tr><tr bgcolor=\"#E3E3F3\"> <th>ADDRESSTYPE<\/th> <td><\/td> <\/tr><tr bgcolor=\"\"> <th>DESCRIPTION<\/th> <td><\/td> <\/tr><tr bgcolor=\"#E3E3F3\"> <th>HYPERLINK<\/th> <td>http:\/\/www.sacshcc.org.sg<\/td> <\/tr><tr bgcolor=\"\"> <th>LANDXADDRESSPOINT<\/th> <td>0<\/td> <\/tr><tr bgcolor=\"#E3E3F3\"> <th>LANDYADDRESSPOINT<\/th> <td>0<\/td> <\/tr><tr bgcolor=\"\"> <th>NAME<\/th> <td>Singapore Anglican Community Services                                                                            Hougang Care Centre<\/td> <\/tr><tr bgcolor=\"#E3E3F3\"> <th>PHOTOURL<\/th> <td><\/td> <\/tr><tr bgcolor=\"\"> <th>ADDRESSFLOORNUMBER<\/th> <td><\/td> <\/tr><tr bgcolor=\"#E3E3F3\"> <th>INC_CRC<\/th> <td>2B656C15E6646FF1<\/td> <\/tr><tr bgcolor=\"\"> <th>FMEL_UPD_D<\/th> <td>20121122110130<\/td> <\/tr><tr bgcolor=\"#E3E3F3\"> <th>ADDRESSUNITNUMBER<\/th> <td><\/td> <\/tr><\/table><\/center>" }, "geometry": { "type": "Point", "coordinates": [ 103.883504147053003, 1.38291629348143, 0.0 ] } },
{ "type": "Feature", "properties": { "Name": "kml_40", "Description": "<center><table><tr><th colspan='2' align='center'><em>Attributes<\/em><\/th><\/tr><tr bgcolor=\"#E3E3F3\"> <th>ADDRESSBLOCKHOUSENUMBER<\/th> <td><\/td> <\/tr><tr bgcolor=\"\"> <th>ADDRESSBUILDINGNAME<\/th> <td><\/td> <\/tr><tr bgcolor=\"#E3E3F3\"> <th>ADDRESSPOSTALCODE<\/th> <td>556056<\/td> <\/tr><tr bgcolor=\"\"> <th>ADDRESSSTREETNAME<\/th> <td>159 Serangoon Garden Way Singapore<\/td> <\/tr><tr bgcolor=\"#E3E3F3\"> <th>ADDRESSTYPE<\/th> <td><\/td> <\/tr><tr bgcolor=\"\"> <th>DESCRIPTION<\/th> <td><\/td> <\/tr><tr bgcolor=\"#E3E3F3\"> <th>HYPERLINK<\/th> <td>http:\/\/www.cheshirehome.org.sg<\/td> <\/tr><tr bgcolor=\"\"> <th>LANDXADDRESSPOINT<\/th> <td>0<\/td> <\/tr><tr bgcolor=\"#E3E3F3\"> <th>LANDYADDRESSPOINT<\/th> <td>0<\/td> <\/tr><tr bgcolor=\"\"> <th>NAME<\/th> <td>Singapore Cheshire Home<\/td> <\/tr><tr bgcolor=\"#E3E3F3\"> <th>PHOTOURL<\/th> <td><\/td> <\/tr><tr bgcolor=\"\"> <th>ADDRESSFLOORNUMBER<\/th> <td><\/td> <\/tr><tr bgcolor=\"#E3E3F3\"> <th>INC_CRC<\/th> <td>7B2663F9EF9AE624<\/td> <\/tr><tr bgcolor=\"\"> <th>FMEL_UPD_D<\/th> <td>20121122110131<\/td> <\/tr><tr bgcolor=\"#E3E3F3\"> <th>ADDRESSUNITNUMBER<\/th> <td><\/td> <\/tr><\/table><\/center>" }, "geometry": { "type": "Point", "coordinates": [ 103.861242810237997, 1.3658088840667, 0.0 ] } },
{ "type": "Feature", "properties": { "Name": "kml_41", "Description": "<center><table><tr><th colspan='2' align='center'><em>Attributes<\/em><\/th><\/tr><tr bgcolor=\"#E3E3F3\"> <th>ADDRESSBLOCKHOUSENUMBER<\/th> <td><\/td> <\/tr><tr bgcolor=\"\"> <th>ADDRESSBUILDINGNAME<\/th> <td><\/td> <\/tr><tr bgcolor=\"#E3E3F3\"> <th>ADDRESSPOSTALCODE<\/th> <td>159052<\/td> <\/tr><tr bgcolor=\"\"> <th>ADDRESSSTREETNAME<\/th> <td>No. 8 Lengkok Bahru #04-01 Family Link @ Lengkok Bahru Singapore<\/td> <\/tr><tr bgcolor=\"#E3E3F3\"> <th>ADDRESSTYPE<\/th> <td><\/td> <\/tr><tr bgcolor=\"\"> <th>DESCRIPTION<\/th> <td><\/td> <\/tr><tr bgcolor=\"#E3E3F3\"> <th>HYPERLINK<\/th> <td>http:\/\/www.redcross.org.sg<\/td> <\/tr><tr bgcolor=\"\"> <th>LANDXADDRESSPOINT<\/th> <td>0<\/td> <\/tr><tr bgcolor=\"#E3E3F3\"> <th>LANDYADDRESSPOINT<\/th> <td>0<\/td> <\/tr><tr bgcolor=\"\"> <th>NAME<\/th> <td>Singapore Red Cross Society Red Cross Home for the Disabled<\/td> <\/tr><tr bgcolor=\"#E3E3F3\"> <th>PHOTOURL<\/th> <td><\/td> <\/tr><tr bgcolor=\"\"> <th>ADDRESSFLOORNUMBER<\/th> <td><\/td> <\/tr><tr bgcolor=\"#E3E3F3\"> <th>INC_CRC<\/th> <td>E34D6163A5961112<\/td> <\/tr><tr bgcolor=\"\"> <th>FMEL_UPD_D<\/th> <td>20121122110131<\/td> <\/tr><tr bgcolor=\"#E3E3F3\"> <th>ADDRESSUNITNUMBER<\/th> <td><\/td> <\/tr><\/table><\/center>" }, "geometry": { "type": "Point", "coordinates": [ 103.811251369423999, 1.2864500139675, 0.0 ] } },
{ "type": "Feature", "properties": { "Name": "kml_42", "Description": "<center><table><tr><th colspan='2' align='center'><em>Attributes<\/em><\/th><\/tr><tr bgcolor=\"#E3E3F3\"> <th>ADDRESSBLOCKHOUSENUMBER<\/th> <td><\/td> <\/tr><tr bgcolor=\"\"> <th>ADDRESSBUILDINGNAME<\/th> <td><\/td> <\/tr><tr bgcolor=\"#E3E3F3\"> <th>ADDRESSPOSTALCODE<\/th> <td>397998<\/td> <\/tr><tr bgcolor=\"\"> <th>ADDRESSSTREETNAME<\/th> <td>227 Mountbatten Road Singapore<\/td> <\/tr><tr bgcolor=\"#E3E3F3\"> <th>ADDRESSTYPE<\/th> <td><\/td> <\/tr><tr bgcolor=\"\"> <th>DESCRIPTION<\/th> <td><\/td> <\/tr><tr bgcolor=\"#E3E3F3\"> <th>HYPERLINK<\/th> <td>http:\/\/www.sadeaf.org.sg<\/td> <\/tr><tr bgcolor=\"\"> <th>LANDXADDRESSPOINT<\/th> <td>0<\/td> <\/tr><tr bgcolor=\"#E3E3F3\"> <th>LANDYADDRESSPOINT<\/th> <td>0<\/td> <\/tr><tr bgcolor=\"\"> <th>NAME<\/th> <td>The Singapore Association for the Deaf SADeaf Hearing Care Centre<\/td> <\/tr><tr bgcolor=\"#E3E3F3\"> <th>PHOTOURL<\/th> <td><\/td> <\/tr><tr bgcolor=\"\"> <th>ADDRESSFLOORNUMBER<\/th> <td><\/td> <\/tr><tr bgcolor=\"#E3E3F3\"> <th>INC_CRC<\/th> <td>CBECC49AD3067FBD<\/td> <\/tr><tr bgcolor=\"\"> <th>FMEL_UPD_D<\/th> <td>20121219111651<\/td> <\/tr><tr bgcolor=\"#E3E3F3\"> <th>ADDRESSUNITNUMBER<\/th> <td><\/td> <\/tr><\/table><\/center>" }, "geometry": { "type": "Point", "coordinates": [ 103.879886320645994, 1.30762025848808, 0.0 ] } },
{ "type": "Feature", "properties": { "Name": "kml_43", "Description": "<center><table><tr><th colspan='2' align='center'><em>Attributes<\/em><\/th><\/tr><tr bgcolor=\"#E3E3F3\"> <th>ADDRESSBLOCKHOUSENUMBER<\/th> <td><\/td> <\/tr><tr bgcolor=\"\"> <th>ADDRESSBUILDINGNAME<\/th> <td><\/td> <\/tr><tr bgcolor=\"#E3E3F3\"> <th>ADDRESSPOSTALCODE<\/th> <td>547531<\/td> <\/tr><tr bgcolor=\"\"> <th>ADDRESSSTREETNAME<\/th> <td>9 Lorong Napiri Singapore<\/td> <\/tr><tr bgcolor=\"#E3E3F3\"> <th>ADDRESSTYPE<\/th> <td><\/td> <\/tr><tr bgcolor=\"\"> <th>DESCRIPTION<\/th> <td><\/td> <\/tr><tr bgcolor=\"#E3E3F3\"> <th>HYPERLINK<\/th> <td>http:\/\/www.awwa.org.sg<\/td> <\/tr><tr bgcolor=\"\"> <th>LANDXADDRESSPOINT<\/th> <td>0<\/td> <\/tr><tr bgcolor=\"#E3E3F3\"> <th>LANDYADDRESSPOINT<\/th> <td>0<\/td> <\/tr><tr bgcolor=\"\"> <th>NAME<\/th> <td>Asian Women's Welfare Association (AWWA)                                                                  AWWA SMILES<\/td> <\/tr><tr bgcolor=\"#E3E3F3\"> <th>PHOTOURL<\/th> <td><\/td> <\/tr><tr bgcolor=\"\"> <th>ADDRESSFLOORNUMBER<\/th> <td><\/td> <\/tr><tr bgcolor=\"#E3E3F3\"> <th>INC_CRC<\/th> <td>0845E21217845213<\/td> <\/tr><tr bgcolor=\"\"> <th>FMEL_UPD_D<\/th> <td>20121122110138<\/td> <\/tr><tr bgcolor=\"#E3E3F3\"> <th>ADDRESSUNITNUMBER<\/th> <td><\/td> <\/tr><\/table><\/center>" }, "geometry": { "type": "Point", "coordinates": [ 103.878744070731997, 1.37273748346619, 0.0 ] } },
{ "type": "Feature", "properties": { "Name": "kml_44", "Description": "<center><table><tr><th colspan='2' align='center'><em>Attributes<\/em><\/th><\/tr><tr bgcolor=\"#E3E3F3\"> <th>ADDRESSBLOCKHOUSENUMBER<\/th> <td><\/td> <\/tr><tr bgcolor=\"\"> <th>ADDRESSBUILDINGNAME<\/th> <td><\/td> <\/tr><tr bgcolor=\"#E3E3F3\"> <th>ADDRESSPOSTALCODE<\/th> <td>469717<\/td> <\/tr><tr bgcolor=\"\"> <th>ADDRESSSTREETNAME<\/th> <td>300 Bedok North Avenue 3 Singapore<\/td> <\/tr><tr bgcolor=\"#E3E3F3\"> <th>ADDRESSTYPE<\/th> <td><\/td> <\/tr><tr bgcolor=\"\"> <th>DESCRIPTION<\/th> <td><\/td> <\/tr><tr bgcolor=\"#E3E3F3\"> <th>HYPERLINK<\/th> <td>http:\/\/www.bccsc.org<\/td> <\/tr><tr bgcolor=\"\"> <th>LANDXADDRESSPOINT<\/th> <td>0<\/td> <\/tr><tr bgcolor=\"#E3E3F3\"> <th>LANDYADDRESSPOINT<\/th> <td>0<\/td> <\/tr><tr bgcolor=\"\"> <th>NAME<\/th> <td>Bethesda Sunshine Club Student Care Centre<\/td> <\/tr><tr bgcolor=\"#E3E3F3\"> <th>PHOTOURL<\/th> <td><\/td> <\/tr><tr bgcolor=\"\"> <th>ADDRESSFLOORNUMBER<\/th> <td><\/td> <\/tr><tr bgcolor=\"#E3E3F3\"> <th>INC_CRC<\/th> <td>0EE2ABC168563004<\/td> <\/tr><tr bgcolor=\"\"> <th>FMEL_UPD_D<\/th> <td>20121122110138<\/td> <\/tr><tr bgcolor=\"#E3E3F3\"> <th>ADDRESSUNITNUMBER<\/th> <td><\/td> <\/tr><\/table><\/center>" }, "geometry": { "type": "Point", "coordinates": [ 103.934743786301993, 1.33121916322563, 0.0 ] } },
{ "type": "Feature", "properties": { "Name": "kml_45", "Description": "<center><table><tr><th colspan='2' align='center'><em>Attributes<\/em><\/th><\/tr><tr bgcolor=\"#E3E3F3\"> <th>ADDRESSBLOCKHOUSENUMBER<\/th> <td><\/td> <\/tr><tr bgcolor=\"\"> <th>ADDRESSBUILDINGNAME<\/th> <td><\/td> <\/tr><tr bgcolor=\"#E3E3F3\"> <th>ADDRESSPOSTALCODE<\/th> <td>609791<\/td> <\/tr><tr bgcolor=\"\"> <th>ADDRESSSTREETNAME<\/th> <td>201 Jurong East Avenue 1 Singapore<\/td> <\/tr><tr bgcolor=\"#E3E3F3\"> <th>ADDRESSTYPE<\/th> <td><\/td> <\/tr><tr bgcolor=\"\"> <th>DESCRIPTION<\/th> <td><\/td> <\/tr><tr bgcolor=\"#E3E3F3\"> <th>HYPERLINK<\/th> <td>http:\/\/www.thongkheng.org.sg<\/td> <\/tr><tr bgcolor=\"\"> <th>LANDXADDRESSPOINT<\/th> <td>0<\/td> <\/tr><tr bgcolor=\"#E3E3F3\"> <th>LANDYADDRESSPOINT<\/th> <td>0<\/td> <\/tr><tr bgcolor=\"\"> <th>NAME<\/th> <td>Thong Kheng Welfare Services Society Blue Cross Thong Kheng Home<\/td> <\/tr><tr bgcolor=\"#E3E3F3\"> <th>PHOTOURL<\/th> <td><\/td> <\/tr><tr bgcolor=\"\"> <th>ADDRESSFLOORNUMBER<\/th> <td><\/td> <\/tr><tr bgcolor=\"#E3E3F3\"> <th>INC_CRC<\/th> <td>9DB40BF53CEA7821<\/td> <\/tr><tr bgcolor=\"\"> <th>FMEL_UPD_D<\/th> <td>20121219111651<\/td> <\/tr><tr bgcolor=\"#E3E3F3\"> <th>ADDRESSUNITNUMBER<\/th> <td><\/td> <\/tr><\/table><\/center>" }, "geometry": { "type": "Point", "coordinates": [ 103.728979102458993, 1.3495663654738, 0.0 ] } },
{ "type": "Feature", "properties": { "Name": "kml_46", "Description": "<center><table><tr><th colspan='2' align='center'><em>Attributes<\/em><\/th><\/tr><tr bgcolor=\"#E3E3F3\"> <th>ADDRESSBLOCKHOUSENUMBER<\/th> <td><\/td> <\/tr><tr bgcolor=\"\"> <th>ADDRESSBUILDINGNAME<\/th> <td><\/td> <\/tr><tr bgcolor=\"#E3E3F3\"> <th>ADDRESSPOSTALCODE<\/th> <td>600244<\/td> <\/tr><tr bgcolor=\"\"> <th>ADDRESSSTREETNAME<\/th> <td>Blk 244 Jurong East Street 24 #01-593 Singapore<\/td> <\/tr><tr bgcolor=\"#E3E3F3\"> <th>ADDRESSTYPE<\/th> <td><\/td> <\/tr><tr bgcolor=\"\"> <th>DESCRIPTION<\/th> <td><\/td> <\/tr><tr bgcolor=\"#E3E3F3\"> <th>HYPERLINK<\/th> <td>http:\/\/www.perdaus.org.sg<\/td> <\/tr><tr bgcolor=\"\"> <th>LANDXADDRESSPOINT<\/th> <td>0<\/td> <\/tr><tr bgcolor=\"#E3E3F3\"> <th>LANDYADDRESSPOINT<\/th> <td>0<\/td> <\/tr><tr bgcolor=\"\"> <th>NAME<\/th> <td>Perdaus Student Care Centre<\/td> <\/tr><tr bgcolor=\"#E3E3F3\"> <th>PHOTOURL<\/th> <td><\/td> <\/tr><tr bgcolor=\"\"> <th>ADDRESSFLOORNUMBER<\/th> <td><\/td> <\/tr><tr bgcolor=\"#E3E3F3\"> <th>INC_CRC<\/th> <td>D831CA14FC980C8F<\/td> <\/tr><tr bgcolor=\"\"> <th>FMEL_UPD_D<\/th> <td>20121122110138<\/td> <\/tr><tr bgcolor=\"#E3E3F3\"> <th>ADDRESSUNITNUMBER<\/th> <td><\/td> <\/tr><\/table><\/center>" }, "geometry": { "type": "Point", "coordinates": [ 103.742136901715, 1.34263000877356, 0.0 ] } },
{ "type": "Feature", "properties": { "Name": "kml_47", "Description": "<center><table><tr><th colspan='2' align='center'><em>Attributes<\/em><\/th><\/tr><tr bgcolor=\"#E3E3F3\"> <th>ADDRESSBLOCKHOUSENUMBER<\/th> <td><\/td> <\/tr><tr bgcolor=\"\"> <th>ADDRESSBUILDINGNAME<\/th> <td><\/td> <\/tr><tr bgcolor=\"#E3E3F3\"> <th>ADDRESSPOSTALCODE<\/th> <td>460534<\/td> <\/tr><tr bgcolor=\"\"> <th>ADDRESSSTREETNAME<\/th> <td>Blk 534 Bedok North Street 3 #01-81406 Singapore<\/td> <\/tr><tr bgcolor=\"#E3E3F3\"> <th>ADDRESSTYPE<\/th> <td><\/td> <\/tr><tr bgcolor=\"\"> <th>DESCRIPTION<\/th> <td><\/td> <\/tr><tr bgcolor=\"#E3E3F3\"> <th>HYPERLINK<\/th> <td>http:\/\/www.thkms.org.sg<\/td> <\/tr><tr bgcolor=\"\"> <th>LANDXADDRESSPOINT<\/th> <td>0<\/td> <\/tr><tr bgcolor=\"#E3E3F3\"> <th>LANDYADDRESSPOINT<\/th> <td>0<\/td> <\/tr><tr bgcolor=\"\"> <th>NAME<\/th> <td>Thye Hua Kwan Moral Society (THKMS) Moral Student Care Centre (Bedok North)<\/td> <\/tr><tr bgcolor=\"#E3E3F3\"> <th>PHOTOURL<\/th> <td><\/td> <\/tr><tr bgcolor=\"\"> <th>ADDRESSFLOORNUMBER<\/th> <td><\/td> <\/tr><tr bgcolor=\"#E3E3F3\"> <th>INC_CRC<\/th> <td>19424BB28372705C<\/td> <\/tr><tr bgcolor=\"\"> <th>FMEL_UPD_D<\/th> <td>20121122110138<\/td> <\/tr><tr bgcolor=\"#E3E3F3\"> <th>ADDRESSUNITNUMBER<\/th> <td><\/td> <\/tr><\/table><\/center>" }, "geometry": { "type": "Point", "coordinates": [ 103.924895036761001, 1.33301559414602, 0.0 ] } },
{ "type": "Feature", "properties": { "Name": "kml_48", "Description": "<center><table><tr><th colspan='2' align='center'><em>Attributes<\/em><\/th><\/tr><tr bgcolor=\"#E3E3F3\"> <th>ADDRESSBLOCKHOUSENUMBER<\/th> <td><\/td> <\/tr><tr bgcolor=\"\"> <th>ADDRESSBUILDINGNAME<\/th> <td><\/td> <\/tr><tr bgcolor=\"#E3E3F3\"> <th>ADDRESSPOSTALCODE<\/th> <td>038988<\/td> <\/tr><tr bgcolor=\"\"> <th>ADDRESSSTREETNAME<\/th> <td>8 Temasek Boulevard Suntec Tower 3 #08-04 Singapore<\/td> <\/tr><tr bgcolor=\"#E3E3F3\"> <th>ADDRESSTYPE<\/th> <td><\/td> <\/tr><tr bgcolor=\"\"> <th>DESCRIPTION<\/th> <td><\/td> <\/tr><tr bgcolor=\"#E3E3F3\"> <th>HYPERLINK<\/th> <td>http:\/\/www.chcsa.org.sg<\/td> <\/tr><tr bgcolor=\"\"> <th>LANDXADDRESSPOINT<\/th> <td>0<\/td> <\/tr><tr bgcolor=\"#E3E3F3\"> <th>LANDYADDRESSPOINT<\/th> <td>0<\/td> <\/tr><tr bgcolor=\"\"> <th>NAME<\/th> <td>City Harvest Community Services Association RAYZ Me Up Program<\/td> <\/tr><tr bgcolor=\"#E3E3F3\"> <th>PHOTOURL<\/th> <td><\/td> <\/tr><tr bgcolor=\"\"> <th>ADDRESSFLOORNUMBER<\/th> <td><\/td> <\/tr><tr bgcolor=\"#E3E3F3\"> <th>INC_CRC<\/th> <td>ED13FDCC510A9C6A<\/td> <\/tr><tr bgcolor=\"\"> <th>FMEL_UPD_D<\/th> <td>20121219111642<\/td> <\/tr><tr bgcolor=\"#E3E3F3\"> <th>ADDRESSUNITNUMBER<\/th> <td><\/td> <\/tr><\/table><\/center>" }, "geometry": { "type": "Point", "coordinates": [ 103.859567408505995, 1.29524469663896, 0.0 ] } },
{ "type": "Feature", "properties": { "Name": "kml_49", "Description": "<center><table><tr><th colspan='2' align='center'><em>Attributes<\/em><\/th><\/tr><tr bgcolor=\"#E3E3F3\"> <th>ADDRESSBLOCKHOUSENUMBER<\/th> <td><\/td> <\/tr><tr bgcolor=\"\"> <th>ADDRESSBUILDINGNAME<\/th> <td><\/td> <\/tr><tr bgcolor=\"#E3E3F3\"> <th>ADDRESSPOSTALCODE<\/th> <td>091017<\/td> <\/tr><tr bgcolor=\"\"> <th>ADDRESSSTREETNAME<\/th> <td>Blk 17A Telok Blangah Crescent #01-270 Singapore<\/td> <\/tr><tr bgcolor=\"#E3E3F3\"> <th>ADDRESSTYPE<\/th> <td><\/td> <\/tr><tr bgcolor=\"\"> <th>DESCRIPTION<\/th> <td><\/td> <\/tr><tr bgcolor=\"#E3E3F3\"> <th>HYPERLINK<\/th> <td>http:\/\/www.downsyndrome-singapore.org<\/td> <\/tr><tr bgcolor=\"\"> <th>LANDXADDRESSPOINT<\/th> <td>0<\/td> <\/tr><tr bgcolor=\"#E3E3F3\"> <th>LANDYADDRESSPOINT<\/th> <td>0<\/td> <\/tr><tr bgcolor=\"\"> <th>NAME<\/th> <td>Down Syndrome Association<\/td> <\/tr><tr bgcolor=\"#E3E3F3\"> <th>PHOTOURL<\/th> <td><\/td> <\/tr><tr bgcolor=\"\"> <th>ADDRESSFLOORNUMBER<\/th> <td><\/td> <\/tr><tr bgcolor=\"#E3E3F3\"> <th>INC_CRC<\/th> <td>62488B6EFC4BEB0D<\/td> <\/tr><tr bgcolor=\"\"> <th>FMEL_UPD_D<\/th> <td>20121219111642<\/td> <\/tr><tr bgcolor=\"#E3E3F3\"> <th>ADDRESSUNITNUMBER<\/th> <td><\/td> <\/tr><\/table><\/center>" }, "geometry": { "type": "Point", "coordinates": [ 103.821485560515995, 1.27714571666025, 0.0 ] } },
{ "type": "Feature", "properties": { "Name": "kml_50", "Description": "<center><table><tr><th colspan='2' align='center'><em>Attributes<\/em><\/th><\/tr><tr bgcolor=\"#E3E3F3\"> <th>ADDRESSBLOCKHOUSENUMBER<\/th> <td><\/td> <\/tr><tr bgcolor=\"\"> <th>ADDRESSBUILDINGNAME<\/th> <td><\/td> <\/tr><tr bgcolor=\"#E3E3F3\"> <th>ADDRESSPOSTALCODE<\/th> <td>546190<\/td> <\/tr><tr bgcolor=\"\"> <th>ADDRESSSTREETNAME<\/th> <td>29 Rosyth Road Singapore<\/td> <\/tr><tr bgcolor=\"#E3E3F3\"> <th>ADDRESSTYPE<\/th> <td><\/td> <\/tr><tr bgcolor=\"\"> <th>DESCRIPTION<\/th> <td><\/td> <\/tr><tr bgcolor=\"#E3E3F3\"> <th>HYPERLINK<\/th> <td>http:\/\/www.minds.org.sg\/IEDC<\/td> <\/tr><tr bgcolor=\"\"> <th>LANDXADDRESSPOINT<\/th> <td>0<\/td> <\/tr><tr bgcolor=\"#E3E3F3\"> <th>LANDYADDRESSPOINT<\/th> <td>0<\/td> <\/tr><tr bgcolor=\"\"> <th>NAME<\/th> <td>Movement for the Intellectually Disabled of Singapore (MINDS)                            Idea Employment Development Centre<\/td> <\/tr><tr bgcolor=\"#E3E3F3\"> <th>PHOTOURL<\/th> <td><\/td> <\/tr><tr bgcolor=\"\"> <th>ADDRESSFLOORNUMBER<\/th> <td><\/td> <\/tr><tr bgcolor=\"#E3E3F3\"> <th>INC_CRC<\/th> <td>A75298C0276CD4F5<\/td> <\/tr><tr bgcolor=\"\"> <th>FMEL_UPD_D<\/th> <td>20121219111644<\/td> <\/tr><tr bgcolor=\"#E3E3F3\"> <th>ADDRESSUNITNUMBER<\/th> <td><\/td> <\/tr><\/table><\/center>" }, "geometry": { "type": "Point", "coordinates": [ 103.877757654516998, 1.36277822036695, 0.0 ] } },
{ "type": "Feature", "properties": { "Name": "kml_51", "Description": "<center><table><tr><th colspan='2' align='center'><em>Attributes<\/em><\/th><\/tr><tr bgcolor=\"#E3E3F3\"> <th>ADDRESSBLOCKHOUSENUMBER<\/th> <td><\/td> <\/tr><tr bgcolor=\"\"> <th>ADDRESSBUILDINGNAME<\/th> <td><\/td> <\/tr><tr bgcolor=\"#E3E3F3\"> <th>ADDRESSPOSTALCODE<\/th> <td>397998<\/td> <\/tr><tr bgcolor=\"\"> <th>ADDRESSSTREETNAME<\/th> <td>227 Mountbatten Road Singapore<\/td> <\/tr><tr bgcolor=\"#E3E3F3\"> <th>ADDRESSTYPE<\/th> <td><\/td> <\/tr><tr bgcolor=\"\"> <th>DESCRIPTION<\/th> <td><\/td> <\/tr><tr bgcolor=\"#E3E3F3\"> <th>HYPERLINK<\/th> <td>http:\/\/www.ssd.edu.sg<\/td> <\/tr><tr bgcolor=\"\"> <th>LANDXADDRESSPOINT<\/th> <td>0<\/td> <\/tr><tr bgcolor=\"#E3E3F3\"> <th>LANDYADDRESSPOINT<\/th> <td>0<\/td> <\/tr><tr bgcolor=\"\"> <th>NAME<\/th> <td>Singapore School for the Deaf<\/td> <\/tr><tr bgcolor=\"#E3E3F3\"> <th>PHOTOURL<\/th> <td><\/td> <\/tr><tr bgcolor=\"\"> <th>ADDRESSFLOORNUMBER<\/th> <td><\/td> <\/tr><tr bgcolor=\"#E3E3F3\"> <th>INC_CRC<\/th> <td>CBECC49AD9F249DE<\/td> <\/tr><tr bgcolor=\"\"> <th>FMEL_UPD_D<\/th> <td>20121219111649<\/td> <\/tr><tr bgcolor=\"#E3E3F3\"> <th>ADDRESSUNITNUMBER<\/th> <td><\/td> <\/tr><\/table><\/center>" }, "geometry": { "type": "Point", "coordinates": [ 103.879886320645994, 1.30762025848808, 0.0 ] } },
{ "type": "Feature", "properties": { "Name": "kml_52", "Description": "<center><table><tr><th colspan='2' align='center'><em>Attributes<\/em><\/th><\/tr><tr bgcolor=\"#E3E3F3\"> <th>ADDRESSBLOCKHOUSENUMBER<\/th> <td><\/td> <\/tr><tr bgcolor=\"\"> <th>ADDRESSBUILDINGNAME<\/th> <td><\/td> <\/tr><tr bgcolor=\"#E3E3F3\"> <th>ADDRESSPOSTALCODE<\/th> <td>458686<\/td> <\/tr><tr bgcolor=\"\"> <th>ADDRESSSTREETNAME<\/th> <td>1 Elliott Road Singapore<\/td> <\/tr><tr bgcolor=\"#E3E3F3\"> <th>ADDRESSTYPE<\/th> <td><\/td> <\/tr><tr bgcolor=\"\"> <th>DESCRIPTION<\/th> <td><\/td> <\/tr><tr bgcolor=\"#E3E3F3\"> <th>HYPERLINK<\/th> <td>http:\/\/www.sach.org.sg<\/td> <\/tr><tr bgcolor=\"\"> <th>LANDXADDRESSPOINT<\/th> <td>0<\/td> <\/tr><tr bgcolor=\"#E3E3F3\"> <th>LANDYADDRESSPOINT<\/th> <td>0<\/td> <\/tr><tr bgcolor=\"\"> <th>NAME<\/th> <td>St Andrew's Autism School St Andrew's Autism Centre<\/td> <\/tr><tr bgcolor=\"#E3E3F3\"> <th>PHOTOURL<\/th> <td><\/td> <\/tr><tr bgcolor=\"\"> <th>ADDRESSFLOORNUMBER<\/th> <td><\/td> <\/tr><tr bgcolor=\"#E3E3F3\"> <th>INC_CRC<\/th> <td>430A9605781D3A0C<\/td> <\/tr><tr bgcolor=\"\"> <th>FMEL_UPD_D<\/th> <td>20121219111651<\/td> <\/tr><tr bgcolor=\"#E3E3F3\"> <th>ADDRESSUNITNUMBER<\/th> <td><\/td> <\/tr><\/table><\/center>" }, "geometry": { "type": "Point", "coordinates": [ 103.930120930206002, 1.31120591944818, 0.0 ] } },
{ "type": "Feature", "properties": { "Name": "kml_53", "Description": "<center><table><tr><th colspan='2' align='center'><em>Attributes<\/em><\/th><\/tr><tr bgcolor=\"#E3E3F3\"> <th>ADDRESSBLOCKHOUSENUMBER<\/th> <td><\/td> <\/tr><tr bgcolor=\"\"> <th>ADDRESSBUILDINGNAME<\/th> <td><\/td> <\/tr><tr bgcolor=\"#E3E3F3\"> <th>ADDRESSPOSTALCODE<\/th> <td>530627<\/td> <\/tr><tr bgcolor=\"\"> <th>ADDRESSSTREETNAME<\/th> <td>Blk 627 Hougang Avenue 8 #01-130 Singapore<\/td> <\/tr><tr bgcolor=\"#E3E3F3\"> <th>ADDRESSTYPE<\/th> <td><\/td> <\/tr><tr bgcolor=\"\"> <th>DESCRIPTION<\/th> <td><\/td> <\/tr><tr bgcolor=\"#E3E3F3\"> <th>HYPERLINK<\/th> <td>http:\/\/www.metta.org.sg<\/td> <\/tr><tr bgcolor=\"\"> <th>LANDXADDRESSPOINT<\/th> <td>0<\/td> <\/tr><tr bgcolor=\"#E3E3F3\"> <th>LANDYADDRESSPOINT<\/th> <td>0<\/td> <\/tr><tr bgcolor=\"\"> <th>NAME<\/th> <td>Metta Welfare Association Metta Day Activity Centre for the Intellectually Disabled<\/td> <\/tr><tr bgcolor=\"#E3E3F3\"> <th>PHOTOURL<\/th> <td><\/td> <\/tr><tr bgcolor=\"\"> <th>ADDRESSFLOORNUMBER<\/th> <td><\/td> <\/tr><tr bgcolor=\"#E3E3F3\"> <th>INC_CRC<\/th> <td>8846634F3DD5C9CB<\/td> <\/tr><tr bgcolor=\"\"> <th>FMEL_UPD_D<\/th> <td>20121122110133<\/td> <\/tr><tr bgcolor=\"#E3E3F3\"> <th>ADDRESSUNITNUMBER<\/th> <td><\/td> <\/tr><\/table><\/center>" }, "geometry": { "type": "Point", "coordinates": [ 103.881883114323998, 1.36922941895959, 0.0 ] } },
{ "type": "Feature", "properties": { "Name": "kml_54", "Description": "<center><table><tr><th colspan='2' align='center'><em>Attributes<\/em><\/th><\/tr><tr bgcolor=\"#E3E3F3\"> <th>ADDRESSBLOCKHOUSENUMBER<\/th> <td><\/td> <\/tr><tr bgcolor=\"\"> <th>ADDRESSBUILDINGNAME<\/th> <td><\/td> <\/tr><tr bgcolor=\"#E3E3F3\"> <th>ADDRESSPOSTALCODE<\/th> <td>397998<\/td> <\/tr><tr bgcolor=\"\"> <th>ADDRESSSTREETNAME<\/th> <td>227 Mountbatten Road Singapore<\/td> <\/tr><tr bgcolor=\"#E3E3F3\"> <th>ADDRESSTYPE<\/th> <td><\/td> <\/tr><tr bgcolor=\"\"> <th>DESCRIPTION<\/th> <td><\/td> <\/tr><tr bgcolor=\"#E3E3F3\"> <th>HYPERLINK<\/th> <td>http:\/\/www.sadeaf.org.sg<\/td> <\/tr><tr bgcolor=\"\"> <th>LANDXADDRESSPOINT<\/th> <td>0<\/td> <\/tr><tr bgcolor=\"#E3E3F3\"> <th>LANDYADDRESSPOINT<\/th> <td>0<\/td> <\/tr><tr bgcolor=\"\"> <th>NAME<\/th> <td>The Singapore Association for the Deaf SADeaf - Community Integration Support<\/td> <\/tr><tr bgcolor=\"#E3E3F3\"> <th>PHOTOURL<\/th> <td><\/td> <\/tr><tr bgcolor=\"\"> <th>ADDRESSFLOORNUMBER<\/th> <td><\/td> <\/tr><tr bgcolor=\"#E3E3F3\"> <th>INC_CRC<\/th> <td>CBECC49ABD7B6FC6<\/td> <\/tr><tr bgcolor=\"\"> <th>FMEL_UPD_D<\/th> <td>20121219111651<\/td> <\/tr><tr bgcolor=\"#E3E3F3\"> <th>ADDRESSUNITNUMBER<\/th> <td><\/td> <\/tr><\/table><\/center>" }, "geometry": { "type": "Point", "coordinates": [ 103.879886320645994, 1.30762025848808, 0.0 ] } },
{ "type": "Feature", "properties": { "Name": "kml_55", "Description": "<center><table><tr><th colspan='2' align='center'><em>Attributes<\/em><\/th><\/tr><tr bgcolor=\"#E3E3F3\"> <th>ADDRESSBLOCKHOUSENUMBER<\/th> <td><\/td> <\/tr><tr bgcolor=\"\"> <th>ADDRESSBUILDINGNAME<\/th> <td><\/td> <\/tr><tr bgcolor=\"#E3E3F3\"> <th>ADDRESSPOSTALCODE<\/th> <td>547532<\/td> <\/tr><tr bgcolor=\"\"> <th>ADDRESSSTREETNAME<\/th> <td>11 Lorong Napiri ACCESS Building Singapore<\/td> <\/tr><tr bgcolor=\"#E3E3F3\"> <th>ADDRESSTYPE<\/th> <td><\/td> <\/tr><tr bgcolor=\"\"> <th>DESCRIPTION<\/th> <td><\/td> <\/tr><tr bgcolor=\"#E3E3F3\"> <th>HYPERLINK<\/th> <td>http:\/\/www.awwa.org.sg<\/td> <\/tr><tr bgcolor=\"\"> <th>LANDXADDRESSPOINT<\/th> <td>0<\/td> <\/tr><tr bgcolor=\"#E3E3F3\"> <th>LANDYADDRESSPOINT<\/th> <td>0<\/td> <\/tr><tr bgcolor=\"\"> <th>NAME<\/th> <td>Asian Women's Welfare Association (AWWA)                                                                AWWA School<\/td> <\/tr><tr bgcolor=\"#E3E3F3\"> <th>PHOTOURL<\/th> <td><\/td> <\/tr><tr bgcolor=\"\"> <th>ADDRESSFLOORNUMBER<\/th> <td><\/td> <\/tr><tr bgcolor=\"#E3E3F3\"> <th>INC_CRC<\/th> <td>0845E2121EB95D31<\/td> <\/tr><tr bgcolor=\"\"> <th>FMEL_UPD_D<\/th> <td>20121122110133<\/td> <\/tr><tr bgcolor=\"#E3E3F3\"> <th>ADDRESSUNITNUMBER<\/th> <td><\/td> <\/tr><\/table><\/center>" }, "geometry": { "type": "Point", "coordinates": [ 103.878744070731997, 1.37273748346619, 0.0 ] } },
{ "type": "Feature", "properties": { "Name": "kml_56", "Description": "<center><table><tr><th colspan='2' align='center'><em>Attributes<\/em><\/th><\/tr><tr bgcolor=\"#E3E3F3\"> <th>ADDRESSBLOCKHOUSENUMBER<\/th> <td><\/td> <\/tr><tr bgcolor=\"\"> <th>ADDRESSBUILDINGNAME<\/th> <td><\/td> <\/tr><tr bgcolor=\"#E3E3F3\"> <th>ADDRESSPOSTALCODE<\/th> <td>556057<\/td> <\/tr><tr bgcolor=\"\"> <th>ADDRESSSTREETNAME<\/th> <td>202 Serangoon Garden Way Singapore<\/td> <\/tr><tr bgcolor=\"#E3E3F3\"> <th>ADDRESSTYPE<\/th> <td><\/td> <\/tr><tr bgcolor=\"\"> <th>DESCRIPTION<\/th> <td><\/td> <\/tr><tr bgcolor=\"#E3E3F3\"> <th>HYPERLINK<\/th> <td>http:\/\/www.cslmch.org.sg<\/td> <\/tr><tr bgcolor=\"\"> <th>LANDXADDRESSPOINT<\/th> <td>0<\/td> <\/tr><tr bgcolor=\"#E3E3F3\"> <th>LANDYADDRESSPOINT<\/th> <td>0<\/td> <\/tr><tr bgcolor=\"\"> <th>NAME<\/th> <td>Chen Su Lan Methodist Children's Home<\/td> <\/tr><tr bgcolor=\"#E3E3F3\"> <th>PHOTOURL<\/th> <td><\/td> <\/tr><tr bgcolor=\"\"> <th>ADDRESSFLOORNUMBER<\/th> <td><\/td> <\/tr><tr bgcolor=\"#E3E3F3\"> <th>INC_CRC<\/th> <td>226E3618B1FD9828<\/td> <\/tr><tr bgcolor=\"\"> <th>FMEL_UPD_D<\/th> <td>20121122110133<\/td> <\/tr><tr bgcolor=\"#E3E3F3\"> <th>ADDRESSUNITNUMBER<\/th> <td><\/td> <\/tr><\/table><\/center>" }, "geometry": { "type": "Point", "coordinates": [ 103.861966521819994, 1.36844772249524, 0.0 ] } },
{ "type": "Feature", "properties": { "Name": "kml_57", "Description": "<center><table><tr><th colspan='2' align='center'><em>Attributes<\/em><\/th><\/tr><tr bgcolor=\"#E3E3F3\"> <th>ADDRESSBLOCKHOUSENUMBER<\/th> <td><\/td> <\/tr><tr bgcolor=\"\"> <th>ADDRESSBUILDINGNAME<\/th> <td><\/td> <\/tr><tr bgcolor=\"#E3E3F3\"> <th>ADDRESSPOSTALCODE<\/th> <td>547533<\/td> <\/tr><tr bgcolor=\"\"> <th>ADDRESSSTREETNAME<\/th> <td>7 Lorong Napiri Singapore<\/td> <\/tr><tr bgcolor=\"#E3E3F3\"> <th>ADDRESSTYPE<\/th> <td><\/td> <\/tr><tr bgcolor=\"\"> <th>DESCRIPTION<\/th> <td><\/td> <\/tr><tr bgcolor=\"#E3E3F3\"> <th>HYPERLINK<\/th> <td>http:\/\/www.minds.org.sg<\/td> <\/tr><tr bgcolor=\"\"> <th>LANDXADDRESSPOINT<\/th> <td>0<\/td> <\/tr><tr bgcolor=\"#E3E3F3\"> <th>LANDYADDRESSPOINT<\/th> <td>0<\/td> <\/tr><tr bgcolor=\"\"> <th>NAME<\/th> <td>Movement for the Intellectually Disabled of Singapore (MINDS)       MINDSville@Napiri - Children's Wing<\/td> <\/tr><tr bgcolor=\"#E3E3F3\"> <th>PHOTOURL<\/th> <td><\/td> <\/tr><tr bgcolor=\"\"> <th>ADDRESSFLOORNUMBER<\/th> <td><\/td> <\/tr><tr bgcolor=\"#E3E3F3\"> <th>INC_CRC<\/th> <td>5B0A4326394493D9<\/td> <\/tr><tr bgcolor=\"\"> <th>FMEL_UPD_D<\/th> <td>20121122110133<\/td> <\/tr><tr bgcolor=\"#E3E3F3\"> <th>ADDRESSUNITNUMBER<\/th> <td><\/td> <\/tr><\/table><\/center>" }, "geometry": { "type": "Point", "coordinates": [ 103.878470820481994, 1.37201049307311, 0.0 ] } },
{ "type": "Feature", "properties": { "Name": "kml_58", "Description": "<center><table><tr><th colspan='2' align='center'><em>Attributes<\/em><\/th><\/tr><tr bgcolor=\"#E3E3F3\"> <th>ADDRESSBLOCKHOUSENUMBER<\/th> <td><\/td> <\/tr><tr bgcolor=\"\"> <th>ADDRESSBUILDINGNAME<\/th> <td><\/td> <\/tr><tr bgcolor=\"#E3E3F3\"> <th>ADDRESSPOSTALCODE<\/th> <td>159052<\/td> <\/tr><tr bgcolor=\"\"> <th>ADDRESSSTREETNAME<\/th> <td>No. 8 Lengkok Bahru #04-01 Family Link @ Lengkok Bahru Singapore<\/td> <\/tr><tr bgcolor=\"#E3E3F3\"> <th>ADDRESSTYPE<\/th> <td><\/td> <\/tr><tr bgcolor=\"\"> <th>DESCRIPTION<\/th> <td><\/td> <\/tr><tr bgcolor=\"#E3E3F3\"> <th>HYPERLINK<\/th> <td>http:\/\/www.redcross.org.sg<\/td> <\/tr><tr bgcolor=\"\"> <th>LANDXADDRESSPOINT<\/th> <td>0<\/td> <\/tr><tr bgcolor=\"#E3E3F3\"> <th>LANDYADDRESSPOINT<\/th> <td>0<\/td> <\/tr><tr bgcolor=\"\"> <th>NAME<\/th> <td>Singapore Red Cross Society Red Cross Home for the Disabled<\/td> <\/tr><tr bgcolor=\"#E3E3F3\"> <th>PHOTOURL<\/th> <td><\/td> <\/tr><tr bgcolor=\"\"> <th>ADDRESSFLOORNUMBER<\/th> <td><\/td> <\/tr><tr bgcolor=\"#E3E3F3\"> <th>INC_CRC<\/th> <td>E34D6163A5961112<\/td> <\/tr><tr bgcolor=\"\"> <th>FMEL_UPD_D<\/th> <td>20121122110133<\/td> <\/tr><tr bgcolor=\"#E3E3F3\"> <th>ADDRESSUNITNUMBER<\/th> <td><\/td> <\/tr><\/table><\/center>" }, "geometry": { "type": "Point", "coordinates": [ 103.811251369423999, 1.2864500139675, 0.0 ] } },
{ "type": "Feature", "properties": { "Name": "kml_59", "Description": "<center><table><tr><th colspan='2' align='center'><em>Attributes<\/em><\/th><\/tr><tr bgcolor=\"#E3E3F3\"> <th>ADDRESSBLOCKHOUSENUMBER<\/th> <td><\/td> <\/tr><tr bgcolor=\"\"> <th>ADDRESSBUILDINGNAME<\/th> <td><\/td> <\/tr><tr bgcolor=\"#E3E3F3\"> <th>ADDRESSPOSTALCODE<\/th> <td>547531<\/td> <\/tr><tr bgcolor=\"\"> <th>ADDRESSSTREETNAME<\/th> <td>9 Lorong Napiri Singapore<\/td> <\/tr><tr bgcolor=\"#E3E3F3\"> <th>ADDRESSTYPE<\/th> <td><\/td> <\/tr><tr bgcolor=\"\"> <th>DESCRIPTION<\/th> <td><\/td> <\/tr><tr bgcolor=\"#E3E3F3\"> <th>HYPERLINK<\/th> <td>http:\/\/www.awwa.org.sg<\/td> <\/tr><tr bgcolor=\"\"> <th>LANDXADDRESSPOINT<\/th> <td>0<\/td> <\/tr><tr bgcolor=\"#E3E3F3\"> <th>LANDYADDRESSPOINT<\/th> <td>0<\/td> <\/tr><tr bgcolor=\"\"> <th>NAME<\/th> <td>Asian Women's Welfare Association (AWWA) AWWA TEACHME Services<\/td> <\/tr><tr bgcolor=\"#E3E3F3\"> <th>PHOTOURL<\/th> <td><\/td> <\/tr><tr bgcolor=\"\"> <th>ADDRESSFLOORNUMBER<\/th> <td><\/td> <\/tr><tr bgcolor=\"#E3E3F3\"> <th>INC_CRC<\/th> <td>0845E21246D82BAD<\/td> <\/tr><tr bgcolor=\"\"> <th>FMEL_UPD_D<\/th> <td>20121122110133<\/td> <\/tr><tr bgcolor=\"#E3E3F3\"> <th>ADDRESSUNITNUMBER<\/th> <td><\/td> <\/tr><\/table><\/center>" }, "geometry": { "type": "Point", "coordinates": [ 103.878744070731997, 1.37273748346619, 0.0 ] } },
{ "type": "Feature", "properties": { "Name": "kml_60", "Description": "<center><table><tr><th colspan='2' align='center'><em>Attributes<\/em><\/th><\/tr><tr bgcolor=\"#E3E3F3\"> <th>ADDRESSBLOCKHOUSENUMBER<\/th> <td><\/td> <\/tr><tr bgcolor=\"\"> <th>ADDRESSBUILDINGNAME<\/th> <td><\/td> <\/tr><tr bgcolor=\"#E3E3F3\"> <th>ADDRESSPOSTALCODE<\/th> <td>547532<\/td> <\/tr><tr bgcolor=\"\"> <th>ADDRESSSTREETNAME<\/th> <td>11 Lorong Napiri Singapore<\/td> <\/tr><tr bgcolor=\"#E3E3F3\"> <th>ADDRESSTYPE<\/th> <td><\/td> <\/tr><tr bgcolor=\"\"> <th>DESCRIPTION<\/th> <td><\/td> <\/tr><tr bgcolor=\"#E3E3F3\"> <th>HYPERLINK<\/th> <td>http:\/\/www.awwa.org.sg<\/td> <\/tr><tr bgcolor=\"\"> <th>LANDXADDRESSPOINT<\/th> <td>0<\/td> <\/tr><tr bgcolor=\"#E3E3F3\"> <th>LANDYADDRESSPOINT<\/th> <td>0<\/td> <\/tr><tr bgcolor=\"\"> <th>NAME<\/th> <td>Asian Women's Welfare Association (AWWA) AWWA Early Years Centre<\/td> <\/tr><tr bgcolor=\"#E3E3F3\"> <th>PHOTOURL<\/th> <td><\/td> <\/tr><tr bgcolor=\"\"> <th>ADDRESSFLOORNUMBER<\/th> <td><\/td> <\/tr><tr bgcolor=\"#E3E3F3\"> <th>INC_CRC<\/th> <td>0845E21231CE6590<\/td> <\/tr><tr bgcolor=\"\"> <th>FMEL_UPD_D<\/th> <td>20121122110133<\/td> <\/tr><tr bgcolor=\"#E3E3F3\"> <th>ADDRESSUNITNUMBER<\/th> <td><\/td> <\/tr><\/table><\/center>" }, "geometry": { "type": "Point", "coordinates": [ 103.878744070731997, 1.37273748346619, 0.0 ] } },
{ "type": "Feature", "properties": { "Name": "kml_61", "Description": "<center><table><tr><th colspan='2' align='center'><em>Attributes<\/em><\/th><\/tr><tr bgcolor=\"#E3E3F3\"> <th>ADDRESSBLOCKHOUSENUMBER<\/th> <td><\/td> <\/tr><tr bgcolor=\"\"> <th>ADDRESSBUILDINGNAME<\/th> <td><\/td> <\/tr><tr bgcolor=\"#E3E3F3\"> <th>ADDRESSPOSTALCODE<\/th> <td>120374<\/td> <\/tr><tr bgcolor=\"\"> <th>ADDRESSSTREETNAME<\/th> <td>Blk 374 Clementi Avenue 4 #01-182 Singapore<\/td> <\/tr><tr bgcolor=\"#E3E3F3\"> <th>ADDRESSTYPE<\/th> <td><\/td> <\/tr><tr bgcolor=\"\"> <th>DESCRIPTION<\/th> <td><\/td> <\/tr><tr bgcolor=\"#E3E3F3\"> <th>HYPERLINK<\/th> <td>http:\/\/www.autism.org.sg<\/td> <\/tr><tr bgcolor=\"\"> <th>LANDXADDRESSPOINT<\/th> <td>0<\/td> <\/tr><tr bgcolor=\"#E3E3F3\"> <th>LANDYADDRESSPOINT<\/th> <td>0<\/td> <\/tr><tr bgcolor=\"\"> <th>NAME<\/th> <td>Autism Association Singapore (AAS) Eden Children's Centre (Clementi)<\/td> <\/tr><tr bgcolor=\"#E3E3F3\"> <th>PHOTOURL<\/th> <td><\/td> <\/tr><tr bgcolor=\"\"> <th>ADDRESSFLOORNUMBER<\/th> <td><\/td> <\/tr><tr bgcolor=\"#E3E3F3\"> <th>INC_CRC<\/th> <td>9C7FD0871F498E0F<\/td> <\/tr><tr bgcolor=\"\"> <th>FMEL_UPD_D<\/th> <td>20121122110133<\/td> <\/tr><tr bgcolor=\"#E3E3F3\"> <th>ADDRESSUNITNUMBER<\/th> <td><\/td> <\/tr><\/table><\/center>" }, "geometry": { "type": "Point", "coordinates": [ 103.766982695557999, 1.31912691481594, 0.0 ] } },
{ "type": "Feature", "properties": { "Name": "kml_62", "Description": "<center><table><tr><th colspan='2' align='center'><em>Attributes<\/em><\/th><\/tr><tr bgcolor=\"#E3E3F3\"> <th>ADDRESSBLOCKHOUSENUMBER<\/th> <td><\/td> <\/tr><tr bgcolor=\"\"> <th>ADDRESSBUILDINGNAME<\/th> <td><\/td> <\/tr><tr bgcolor=\"#E3E3F3\"> <th>ADDRESSPOSTALCODE<\/th> <td>520148<\/td> <\/tr><tr bgcolor=\"\"> <th>ADDRESSSTREETNAME<\/th> <td>Blk 148 Simei Street 1 #01-121 Singapore<\/td> <\/tr><tr bgcolor=\"#E3E3F3\"> <th>ADDRESSTYPE<\/th> <td><\/td> <\/tr><tr bgcolor=\"\"> <th>DESCRIPTION<\/th> <td><\/td> <\/tr><tr bgcolor=\"#E3E3F3\"> <th>HYPERLINK<\/th> <td>http:\/\/www.autism.org.sg<\/td> <\/tr><tr bgcolor=\"\"> <th>LANDXADDRESSPOINT<\/th> <td>0<\/td> <\/tr><tr bgcolor=\"#E3E3F3\"> <th>LANDYADDRESSPOINT<\/th> <td>0<\/td> <\/tr><tr bgcolor=\"\"> <th>NAME<\/th> <td>Autism Association Singapore (AAS) Eden Children's Centre (Simei)<\/td> <\/tr><tr bgcolor=\"#E3E3F3\"> <th>PHOTOURL<\/th> <td><\/td> <\/tr><tr bgcolor=\"\"> <th>ADDRESSFLOORNUMBER<\/th> <td><\/td> <\/tr><tr bgcolor=\"#E3E3F3\"> <th>INC_CRC<\/th> <td>20360BAD03729445<\/td> <\/tr><tr bgcolor=\"\"> <th>FMEL_UPD_D<\/th> <td>20121122110133<\/td> <\/tr><tr bgcolor=\"#E3E3F3\"> <th>ADDRESSUNITNUMBER<\/th> <td><\/td> <\/tr><\/table><\/center>" }, "geometry": { "type": "Point", "coordinates": [ 103.955938586770003, 1.34628745819335, 0.0 ] } },
{ "type": "Feature", "properties": { "Name": "kml_63", "Description": "<center><table><tr><th colspan='2' align='center'><em>Attributes<\/em><\/th><\/tr><tr bgcolor=\"#E3E3F3\"> <th>ADDRESSBLOCKHOUSENUMBER<\/th> <td><\/td> <\/tr><tr bgcolor=\"\"> <th>ADDRESSBUILDINGNAME<\/th> <td><\/td> <\/tr><tr bgcolor=\"#E3E3F3\"> <th>ADDRESSPOSTALCODE<\/th> <td>397998<\/td> <\/tr><tr bgcolor=\"\"> <th>ADDRESSSTREETNAME<\/th> <td>227 Mountbatten Road Singapore<\/td> <\/tr><tr bgcolor=\"#E3E3F3\"> <th>ADDRESSTYPE<\/th> <td><\/td> <\/tr><tr bgcolor=\"\"> <th>DESCRIPTION<\/th> <td><\/td> <\/tr><tr bgcolor=\"#E3E3F3\"> <th>HYPERLINK<\/th> <td>http:\/\/www.sadeaf.org.sg<\/td> <\/tr><tr bgcolor=\"\"> <th>LANDXADDRESSPOINT<\/th> <td>0<\/td> <\/tr><tr bgcolor=\"#E3E3F3\"> <th>LANDYADDRESSPOINT<\/th> <td>0<\/td> <\/tr><tr bgcolor=\"\"> <th>NAME<\/th> <td>The Singapore Association for the Deaf SADeaf - Community Integration Support<\/td> <\/tr><tr bgcolor=\"#E3E3F3\"> <th>PHOTOURL<\/th> <td><\/td> <\/tr><tr bgcolor=\"\"> <th>ADDRESSFLOORNUMBER<\/th> <td><\/td> <\/tr><tr bgcolor=\"#E3E3F3\"> <th>INC_CRC<\/th> <td>CBECC49ABD7B6FC6<\/td> <\/tr><tr bgcolor=\"\"> <th>FMEL_UPD_D<\/th> <td>20121219111651<\/td> <\/tr><tr bgcolor=\"#E3E3F3\"> <th>ADDRESSUNITNUMBER<\/th> <td><\/td> <\/tr><\/table><\/center>" }, "geometry": { "type": "Point", "coordinates": [ 103.879886320645994, 1.30762025848808, 0.0 ] } },
{ "type": "Feature", "properties": { "Name": "kml_64", "Description": "<center><table><tr><th colspan='2' align='center'><em>Attributes<\/em><\/th><\/tr><tr bgcolor=\"#E3E3F3\"> <th>ADDRESSBLOCKHOUSENUMBER<\/th> <td><\/td> <\/tr><tr bgcolor=\"\"> <th>ADDRESSBUILDINGNAME<\/th> <td><\/td> <\/tr><tr bgcolor=\"#E3E3F3\"> <th>ADDRESSPOSTALCODE<\/th> <td>600101<\/td> <\/tr><tr bgcolor=\"\"> <th>ADDRESSSTREETNAME<\/th> <td>Blk 101 Jurong East Street 13 #01-188 Singapore<\/td> <\/tr><tr bgcolor=\"#E3E3F3\"> <th>ADDRESSTYPE<\/th> <td><\/td> <\/tr><tr bgcolor=\"\"> <th>DESCRIPTION<\/th> <td><\/td> <\/tr><tr bgcolor=\"#E3E3F3\"> <th>HYPERLINK<\/th> <td>http:\/\/www.fycs.org<\/td> <\/tr><tr bgcolor=\"\"> <th>LANDXADDRESSPOINT<\/th> <td>0<\/td> <\/tr><tr bgcolor=\"#E3E3F3\"> <th>LANDYADDRESSPOINT<\/th> <td>0<\/td> <\/tr><tr bgcolor=\"\"> <th>NAME<\/th> <td>Fei Yue Community Services (FYCS)                                                                                 Fei Yue Early Intervention Programme for Infants and Children Centre<\/td> <\/tr><tr bgcolor=\"#E3E3F3\"> <th>PHOTOURL<\/th> <td><\/td> <\/tr><tr bgcolor=\"\"> <th>ADDRESSFLOORNUMBER<\/th> <td><\/td> <\/tr><tr bgcolor=\"#E3E3F3\"> <th>INC_CRC<\/th> <td>CB0F11AF7116585A<\/td> <\/tr><tr bgcolor=\"\"> <th>FMEL_UPD_D<\/th> <td>20121122110133<\/td> <\/tr><tr bgcolor=\"#E3E3F3\"> <th>ADDRESSUNITNUMBER<\/th> <td><\/td> <\/tr><\/table><\/center>" }, "geometry": { "type": "Point", "coordinates": [ 103.738778469389999, 1.33698520839022, 0.0 ] } },
{ "type": "Feature", "properties": { "Name": "kml_65", "Description": "<center><table><tr><th colspan='2' align='center'><em>Attributes<\/em><\/th><\/tr><tr bgcolor=\"#E3E3F3\"> <th>ADDRESSBLOCKHOUSENUMBER<\/th> <td><\/td> <\/tr><tr bgcolor=\"\"> <th>ADDRESSBUILDINGNAME<\/th> <td><\/td> <\/tr><tr bgcolor=\"#E3E3F3\"> <th>ADDRESSPOSTALCODE<\/th> <td>820194<\/td> <\/tr><tr bgcolor=\"\"> <th>ADDRESSSTREETNAME<\/th> <td>Blk 194 Punggol Road #01-01 Singapore<\/td> <\/tr><tr bgcolor=\"#E3E3F3\"> <th>ADDRESSTYPE<\/th> <td><\/td> <\/tr><tr bgcolor=\"\"> <th>DESCRIPTION<\/th> <td><\/td> <\/tr><tr bgcolor=\"#E3E3F3\"> <th>HYPERLINK<\/th> <td>http:\/\/www.metta.org.sg<\/td> <\/tr><tr bgcolor=\"\"> <th>LANDXADDRESSPOINT<\/th> <td>0<\/td> <\/tr><tr bgcolor=\"#E3E3F3\"> <th>LANDYADDRESSPOINT<\/th> <td>0<\/td> <\/tr><tr bgcolor=\"\"> <th>NAME<\/th> <td>Metta Welfare Association (Preschool@punggol)<\/td> <\/tr><tr bgcolor=\"#E3E3F3\"> <th>PHOTOURL<\/th> <td><\/td> <\/tr><tr bgcolor=\"\"> <th>ADDRESSFLOORNUMBER<\/th> <td><\/td> <\/tr><tr bgcolor=\"#E3E3F3\"> <th>INC_CRC<\/th> <td>AE31D582C23802F5<\/td> <\/tr><tr bgcolor=\"\"> <th>FMEL_UPD_D<\/th> <td>20121122110134<\/td> <\/tr><tr bgcolor=\"#E3E3F3\"> <th>ADDRESSUNITNUMBER<\/th> <td><\/td> <\/tr><\/table><\/center>" }, "geometry": { "type": "Point", "coordinates": [ 103.906465581860999, 1.40225005438711, 0.0 ] } },
{ "type": "Feature", "properties": { "Name": "kml_66", "Description": "<center><table><tr><th colspan='2' align='center'><em>Attributes<\/em><\/th><\/tr><tr bgcolor=\"#E3E3F3\"> <th>ADDRESSBLOCKHOUSENUMBER<\/th> <td><\/td> <\/tr><tr bgcolor=\"\"> <th>ADDRESSBUILDINGNAME<\/th> <td><\/td> <\/tr><tr bgcolor=\"#E3E3F3\"> <th>ADDRESSPOSTALCODE<\/th> <td>458686<\/td> <\/tr><tr bgcolor=\"\"> <th>ADDRESSSTREETNAME<\/th> <td>1 Elliot Road Singapore<\/td> <\/tr><tr bgcolor=\"#E3E3F3\"> <th>ADDRESSTYPE<\/th> <td><\/td> <\/tr><tr bgcolor=\"\"> <th>DESCRIPTION<\/th> <td><\/td> <\/tr><tr bgcolor=\"#E3E3F3\"> <th>HYPERLINK<\/th> <td>http:\/\/www.saac.org.sg<\/td> <\/tr><tr bgcolor=\"\"> <th>LANDXADDRESSPOINT<\/th> <td>0<\/td> <\/tr><tr bgcolor=\"#E3E3F3\"> <th>LANDYADDRESSPOINT<\/th> <td>0<\/td> <\/tr><tr bgcolor=\"\"> <th>NAME<\/th> <td>St Andrew's Adult Services St Andrew's Autism Centre<\/td> <\/tr><tr bgcolor=\"#E3E3F3\"> <th>PHOTOURL<\/th> <td><\/td> <\/tr><tr bgcolor=\"\"> <th>ADDRESSFLOORNUMBER<\/th> <td><\/td> <\/tr><tr bgcolor=\"#E3E3F3\"> <th>INC_CRC<\/th> <td>430A9605FD92481C<\/td> <\/tr><tr bgcolor=\"\"> <th>FMEL_UPD_D<\/th> <td>20121219111651<\/td> <\/tr><tr bgcolor=\"#E3E3F3\"> <th>ADDRESSUNITNUMBER<\/th> <td><\/td> <\/tr><\/table><\/center>" }, "geometry": { "type": "Point", "coordinates": [ 103.930120930206002, 1.31120591944818, 0.0 ] } },
{ "type": "Feature", "properties": { "Name": "kml_67", "Description": "<center><table><tr><th colspan='2' align='center'><em>Attributes<\/em><\/th><\/tr><tr bgcolor=\"#E3E3F3\"> <th>ADDRESSBLOCKHOUSENUMBER<\/th> <td><\/td> <\/tr><tr bgcolor=\"\"> <th>ADDRESSBUILDINGNAME<\/th> <td><\/td> <\/tr><tr bgcolor=\"#E3E3F3\"> <th>ADDRESSPOSTALCODE<\/th> <td>529950<\/td> <\/tr><tr bgcolor=\"\"> <th>ADDRESSSTREETNAME<\/th> <td>32 Simei Street 1 Metta Building Level 1 Singapore<\/td> <\/tr><tr bgcolor=\"#E3E3F3\"> <th>ADDRESSTYPE<\/th> <td><\/td> <\/tr><tr bgcolor=\"\"> <th>DESCRIPTION<\/th> <td><\/td> <\/tr><tr bgcolor=\"#E3E3F3\"> <th>HYPERLINK<\/th> <td>http:\/\/www.metta.org.sg<\/td> <\/tr><tr bgcolor=\"\"> <th>LANDXADDRESSPOINT<\/th> <td>0<\/td> <\/tr><tr bgcolor=\"#E3E3F3\"> <th>LANDYADDRESSPOINT<\/th> <td>0<\/td> <\/tr><tr bgcolor=\"\"> <th>NAME<\/th> <td>Metta Welfare Association (Preschool@simei)<\/td> <\/tr><tr bgcolor=\"#E3E3F3\"> <th>PHOTOURL<\/th> <td><\/td> <\/tr><tr bgcolor=\"\"> <th>ADDRESSFLOORNUMBER<\/th> <td><\/td> <\/tr><tr bgcolor=\"#E3E3F3\"> <th>INC_CRC<\/th> <td>80B81FD0EB80426B<\/td> <\/tr><tr bgcolor=\"\"> <th>FMEL_UPD_D<\/th> <td>20121122110134<\/td> <\/tr><tr bgcolor=\"#E3E3F3\"> <th>ADDRESSUNITNUMBER<\/th> <td><\/td> <\/tr><\/table><\/center>" }, "geometry": { "type": "Point", "coordinates": [ 103.957512092027997, 1.34722546134429, 0.0 ] } },
{ "type": "Feature", "properties": { "Name": "kml_68", "Description": "<center><table><tr><th colspan='2' align='center'><em>Attributes<\/em><\/th><\/tr><tr bgcolor=\"#E3E3F3\"> <th>ADDRESSBLOCKHOUSENUMBER<\/th> <td><\/td> <\/tr><tr bgcolor=\"\"> <th>ADDRESSBUILDINGNAME<\/th> <td><\/td> <\/tr><tr bgcolor=\"#E3E3F3\"> <th>ADDRESSPOSTALCODE<\/th> <td>149306<\/td> <\/tr><tr bgcolor=\"\"> <th>ADDRESSSTREETNAME<\/th> <td>501 Margaret Drive Singapore<\/td> <\/tr><tr bgcolor=\"#E3E3F3\"> <th>ADDRESSTYPE<\/th> <td><\/td> <\/tr><tr bgcolor=\"\"> <th>DESCRIPTION<\/th> <td><\/td> <\/tr><tr bgcolor=\"#E3E3F3\"> <th>HYPERLINK<\/th> <td>http:\/\/www.rainbowcentre.org.sg<\/td> <\/tr><tr bgcolor=\"\"> <th>LANDXADDRESSPOINT<\/th> <td>0<\/td> <\/tr><tr bgcolor=\"#E3E3F3\"> <th>LANDYADDRESSPOINT<\/th> <td>0<\/td> <\/tr><tr bgcolor=\"\"> <th>NAME<\/th> <td>Rainbow Centre Rainbow Centre Early Intervention Programme - Margaret Drvie (RC EIPMD)<\/td> <\/tr><tr bgcolor=\"#E3E3F3\"> <th>PHOTOURL<\/th> <td><\/td> <\/tr><tr bgcolor=\"\"> <th>ADDRESSFLOORNUMBER<\/th> <td><\/td> <\/tr><tr bgcolor=\"#E3E3F3\"> <th>INC_CRC<\/th> <td>C0C3C5FDB0BEF2E3<\/td> <\/tr><tr bgcolor=\"\"> <th>FMEL_UPD_D<\/th> <td>20121122110134<\/td> <\/tr><tr bgcolor=\"#E3E3F3\"> <th>ADDRESSUNITNUMBER<\/th> <td><\/td> <\/tr><\/table><\/center>" }, "geometry": { "type": "Point", "coordinates": [ 103.809086200935994, 1.29728287886412, 0.0 ] } },
{ "type": "Feature", "properties": { "Name": "kml_69", "Description": "<center><table><tr><th colspan='2' align='center'><em>Attributes<\/em><\/th><\/tr><tr bgcolor=\"#E3E3F3\"> <th>ADDRESSBLOCKHOUSENUMBER<\/th> <td><\/td> <\/tr><tr bgcolor=\"\"> <th>ADDRESSBUILDINGNAME<\/th> <td><\/td> <\/tr><tr bgcolor=\"#E3E3F3\"> <th>ADDRESSPOSTALCODE<\/th> <td>768548<\/td> <\/tr><tr bgcolor=\"\"> <th>ADDRESSSTREETNAME<\/th> <td>15 Yishun Street 61 Singapore<\/td> <\/tr><tr bgcolor=\"#E3E3F3\"> <th>ADDRESSTYPE<\/th> <td><\/td> <\/tr><tr bgcolor=\"\"> <th>DESCRIPTION<\/th> <td><\/td> <\/tr><tr bgcolor=\"#E3E3F3\"> <th>HYPERLINK<\/th> <td>http:\/\/www.rainbowcentre.org.sg<\/td> <\/tr><tr bgcolor=\"\"> <th>LANDXADDRESSPOINT<\/th> <td>0<\/td> <\/tr><tr bgcolor=\"#E3E3F3\"> <th>LANDYADDRESSPOINT<\/th> <td>0<\/td> <\/tr><tr bgcolor=\"\"> <th>NAME<\/th> <td>Rainbow Centre Yishun Park School Rainbow Centre Early Intervention Centre - Yishun Park (RC EIPYP)<\/td> <\/tr><tr bgcolor=\"#E3E3F3\"> <th>PHOTOURL<\/th> <td><\/td> <\/tr><tr bgcolor=\"\"> <th>ADDRESSFLOORNUMBER<\/th> <td><\/td> <\/tr><tr bgcolor=\"#E3E3F3\"> <th>INC_CRC<\/th> <td>6677B7FAB5C6CC4D<\/td> <\/tr><tr bgcolor=\"\"> <th>FMEL_UPD_D<\/th> <td>20121122110134<\/td> <\/tr><tr bgcolor=\"#E3E3F3\"> <th>ADDRESSUNITNUMBER<\/th> <td><\/td> <\/tr><\/table><\/center>" }, "geometry": { "type": "Point", "coordinates": [ 103.837187828062, 1.42001143852334, 0.0 ] } },
{ "type": "Feature", "properties": { "Name": "kml_70", "Description": "<center><table><tr><th colspan='2' align='center'><em>Attributes<\/em><\/th><\/tr><tr bgcolor=\"#E3E3F3\"> <th>ADDRESSBLOCKHOUSENUMBER<\/th> <td><\/td> <\/tr><tr bgcolor=\"\"> <th>ADDRESSBUILDINGNAME<\/th> <td><\/td> <\/tr><tr bgcolor=\"#E3E3F3\"> <th>ADDRESSPOSTALCODE<\/th> <td>600337<\/td> <\/tr><tr bgcolor=\"\"> <th>ADDRESSSTREETNAME<\/th> <td>Blk 337 Jurong East Ave 1 #01-1562 Singapore<\/td> <\/tr><tr bgcolor=\"#E3E3F3\"> <th>ADDRESSTYPE<\/th> <td><\/td> <\/tr><tr bgcolor=\"\"> <th>DESCRIPTION<\/th> <td><\/td> <\/tr><tr bgcolor=\"#E3E3F3\"> <th>HYPERLINK<\/th> <td>http:\/\/www.spd.org.sg<\/td> <\/tr><tr bgcolor=\"\"> <th>LANDXADDRESSPOINT<\/th> <td>0<\/td> <\/tr><tr bgcolor=\"#E3E3F3\"> <th>LANDYADDRESSPOINT<\/th> <td>0<\/td> <\/tr><tr bgcolor=\"\"> <th>NAME<\/th> <td>Society for the Physically Disabled (Jurong) SPD Building Bridges EIPIC Centre<\/td> <\/tr><tr bgcolor=\"#E3E3F3\"> <th>PHOTOURL<\/th> <td><\/td> <\/tr><tr bgcolor=\"\"> <th>ADDRESSFLOORNUMBER<\/th> <td><\/td> <\/tr><tr bgcolor=\"#E3E3F3\"> <th>INC_CRC<\/th> <td>36F51BC6B558C5C6<\/td> <\/tr><tr bgcolor=\"\"> <th>FMEL_UPD_D<\/th> <td>20121122110134<\/td> <\/tr><tr bgcolor=\"#E3E3F3\"> <th>ADDRESSUNITNUMBER<\/th> <td><\/td> <\/tr><\/table><\/center>" }, "geometry": { "type": "Point", "coordinates": [ 103.731894092372997, 1.34973787449592, 0.0 ] } },
{ "type": "Feature", "properties": { "Name": "kml_71", "Description": "<center><table><tr><th colspan='2' align='center'><em>Attributes<\/em><\/th><\/tr><tr bgcolor=\"#E3E3F3\"> <th>ADDRESSBLOCKHOUSENUMBER<\/th> <td><\/td> <\/tr><tr bgcolor=\"\"> <th>ADDRESSBUILDINGNAME<\/th> <td><\/td> <\/tr><tr bgcolor=\"#E3E3F3\"> <th>ADDRESSPOSTALCODE<\/th> <td>168955<\/td> <\/tr><tr bgcolor=\"\"> <th>ADDRESSSTREETNAME<\/th> <td>2 Peng Nguan Street SPD Ability Centre Singapore<\/td> <\/tr><tr bgcolor=\"#E3E3F3\"> <th>ADDRESSTYPE<\/th> <td><\/td> <\/tr><tr bgcolor=\"\"> <th>DESCRIPTION<\/th> <td><\/td> <\/tr><tr bgcolor=\"#E3E3F3\"> <th>HYPERLINK<\/th> <td>http:\/\/www.spd.org.sg<\/td> <\/tr><tr bgcolor=\"\"> <th>LANDXADDRESSPOINT<\/th> <td>0<\/td> <\/tr><tr bgcolor=\"#E3E3F3\"> <th>LANDYADDRESSPOINT<\/th> <td>0<\/td> <\/tr><tr bgcolor=\"\"> <th>NAME<\/th> <td>Society for the Physically Disabled (Peng Nguan Street) SPD Building Bridges EIPIC Centre<\/td> <\/tr><tr bgcolor=\"#E3E3F3\"> <th>PHOTOURL<\/th> <td><\/td> <\/tr><tr bgcolor=\"\"> <th>ADDRESSFLOORNUMBER<\/th> <td><\/td> <\/tr><tr bgcolor=\"#E3E3F3\"> <th>INC_CRC<\/th> <td>10CD98489D44DF2C<\/td> <\/tr><tr bgcolor=\"\"> <th>FMEL_UPD_D<\/th> <td>20121122110134<\/td> <\/tr><tr bgcolor=\"#E3E3F3\"> <th>ADDRESSUNITNUMBER<\/th> <td><\/td> <\/tr><\/table><\/center>" }, "geometry": { "type": "Point", "coordinates": [ 103.831105756194006, 1.28197433392447, 0.0 ] } },
{ "type": "Feature", "properties": { "Name": "kml_72", "Description": "<center><table><tr><th colspan='2' align='center'><em>Attributes<\/em><\/th><\/tr><tr bgcolor=\"#E3E3F3\"> <th>ADDRESSBLOCKHOUSENUMBER<\/th> <td><\/td> <\/tr><tr bgcolor=\"\"> <th>ADDRESSBUILDINGNAME<\/th> <td><\/td> <\/tr><tr bgcolor=\"#E3E3F3\"> <th>ADDRESSPOSTALCODE<\/th> <td>400352<\/td> <\/tr><tr bgcolor=\"\"> <th>ADDRESSSTREETNAME<\/th> <td>Blk 352 Ubi Avenue 1 #01-989 Singapore<\/td> <\/tr><tr bgcolor=\"#E3E3F3\"> <th>ADDRESSTYPE<\/th> <td><\/td> <\/tr><tr bgcolor=\"\"> <th>DESCRIPTION<\/th> <td><\/td> <\/tr><tr bgcolor=\"#E3E3F3\"> <th>HYPERLINK<\/th> <td>http:\/\/www.touch.org.sg<\/td> <\/tr><tr bgcolor=\"\"> <th>LANDXADDRESSPOINT<\/th> <td>0<\/td> <\/tr><tr bgcolor=\"#E3E3F3\"> <th>LANDYADDRESSPOINT<\/th> <td>0<\/td> <\/tr><tr bgcolor=\"\"> <th>NAME<\/th> <td>TOUCH Community Services TOUCH Centre for Independent Living<\/td> <\/tr><tr bgcolor=\"#E3E3F3\"> <th>PHOTOURL<\/th> <td><\/td> <\/tr><tr bgcolor=\"\"> <th>ADDRESSFLOORNUMBER<\/th> <td><\/td> <\/tr><tr bgcolor=\"#E3E3F3\"> <th>INC_CRC<\/th> <td>364E0D0F490C89FC<\/td> <\/tr><tr bgcolor=\"\"> <th>FMEL_UPD_D<\/th> <td>20121122110128<\/td> <\/tr><tr bgcolor=\"#E3E3F3\"> <th>ADDRESSUNITNUMBER<\/th> <td><\/td> <\/tr><\/table><\/center>" }, "geometry": { "type": "Point", "coordinates": [ 103.899688309235998, 1.3252831829299, 0.0 ] } },
{ "type": "Feature", "properties": { "Name": "kml_73", "Description": "<center><table><tr><th colspan='2' align='center'><em>Attributes<\/em><\/th><\/tr><tr bgcolor=\"#E3E3F3\"> <th>ADDRESSBLOCKHOUSENUMBER<\/th> <td><\/td> <\/tr><tr bgcolor=\"\"> <th>ADDRESSBUILDINGNAME<\/th> <td><\/td> <\/tr><tr bgcolor=\"#E3E3F3\"> <th>ADDRESSPOSTALCODE<\/th> <td>547533<\/td> <\/tr><tr bgcolor=\"\"> <th>ADDRESSSTREETNAME<\/th> <td>7 Lorong Napiri Singapore<\/td> <\/tr><tr bgcolor=\"#E3E3F3\"> <th>ADDRESSTYPE<\/th> <td><\/td> <\/tr><tr bgcolor=\"\"> <th>DESCRIPTION<\/th> <td><\/td> <\/tr><tr bgcolor=\"#E3E3F3\"> <th>HYPERLINK<\/th> <td>http:\/\/www.minds.org.sg\/MVHG\/index.html<\/td> <\/tr><tr bgcolor=\"\"> <th>LANDXADDRESSPOINT<\/th> <td>0<\/td> <\/tr><tr bgcolor=\"#E3E3F3\"> <th>LANDYADDRESSPOINT<\/th> <td>0<\/td> <\/tr><tr bgcolor=\"\"> <th>NAME<\/th> <td>Movement for the Intellectually Disabled of Singapore (MINDS) MINDSVille@Napiri - Hostel\/Group Home<\/td> <\/tr><tr bgcolor=\"#E3E3F3\"> <th>PHOTOURL<\/th> <td><\/td> <\/tr><tr bgcolor=\"\"> <th>ADDRESSFLOORNUMBER<\/th> <td><\/td> <\/tr><tr bgcolor=\"#E3E3F3\"> <th>INC_CRC<\/th> <td>5B0A43263840B266<\/td> <\/tr><tr bgcolor=\"\"> <th>FMEL_UPD_D<\/th> <td>20121122110128<\/td> <\/tr><tr bgcolor=\"#E3E3F3\"> <th>ADDRESSUNITNUMBER<\/th> <td><\/td> <\/tr><\/table><\/center>" }, "geometry": { "type": "Point", "coordinates": [ 103.878470820481994, 1.37201049307311, 0.0 ] } },
{ "type": "Feature", "properties": { "Name": "kml_74", "Description": "<center><table><tr><th colspan='2' align='center'><em>Attributes<\/em><\/th><\/tr><tr bgcolor=\"#E3E3F3\"> <th>ADDRESSBLOCKHOUSENUMBER<\/th> <td><\/td> <\/tr><tr bgcolor=\"\"> <th>ADDRESSBUILDINGNAME<\/th> <td><\/td> <\/tr><tr bgcolor=\"#E3E3F3\"> <th>ADDRESSPOSTALCODE<\/th> <td>400301<\/td> <\/tr><tr bgcolor=\"\"> <th>ADDRESSSTREETNAME<\/th> <td>Blk 301 Ubi Avenue 1 #01-295 Singapore<\/td> <\/tr><tr bgcolor=\"#E3E3F3\"> <th>ADDRESSTYPE<\/th> <td><\/td> <\/tr><tr bgcolor=\"\"> <th>DESCRIPTION<\/th> <td><\/td> <\/tr><tr bgcolor=\"#E3E3F3\"> <th>HYPERLINK<\/th> <td>http:\/\/www.touch.org.sg<\/td> <\/tr><tr bgcolor=\"\"> <th>LANDXADDRESSPOINT<\/th> <td>0<\/td> <\/tr><tr bgcolor=\"#E3E3F3\"> <th>LANDYADDRESSPOINT<\/th> <td>0<\/td> <\/tr><tr bgcolor=\"\"> <th>NAME<\/th> <td>TOUCH Community Services TOUCH Ubi Hostel<\/td> <\/tr><tr bgcolor=\"#E3E3F3\"> <th>PHOTOURL<\/th> <td><\/td> <\/tr><tr bgcolor=\"\"> <th>ADDRESSFLOORNUMBER<\/th> <td><\/td> <\/tr><tr bgcolor=\"#E3E3F3\"> <th>INC_CRC<\/th> <td>26F6B6DADB23797C<\/td> <\/tr><tr bgcolor=\"\"> <th>FMEL_UPD_D<\/th> <td>20121122110128<\/td> <\/tr><tr bgcolor=\"#E3E3F3\"> <th>ADDRESSUNITNUMBER<\/th> <td><\/td> <\/tr><\/table><\/center>" }, "geometry": { "type": "Point", "coordinates": [ 103.901952095227998, 1.33066595657109, 0.0 ] } },
{ "type": "Feature", "properties": { "Name": "kml_75", "Description": "<center><table><tr><th colspan='2' align='center'><em>Attributes<\/em><\/th><\/tr><tr bgcolor=\"#E3E3F3\"> <th>ADDRESSBLOCKHOUSENUMBER<\/th> <td><\/td> <\/tr><tr bgcolor=\"\"> <th>ADDRESSBUILDINGNAME<\/th> <td><\/td> <\/tr><tr bgcolor=\"#E3E3F3\"> <th>ADDRESSPOSTALCODE<\/th> <td>369977<\/td> <\/tr><tr bgcolor=\"\"> <th>ADDRESSSTREETNAME<\/th> <td>8 Burn Road Unit 08-16 Trivex Singapore<\/td> <\/tr><tr bgcolor=\"#E3E3F3\"> <th>ADDRESSTYPE<\/th> <td><\/td> <\/tr><tr bgcolor=\"\"> <th>DESCRIPTION<\/th> <td><\/td> <\/tr><tr bgcolor=\"#E3E3F3\"> <th>HYPERLINK<\/th> <td>http:\/\/www.able-sg.org<\/td> <\/tr><tr bgcolor=\"\"> <th>LANDXADDRESSPOINT<\/th> <td>0<\/td> <\/tr><tr bgcolor=\"#E3E3F3\"> <th>LANDYADDRESSPOINT<\/th> <td>0<\/td> <\/tr><tr bgcolor=\"\"> <th>NAME<\/th> <td>Abilities Beyond Limitations And Expectations Limited (ABLE)<\/td> <\/tr><tr bgcolor=\"#E3E3F3\"> <th>PHOTOURL<\/th> <td><\/td> <\/tr><tr bgcolor=\"\"> <th>ADDRESSFLOORNUMBER<\/th> <td><\/td> <\/tr><tr bgcolor=\"#E3E3F3\"> <th>INC_CRC<\/th> <td>B2B7840AFF7DACDA<\/td> <\/tr><tr bgcolor=\"\"> <th>FMEL_UPD_D<\/th> <td>20121122110128<\/td> <\/tr><tr bgcolor=\"#E3E3F3\"> <th>ADDRESSUNITNUMBER<\/th> <td><\/td> <\/tr><\/table><\/center>" }, "geometry": { "type": "Point", "coordinates": [ 103.885492215857994, 1.33587643485883, 0.0 ] } },
{ "type": "Feature", "properties": { "Name": "kml_76", "Description": "<center><table><tr><th colspan='2' align='center'><em>Attributes<\/em><\/th><\/tr><tr bgcolor=\"#E3E3F3\"> <th>ADDRESSBLOCKHOUSENUMBER<\/th> <td><\/td> <\/tr><tr bgcolor=\"\"> <th>ADDRESSBUILDINGNAME<\/th> <td><\/td> <\/tr><tr bgcolor=\"#E3E3F3\"> <th>ADDRESSPOSTALCODE<\/th> <td>469030<\/td> <\/tr><tr bgcolor=\"\"> <th>ADDRESSSTREETNAME<\/th> <td>2 Chai Chee Lane Singapore<\/td> <\/tr><tr bgcolor=\"#E3E3F3\"> <th>ADDRESSTYPE<\/th> <td><\/td> <\/tr><tr bgcolor=\"\"> <th>DESCRIPTION<\/th> <td><\/td> <\/tr><tr bgcolor=\"#E3E3F3\"> <th>HYPERLINK<\/th> <td>http:\/\/www.thkmc.org.sg<\/td> <\/tr><tr bgcolor=\"\"> <th>LANDXADDRESSPOINT<\/th> <td>0<\/td> <\/tr><tr bgcolor=\"#E3E3F3\"> <th>LANDYADDRESSPOINT<\/th> <td>0<\/td> <\/tr><tr bgcolor=\"\"> <th>NAME<\/th> <td>Thye Hua Kwan Moral Charities (THKMC) THK Home for Disabled Adults @ Chai Chee<\/td> <\/tr><tr bgcolor=\"#E3E3F3\"> <th>PHOTOURL<\/th> <td><\/td> <\/tr><tr bgcolor=\"\"> <th>ADDRESSFLOORNUMBER<\/th> <td><\/td> <\/tr><tr bgcolor=\"#E3E3F3\"> <th>INC_CRC<\/th> <td>A7015B48050EA6A5<\/td> <\/tr><tr bgcolor=\"\"> <th>FMEL_UPD_D<\/th> <td>20121122110131<\/td> <\/tr><tr bgcolor=\"#E3E3F3\"> <th>ADDRESSUNITNUMBER<\/th> <td><\/td> <\/tr><\/table><\/center>" }, "geometry": { "type": "Point", "coordinates": [ 103.919250449567997, 1.32797226455993, 0.0 ] } },
{ "type": "Feature", "properties": { "Name": "kml_77", "Description": "<center><table><tr><th colspan='2' align='center'><em>Attributes<\/em><\/th><\/tr><tr bgcolor=\"#E3E3F3\"> <th>ADDRESSBLOCKHOUSENUMBER<\/th> <td><\/td> <\/tr><tr bgcolor=\"\"> <th>ADDRESSBUILDINGNAME<\/th> <td><\/td> <\/tr><tr bgcolor=\"#E3E3F3\"> <th>ADDRESSPOSTALCODE<\/th> <td>469028<\/td> <\/tr><tr bgcolor=\"\"> <th>ADDRESSSTREETNAME<\/th> <td>Blk 512 Chai Chee Lane #01-09 Bedok Industrial Estate Singapore<\/td> <\/tr><tr bgcolor=\"#E3E3F3\"> <th>ADDRESSTYPE<\/th> <td><\/td> <\/tr><tr bgcolor=\"\"> <th>DESCRIPTION<\/th> <td><\/td> <\/tr><tr bgcolor=\"#E3E3F3\"> <th>HYPERLINK<\/th> <td>http:\/\/www.bizlink.org.sg<\/td> <\/tr><tr bgcolor=\"\"> <th>LANDXADDRESSPOINT<\/th> <td>0<\/td> <\/tr><tr bgcolor=\"#E3E3F3\"> <th>LANDYADDRESSPOINT<\/th> <td>0<\/td> <\/tr><tr bgcolor=\"\"> <th>NAME<\/th> <td>Bizlink Centre Singapore Ltd<\/td> <\/tr><tr bgcolor=\"#E3E3F3\"> <th>PHOTOURL<\/th> <td><\/td> <\/tr><tr bgcolor=\"\"> <th>ADDRESSFLOORNUMBER<\/th> <td><\/td> <\/tr><tr bgcolor=\"#E3E3F3\"> <th>INC_CRC<\/th> <td>90B37B78BDF21E31<\/td> <\/tr><tr bgcolor=\"\"> <th>FMEL_UPD_D<\/th> <td>20121122110131<\/td> <\/tr><tr bgcolor=\"#E3E3F3\"> <th>ADDRESSUNITNUMBER<\/th> <td><\/td> <\/tr><\/table><\/center>" }, "geometry": { "type": "Point", "coordinates": [ 103.917619194100993, 1.32993829903548, 0.0 ] } },
{ "type": "Feature", "properties": { "Name": "kml_78", "Description": "<center><table><tr><th colspan='2' align='center'><em>Attributes<\/em><\/th><\/tr><tr bgcolor=\"#E3E3F3\"> <th>ADDRESSBLOCKHOUSENUMBER<\/th> <td><\/td> <\/tr><tr bgcolor=\"\"> <th>ADDRESSBUILDINGNAME<\/th> <td><\/td> <\/tr><tr bgcolor=\"#E3E3F3\"> <th>ADDRESSPOSTALCODE<\/th> <td>149310<\/td> <\/tr><tr bgcolor=\"\"> <th>ADDRESSSTREETNAME<\/th> <td>800 Margaret Drive Singapore<\/td> <\/tr><tr bgcolor=\"#E3E3F3\"> <th>ADDRESSTYPE<\/th> <td><\/td> <\/tr><tr bgcolor=\"\"> <th>DESCRIPTION<\/th> <td><\/td> <\/tr><tr bgcolor=\"#E3E3F3\"> <th>HYPERLINK<\/th> <td>http:\/\/www.minds.org.sg\/SMEDC<\/td> <\/tr><tr bgcolor=\"\"> <th>LANDXADDRESSPOINT<\/th> <td>0<\/td> <\/tr><tr bgcolor=\"#E3E3F3\"> <th>LANDYADDRESSPOINT<\/th> <td>0<\/td> <\/tr><tr bgcolor=\"\"> <th>NAME<\/th> <td>Movement for the Intellectually Disabled of Singapore (MINDS)                             SIA-MINDS Employment Development Centre<\/td> <\/tr><tr bgcolor=\"#E3E3F3\"> <th>PHOTOURL<\/th> <td><\/td> <\/tr><tr bgcolor=\"\"> <th>ADDRESSFLOORNUMBER<\/th> <td><\/td> <\/tr><tr bgcolor=\"#E3E3F3\"> <th>INC_CRC<\/th> <td>5F022BE4A7CD006E<\/td> <\/tr><tr bgcolor=\"\"> <th>FMEL_UPD_D<\/th> <td>20121122110131<\/td> <\/tr><tr bgcolor=\"#E3E3F3\"> <th>ADDRESSUNITNUMBER<\/th> <td><\/td> <\/tr><\/table><\/center>" }, "geometry": { "type": "Point", "coordinates": [ 103.813287620118999, 1.29465118090888, 0.0 ] } },
{ "type": "Feature", "properties": { "Name": "kml_79", "Description": "<center><table><tr><th colspan='2' align='center'><em>Attributes<\/em><\/th><\/tr><tr bgcolor=\"#E3E3F3\"> <th>ADDRESSBLOCKHOUSENUMBER<\/th> <td><\/td> <\/tr><tr bgcolor=\"\"> <th>ADDRESSBUILDINGNAME<\/th> <td><\/td> <\/tr><tr bgcolor=\"#E3E3F3\"> <th>ADDRESSPOSTALCODE<\/th> <td>737883<\/td> <\/tr><tr bgcolor=\"\"> <th>ADDRESSSTREETNAME<\/th> <td>30 Woodlands Ring Road #01-02 Singapore<\/td> <\/tr><tr bgcolor=\"#E3E3F3\"> <th>ADDRESSTYPE<\/th> <td><\/td> <\/tr><tr bgcolor=\"\"> <th>DESCRIPTION<\/th> <td><\/td> <\/tr><tr bgcolor=\"#E3E3F3\"> <th>HYPERLINK<\/th> <td>http:\/\/www.minds.org.sg\/WEDC<\/td> <\/tr><tr bgcolor=\"\"> <th>LANDXADDRESSPOINT<\/th> <td>0<\/td> <\/tr><tr bgcolor=\"#E3E3F3\"> <th>LANDYADDRESSPOINT<\/th> <td>0<\/td> <\/tr><tr bgcolor=\"\"> <th>NAME<\/th> <td>Movement for the Intellectually Disabled of Singapore (MINDS)                         Woodlands Employment Development Centre<\/td> <\/tr><tr bgcolor=\"#E3E3F3\"> <th>PHOTOURL<\/th> <td><\/td> <\/tr><tr bgcolor=\"\"> <th>ADDRESSFLOORNUMBER<\/th> <td><\/td> <\/tr><tr bgcolor=\"#E3E3F3\"> <th>INC_CRC<\/th> <td>7E123C58C9C6C3AA<\/td> <\/tr><tr bgcolor=\"\"> <th>FMEL_UPD_D<\/th> <td>20121122110131<\/td> <\/tr><tr bgcolor=\"#E3E3F3\"> <th>ADDRESSUNITNUMBER<\/th> <td><\/td> <\/tr><\/table><\/center>" }, "geometry": { "type": "Point", "coordinates": [ 103.797859129407001, 1.43708420985345, 0.0 ] } },
{ "type": "Feature", "properties": { "Name": "kml_80", "Description": "<center><table><tr><th colspan='2' align='center'><em>Attributes<\/em><\/th><\/tr><tr bgcolor=\"#E3E3F3\"> <th>ADDRESSBLOCKHOUSENUMBER<\/th> <td><\/td> <\/tr><tr bgcolor=\"\"> <th>ADDRESSBUILDINGNAME<\/th> <td><\/td> <\/tr><tr bgcolor=\"#E3E3F3\"> <th>ADDRESSPOSTALCODE<\/th> <td>579837<\/td> <\/tr><tr bgcolor=\"\"> <th>ADDRESSSTREETNAME<\/th> <td>9 Bishan Place #06-01 Junction 8 Singapore<\/td> <\/tr><tr bgcolor=\"#E3E3F3\"> <th>ADDRESSTYPE<\/th> <td><\/td> <\/tr><tr bgcolor=\"\"> <th>DESCRIPTION<\/th> <td><\/td> <\/tr><tr bgcolor=\"#E3E3F3\"> <th>HYPERLINK<\/th> <td>http:\/\/www.mdas.org.sg<\/td> <\/tr><tr bgcolor=\"\"> <th>LANDXADDRESSPOINT<\/th> <td>0<\/td> <\/tr><tr bgcolor=\"#E3E3F3\"> <th>LANDYADDRESSPOINT<\/th> <td>0<\/td> <\/tr><tr bgcolor=\"\"> <th>NAME<\/th> <td>Muscular Dystrophy Association (Singapore)<\/td> <\/tr><tr bgcolor=\"#E3E3F3\"> <th>PHOTOURL<\/th> <td><\/td> <\/tr><tr bgcolor=\"\"> <th>ADDRESSFLOORNUMBER<\/th> <td><\/td> <\/tr><tr bgcolor=\"#E3E3F3\"> <th>INC_CRC<\/th> <td>3EF20E941F439B46<\/td> <\/tr><tr bgcolor=\"\"> <th>FMEL_UPD_D<\/th> <td>20121122110132<\/td> <\/tr><tr bgcolor=\"#E3E3F3\"> <th>ADDRESSUNITNUMBER<\/th> <td><\/td> <\/tr><\/table><\/center>" }, "geometry": { "type": "Point", "coordinates": [ 103.848760808860007, 1.35048197875026, 0.0 ] } },
{ "type": "Feature", "properties": { "Name": "kml_81", "Description": "<center><table><tr><th colspan='2' align='center'><em>Attributes<\/em><\/th><\/tr><tr bgcolor=\"#E3E3F3\"> <th>ADDRESSBLOCKHOUSENUMBER<\/th> <td><\/td> <\/tr><tr bgcolor=\"\"> <th>ADDRESSBUILDINGNAME<\/th> <td><\/td> <\/tr><tr bgcolor=\"#E3E3F3\"> <th>ADDRESSPOSTALCODE<\/th> <td>519529<\/td> <\/tr><tr bgcolor=\"\"> <th>ADDRESSSTREETNAME<\/th> <td>65 Pasir Ris Drive 1 Cerebral Palsy Centre Singapore<\/td> <\/tr><tr bgcolor=\"#E3E3F3\"> <th>ADDRESSTYPE<\/th> <td><\/td> <\/tr><tr bgcolor=\"\"> <th>DESCRIPTION<\/th> <td><\/td> <\/tr><tr bgcolor=\"#E3E3F3\"> <th>HYPERLINK<\/th> <td>http:\/\/www.spastic.org.sg<\/td> <\/tr><tr bgcolor=\"\"> <th>LANDXADDRESSPOINT<\/th> <td>0<\/td> <\/tr><tr bgcolor=\"#E3E3F3\"> <th>LANDYADDRESSPOINT<\/th> <td>0<\/td> <\/tr><tr bgcolor=\"\"> <th>NAME<\/th> <td>Spastic Children’s Association of Singapore                                                       Goodwill Rehabilitation & Occupational Workshop (GROW)<\/td> <\/tr><tr bgcolor=\"#E3E3F3\"> <th>PHOTOURL<\/th> <td><\/td> <\/tr><tr bgcolor=\"\"> <th>ADDRESSFLOORNUMBER<\/th> <td><\/td> <\/tr><tr bgcolor=\"#E3E3F3\"> <th>INC_CRC<\/th> <td>26ACBB4242B8ADE2<\/td> <\/tr><tr bgcolor=\"\"> <th>FMEL_UPD_D<\/th> <td>20121122110132<\/td> <\/tr><tr bgcolor=\"#E3E3F3\"> <th>ADDRESSUNITNUMBER<\/th> <td><\/td> <\/tr><\/table><\/center>" }, "geometry": { "type": "Point", "coordinates": [ 103.939412836889005, 1.37514156954505, 0.0 ] } },
{ "type": "Feature", "properties": { "Name": "kml_82", "Description": "<center><table><tr><th colspan='2' align='center'><em>Attributes<\/em><\/th><\/tr><tr bgcolor=\"#E3E3F3\"> <th>ADDRESSBLOCKHOUSENUMBER<\/th> <td><\/td> <\/tr><tr bgcolor=\"\"> <th>ADDRESSBUILDINGNAME<\/th> <td><\/td> <\/tr><tr bgcolor=\"#E3E3F3\"> <th>ADDRESSPOSTALCODE<\/th> <td>400003<\/td> <\/tr><tr bgcolor=\"\"> <th>ADDRESSSTREETNAME<\/th> <td>Blk 3 Eunos Crescent #01-2577 Singapore<\/td> <\/tr><tr bgcolor=\"#E3E3F3\"> <th>ADDRESSTYPE<\/th> <td><\/td> <\/tr><tr bgcolor=\"\"> <th>DESCRIPTION<\/th> <td><\/td> <\/tr><tr bgcolor=\"#E3E3F3\"> <th>HYPERLINK<\/th> <td>http:\/\/www.thkmc.org.sg<\/td> <\/tr><tr bgcolor=\"\"> <th>LANDXADDRESSPOINT<\/th> <td>0<\/td> <\/tr><tr bgcolor=\"#E3E3F3\"> <th>LANDYADDRESSPOINT<\/th> <td>0<\/td> <\/tr><tr bgcolor=\"\"> <th>NAME<\/th> <td>Thye Hua Kwan Moral Charities (THKMC) THK Pan-Disability Centre @ Eunos<\/td> <\/tr><tr bgcolor=\"#E3E3F3\"> <th>PHOTOURL<\/th> <td><\/td> <\/tr><tr bgcolor=\"\"> <th>ADDRESSFLOORNUMBER<\/th> <td><\/td> <\/tr><tr bgcolor=\"#E3E3F3\"> <th>INC_CRC<\/th> <td>D13DF6AF93DF08C9<\/td> <\/tr><tr bgcolor=\"\"> <th>FMEL_UPD_D<\/th> <td>20121122110132<\/td> <\/tr><tr bgcolor=\"#E3E3F3\"> <th>ADDRESSUNITNUMBER<\/th> <td><\/td> <\/tr><\/table><\/center>" }, "geometry": { "type": "Point", "coordinates": [ 103.903228487830006, 1.32067391353827, 0.0 ] } },
{ "type": "Feature", "properties": { "Name": "kml_83", "Description": "<center><table><tr><th colspan='2' align='center'><em>Attributes<\/em><\/th><\/tr><tr bgcolor=\"#E3E3F3\"> <th>ADDRESSBLOCKHOUSENUMBER<\/th> <td><\/td> <\/tr><tr bgcolor=\"\"> <th>ADDRESSBUILDINGNAME<\/th> <td><\/td> <\/tr><tr bgcolor=\"#E3E3F3\"> <th>ADDRESSPOSTALCODE<\/th> <td>369977<\/td> <\/tr><tr bgcolor=\"\"> <th>ADDRESSSTREETNAME<\/th> <td>8 Burn Road Unit 08-16 Trivex Singapore<\/td> <\/tr><tr bgcolor=\"#E3E3F3\"> <th>ADDRESSTYPE<\/th> <td><\/td> <\/tr><tr bgcolor=\"\"> <th>DESCRIPTION<\/th> <td><\/td> <\/tr><tr bgcolor=\"#E3E3F3\"> <th>HYPERLINK<\/th> <td>http:\/\/www.able-sg.org<\/td> <\/tr><tr bgcolor=\"\"> <th>LANDXADDRESSPOINT<\/th> <td>0<\/td> <\/tr><tr bgcolor=\"#E3E3F3\"> <th>LANDYADDRESSPOINT<\/th> <td>0<\/td> <\/tr><tr bgcolor=\"\"> <th>NAME<\/th> <td>Abilities Beyond Limitations And Expectations Limited (ABLE)<\/td> <\/tr><tr bgcolor=\"#E3E3F3\"> <th>PHOTOURL<\/th> <td><\/td> <\/tr><tr bgcolor=\"\"> <th>ADDRESSFLOORNUMBER<\/th> <td><\/td> <\/tr><tr bgcolor=\"#E3E3F3\"> <th>INC_CRC<\/th> <td>B2B7840AFF7DACDA<\/td> <\/tr><tr bgcolor=\"\"> <th>FMEL_UPD_D<\/th> <td>20121122110132<\/td> <\/tr><tr bgcolor=\"#E3E3F3\"> <th>ADDRESSUNITNUMBER<\/th> <td><\/td> <\/tr><\/table><\/center>" }, "geometry": { "type": "Point", "coordinates": [ 103.885492215857994, 1.33587643485883, 0.0 ] } },
{ "type": "Feature", "properties": { "Name": "kml_84", "Description": "<center><table><tr><th colspan='2' align='center'><em>Attributes<\/em><\/th><\/tr><tr bgcolor=\"#E3E3F3\"> <th>ADDRESSBLOCKHOUSENUMBER<\/th> <td><\/td> <\/tr><tr bgcolor=\"\"> <th>ADDRESSBUILDINGNAME<\/th> <td><\/td> <\/tr><tr bgcolor=\"#E3E3F3\"> <th>ADDRESSPOSTALCODE<\/th> <td>469028<\/td> <\/tr><tr bgcolor=\"\"> <th>ADDRESSSTREETNAME<\/th> <td>Blk 512 Chai Chee Lane #01-09 Bedok Industrial Estate Singapore<\/td> <\/tr><tr bgcolor=\"#E3E3F3\"> <th>ADDRESSTYPE<\/th> <td><\/td> <\/tr><tr bgcolor=\"\"> <th>DESCRIPTION<\/th> <td><\/td> <\/tr><tr bgcolor=\"#E3E3F3\"> <th>HYPERLINK<\/th> <td>http:\/\/www.bizlink.org.sg<\/td> <\/tr><tr bgcolor=\"\"> <th>LANDXADDRESSPOINT<\/th> <td>0<\/td> <\/tr><tr bgcolor=\"#E3E3F3\"> <th>LANDYADDRESSPOINT<\/th> <td>0<\/td> <\/tr><tr bgcolor=\"\"> <th>NAME<\/th> <td>Bizlink Centre Singapore Limited Vocational Assessment Division<\/td> <\/tr><tr bgcolor=\"#E3E3F3\"> <th>PHOTOURL<\/th> <td><\/td> <\/tr><tr bgcolor=\"\"> <th>ADDRESSFLOORNUMBER<\/th> <td><\/td> <\/tr><tr bgcolor=\"#E3E3F3\"> <th>INC_CRC<\/th> <td>90B37B78149B3761<\/td> <\/tr><tr bgcolor=\"\"> <th>FMEL_UPD_D<\/th> <td>20121122110132<\/td> <\/tr><tr bgcolor=\"#E3E3F3\"> <th>ADDRESSUNITNUMBER<\/th> <td><\/td> <\/tr><\/table><\/center>" }, "geometry": { "type": "Point", "coordinates": [ 103.917619194100993, 1.32993829903548, 0.0 ] } },
{ "type": "Feature", "properties": { "Name": "kml_85", "Description": "<center><table><tr><th colspan='2' align='center'><em>Attributes<\/em><\/th><\/tr><tr bgcolor=\"#E3E3F3\"> <th>ADDRESSBLOCKHOUSENUMBER<\/th> <td><\/td> <\/tr><tr bgcolor=\"\"> <th>ADDRESSBUILDINGNAME<\/th> <td><\/td> <\/tr><tr bgcolor=\"#E3E3F3\"> <th>ADDRESSPOSTALCODE<\/th> <td>327725<\/td> <\/tr><tr bgcolor=\"\"> <th>ADDRESSSTREETNAME<\/th> <td>16 Whampoa Drive Singapore<\/td> <\/tr><tr bgcolor=\"#E3E3F3\"> <th>ADDRESSTYPE<\/th> <td><\/td> <\/tr><tr bgcolor=\"\"> <th>DESCRIPTION<\/th> <td><\/td> <\/tr><tr bgcolor=\"#E3E3F3\"> <th>HYPERLINK<\/th> <td>http:\/\/www.hwa.org.sg<\/td> <\/tr><tr bgcolor=\"\"> <th>LANDXADDRESSPOINT<\/th> <td>0<\/td> <\/tr><tr bgcolor=\"#E3E3F3\"> <th>LANDYADDRESSPOINT<\/th> <td>0<\/td> <\/tr><tr bgcolor=\"\"> <th>NAME<\/th> <td>Handicaps Welfare Association (Head Office)<\/td> <\/tr><tr bgcolor=\"#E3E3F3\"> <th>PHOTOURL<\/th> <td><\/td> <\/tr><tr bgcolor=\"\"> <th>ADDRESSFLOORNUMBER<\/th> <td><\/td> <\/tr><tr bgcolor=\"#E3E3F3\"> <th>INC_CRC<\/th> <td>0893EE8A4172BAA2<\/td> <\/tr><tr bgcolor=\"\"> <th>FMEL_UPD_D<\/th> <td>20121122110132<\/td> <\/tr><tr bgcolor=\"#E3E3F3\"> <th>ADDRESSUNITNUMBER<\/th> <td><\/td> <\/tr><\/table><\/center>" }, "geometry": { "type": "Point", "coordinates": [ 103.853915231198002, 1.32218289081372, 0.0 ] } },
{ "type": "Feature", "properties": { "Name": "kml_86", "Description": "<center><table><tr><th colspan='2' align='center'><em>Attributes<\/em><\/th><\/tr><tr bgcolor=\"#E3E3F3\"> <th>ADDRESSBLOCKHOUSENUMBER<\/th> <td><\/td> <\/tr><tr bgcolor=\"\"> <th>ADDRESSBUILDINGNAME<\/th> <td><\/td> <\/tr><tr bgcolor=\"#E3E3F3\"> <th>ADDRESSPOSTALCODE<\/th> <td>648886<\/td> <\/tr><tr bgcolor=\"\"> <th>ADDRESSSTREETNAME<\/th> <td>1Jurong West Central 2 #04-03 Jurong Point Shopping Centre Singapore<\/td> <\/tr><tr bgcolor=\"#E3E3F3\"> <th>ADDRESSTYPE<\/th> <td><\/td> <\/tr><tr bgcolor=\"\"> <th>DESCRIPTION<\/th> <td><\/td> <\/tr><tr bgcolor=\"#E3E3F3\"> <th>HYPERLINK<\/th> <td>http:\/\/www.hwa.org.sg<\/td> <\/tr><tr bgcolor=\"\"> <th>LANDXADDRESSPOINT<\/th> <td>0<\/td> <\/tr><tr bgcolor=\"#E3E3F3\"> <th>LANDYADDRESSPOINT<\/th> <td>0<\/td> <\/tr><tr bgcolor=\"\"> <th>NAME<\/th> <td>Handicaps Welfare Association (Jurong Branch)<\/td> <\/tr><tr bgcolor=\"#E3E3F3\"> <th>PHOTOURL<\/th> <td><\/td> <\/tr><tr bgcolor=\"\"> <th>ADDRESSFLOORNUMBER<\/th> <td><\/td> <\/tr><tr bgcolor=\"#E3E3F3\"> <th>INC_CRC<\/th> <td>92BA1ED477D89238<\/td> <\/tr><tr bgcolor=\"\"> <th>FMEL_UPD_D<\/th> <td>20121122110132<\/td> <\/tr><tr bgcolor=\"#E3E3F3\"> <th>ADDRESSUNITNUMBER<\/th> <td><\/td> <\/tr><\/table><\/center>" }, "geometry": { "type": "Point", "coordinates": [ 103.706685012671997, 1.33945200425206, 0.0 ] } },
{ "type": "Feature", "properties": { "Name": "kml_87", "Description": "<center><table><tr><th colspan='2' align='center'><em>Attributes<\/em><\/th><\/tr><tr bgcolor=\"#E3E3F3\"> <th>ADDRESSBLOCKHOUSENUMBER<\/th> <td><\/td> <\/tr><tr bgcolor=\"\"> <th>ADDRESSBUILDINGNAME<\/th> <td><\/td> <\/tr><tr bgcolor=\"#E3E3F3\"> <th>ADDRESSPOSTALCODE<\/th> <td>529950<\/td> <\/tr><tr bgcolor=\"\"> <th>ADDRESSSTREETNAME<\/th> <td>16 Whampoa Drive Singapore<\/td> <\/tr><tr bgcolor=\"#E3E3F3\"> <th>ADDRESSTYPE<\/th> <td><\/td> <\/tr><tr bgcolor=\"\"> <th>DESCRIPTION<\/th> <td><\/td> <\/tr><tr bgcolor=\"#E3E3F3\"> <th>HYPERLINK<\/th> <td>http:\/\/www.happyarts.com.sg<\/td> <\/tr><tr bgcolor=\"\"> <th>LANDXADDRESSPOINT<\/th> <td>0<\/td> <\/tr><tr bgcolor=\"#E3E3F3\"> <th>LANDYADDRESSPOINT<\/th> <td>0<\/td> <\/tr><tr bgcolor=\"\"> <th>NAME<\/th> <td>Happy Arts Enterprise Ltd<\/td> <\/tr><tr bgcolor=\"#E3E3F3\"> <th>PHOTOURL<\/th> <td><\/td> <\/tr><tr bgcolor=\"\"> <th>ADDRESSFLOORNUMBER<\/th> <td><\/td> <\/tr><tr bgcolor=\"#E3E3F3\"> <th>INC_CRC<\/th> <td>80B81FD026DEDA74<\/td> <\/tr><tr bgcolor=\"\"> <th>FMEL_UPD_D<\/th> <td>20121122110132<\/td> <\/tr><tr bgcolor=\"#E3E3F3\"> <th>ADDRESSUNITNUMBER<\/th> <td><\/td> <\/tr><\/table><\/center>" }, "geometry": { "type": "Point", "coordinates": [ 103.957512092027997, 1.34722546134429, 0.0 ] } },
{ "type": "Feature", "properties": { "Name": "kml_88", "Description": "<center><table><tr><th colspan='2' align='center'><em>Attributes<\/em><\/th><\/tr><tr bgcolor=\"#E3E3F3\"> <th>ADDRESSBLOCKHOUSENUMBER<\/th> <td><\/td> <\/tr><tr bgcolor=\"\"> <th>ADDRESSBUILDINGNAME<\/th> <td><\/td> <\/tr><tr bgcolor=\"#E3E3F3\"> <th>ADDRESSPOSTALCODE<\/th> <td>579837<\/td> <\/tr><tr bgcolor=\"\"> <th>ADDRESSSTREETNAME<\/th> <td>9 Bishan Place #06-01 Junction 8 Singapore<\/td> <\/tr><tr bgcolor=\"#E3E3F3\"> <th>ADDRESSTYPE<\/th> <td><\/td> <\/tr><tr bgcolor=\"\"> <th>DESCRIPTION<\/th> <td><\/td> <\/tr><tr bgcolor=\"#E3E3F3\"> <th>HYPERLINK<\/th> <td>http:\/\/www.mdas.org.sg<\/td> <\/tr><tr bgcolor=\"\"> <th>LANDXADDRESSPOINT<\/th> <td>0<\/td> <\/tr><tr bgcolor=\"#E3E3F3\"> <th>LANDYADDRESSPOINT<\/th> <td>0<\/td> <\/tr><tr bgcolor=\"\"> <th>NAME<\/th> <td>Muscular Dystrophy Association (Singapore)<\/td> <\/tr><tr bgcolor=\"#E3E3F3\"> <th>PHOTOURL<\/th> <td><\/td> <\/tr><tr bgcolor=\"\"> <th>ADDRESSFLOORNUMBER<\/th> <td><\/td> <\/tr><tr bgcolor=\"#E3E3F3\"> <th>INC_CRC<\/th> <td>3EF20E941F439B46<\/td> <\/tr><tr bgcolor=\"\"> <th>FMEL_UPD_D<\/th> <td>20121122110132<\/td> <\/tr><tr bgcolor=\"#E3E3F3\"> <th>ADDRESSUNITNUMBER<\/th> <td><\/td> <\/tr><\/table><\/center>" }, "geometry": { "type": "Point", "coordinates": [ 103.848760808860007, 1.35048197875026, 0.0 ] } },
{ "type": "Feature", "properties": { "Name": "kml_89", "Description": "<center><table><tr><th colspan='2' align='center'><em>Attributes<\/em><\/th><\/tr><tr bgcolor=\"#E3E3F3\"> <th>ADDRESSBLOCKHOUSENUMBER<\/th> <td><\/td> <\/tr><tr bgcolor=\"\"> <th>ADDRESSBUILDINGNAME<\/th> <td><\/td> <\/tr><tr bgcolor=\"#E3E3F3\"> <th>ADDRESSPOSTALCODE<\/th> <td>438235<\/td> <\/tr><tr bgcolor=\"\"> <th>ADDRESSSTREETNAME<\/th> <td>29 Jalan Tembusu Singapore<\/td> <\/tr><tr bgcolor=\"#E3E3F3\"> <th>ADDRESSTYPE<\/th> <td><\/td> <\/tr><tr bgcolor=\"\"> <th>DESCRIPTION<\/th> <td><\/td> <\/tr><tr bgcolor=\"#E3E3F3\"> <th>HYPERLINK<\/th> <td>http:\/\/www.apsn.org.sg<\/td> <\/tr><tr bgcolor=\"\"> <th>LANDXADDRESSPOINT<\/th> <td>0<\/td> <\/tr><tr bgcolor=\"#E3E3F3\"> <th>LANDYADDRESSPOINT<\/th> <td>0<\/td> <\/tr><tr bgcolor=\"\"> <th>NAME<\/th> <td>Association For Persons With Special Needs (APSN)                                           Centre for Adults<\/td> <\/tr><tr bgcolor=\"#E3E3F3\"> <th>PHOTOURL<\/th> <td><\/td> <\/tr><tr bgcolor=\"\"> <th>ADDRESSFLOORNUMBER<\/th> <td><\/td> <\/tr><tr bgcolor=\"#E3E3F3\"> <th>INC_CRC<\/th> <td>511106CEBB17C253<\/td> <\/tr><tr bgcolor=\"\"> <th>FMEL_UPD_D<\/th> <td>20121122110128<\/td> <\/tr><tr bgcolor=\"#E3E3F3\"> <th>ADDRESSUNITNUMBER<\/th> <td><\/td> <\/tr><\/table><\/center>" }, "geometry": { "type": "Point", "coordinates": [ 103.897936084833006, 1.30500452286773, 0.0 ] } },
{ "type": "Feature", "properties": { "Name": "kml_90", "Description": "<center><table><tr><th colspan='2' align='center'><em>Attributes<\/em><\/th><\/tr><tr bgcolor=\"#E3E3F3\"> <th>ADDRESSBLOCKHOUSENUMBER<\/th> <td><\/td> <\/tr><tr bgcolor=\"\"> <th>ADDRESSBUILDINGNAME<\/th> <td><\/td> <\/tr><tr bgcolor=\"#E3E3F3\"> <th>ADDRESSPOSTALCODE<\/th> <td>469028<\/td> <\/tr><tr bgcolor=\"\"> <th>ADDRESSSTREETNAME<\/th> <td>Blk 512 Chai Chee Lane #01-09 Bedok Industrial Estate Singapore<\/td> <\/tr><tr bgcolor=\"#E3E3F3\"> <th>ADDRESSTYPE<\/th> <td><\/td> <\/tr><tr bgcolor=\"\"> <th>DESCRIPTION<\/th> <td><\/td> <\/tr><tr bgcolor=\"#E3E3F3\"> <th>HYPERLINK<\/th> <td>http:\/\/www.bizlink.org.sg<\/td> <\/tr><tr bgcolor=\"\"> <th>LANDXADDRESSPOINT<\/th> <td>0<\/td> <\/tr><tr bgcolor=\"#E3E3F3\"> <th>LANDYADDRESSPOINT<\/th> <td>0<\/td> <\/tr><tr bgcolor=\"\"> <th>NAME<\/th> <td>Bizlink Centre Singapore Limited Employment Placement Division<\/td> <\/tr><tr bgcolor=\"#E3E3F3\"> <th>PHOTOURL<\/th> <td><\/td> <\/tr><tr bgcolor=\"\"> <th>ADDRESSFLOORNUMBER<\/th> <td><\/td> <\/tr><tr bgcolor=\"#E3E3F3\"> <th>INC_CRC<\/th> <td>90B37B78F08C692B<\/td> <\/tr><tr bgcolor=\"\"> <th>FMEL_UPD_D<\/th> <td>20121122110128<\/td> <\/tr><tr bgcolor=\"#E3E3F3\"> <th>ADDRESSUNITNUMBER<\/th> <td><\/td> <\/tr><\/table><\/center>" }, "geometry": { "type": "Point", "coordinates": [ 103.917619194100993, 1.32993829903548, 0.0 ] } },
{ "type": "Feature", "properties": { "Name": "kml_91", "Description": "<center><table><tr><th colspan='2' align='center'><em>Attributes<\/em><\/th><\/tr><tr bgcolor=\"#E3E3F3\"> <th>ADDRESSBLOCKHOUSENUMBER<\/th> <td><\/td> <\/tr><tr bgcolor=\"\"> <th>ADDRESSBUILDINGNAME<\/th> <td><\/td> <\/tr><tr bgcolor=\"#E3E3F3\"> <th>ADDRESSPOSTALCODE<\/th> <td>327725<\/td> <\/tr><tr bgcolor=\"\"> <th>ADDRESSSTREETNAME<\/th> <td>16 Whampoa Drive Singapore<\/td> <\/tr><tr bgcolor=\"#E3E3F3\"> <th>ADDRESSTYPE<\/th> <td><\/td> <\/tr><tr bgcolor=\"\"> <th>DESCRIPTION<\/th> <td><\/td> <\/tr><tr bgcolor=\"#E3E3F3\"> <th>HYPERLINK<\/th> <td>http:\/\/www.hwa.org.sg<\/td> <\/tr><tr bgcolor=\"\"> <th>LANDXADDRESSPOINT<\/th> <td>0<\/td> <\/tr><tr bgcolor=\"#E3E3F3\"> <th>LANDYADDRESSPOINT<\/th> <td>0<\/td> <\/tr><tr bgcolor=\"\"> <th>NAME<\/th> <td>Handicaps Welfare Association (Head Office)<\/td> <\/tr><tr bgcolor=\"#E3E3F3\"> <th>PHOTOURL<\/th> <td><\/td> <\/tr><tr bgcolor=\"\"> <th>ADDRESSFLOORNUMBER<\/th> <td><\/td> <\/tr><tr bgcolor=\"#E3E3F3\"> <th>INC_CRC<\/th> <td>0893EE8A4172BAA2<\/td> <\/tr><tr bgcolor=\"\"> <th>FMEL_UPD_D<\/th> <td>20121122110129<\/td> <\/tr><tr bgcolor=\"#E3E3F3\"> <th>ADDRESSUNITNUMBER<\/th> <td><\/td> <\/tr><\/table><\/center>" }, "geometry": { "type": "Point", "coordinates": [ 103.853915231198002, 1.32218289081372, 0.0 ] } },
{ "type": "Feature", "properties": { "Name": "kml_92", "Description": "<center><table><tr><th colspan='2' align='center'><em>Attributes<\/em><\/th><\/tr><tr bgcolor=\"#E3E3F3\"> <th>ADDRESSBLOCKHOUSENUMBER<\/th> <td><\/td> <\/tr><tr bgcolor=\"\"> <th>ADDRESSBUILDINGNAME<\/th> <td><\/td> <\/tr><tr bgcolor=\"#E3E3F3\"> <th>ADDRESSPOSTALCODE<\/th> <td>648886<\/td> <\/tr><tr bgcolor=\"\"> <th>ADDRESSSTREETNAME<\/th> <td>1Jurong West Central 2 #04-03 Jurong Point Shopping Centre Singapore<\/td> <\/tr><tr bgcolor=\"#E3E3F3\"> <th>ADDRESSTYPE<\/th> <td><\/td> <\/tr><tr bgcolor=\"\"> <th>DESCRIPTION<\/th> <td><\/td> <\/tr><tr bgcolor=\"#E3E3F3\"> <th>HYPERLINK<\/th> <td>http:\/\/www.hwa.org.sg<\/td> <\/tr><tr bgcolor=\"\"> <th>LANDXADDRESSPOINT<\/th> <td>0<\/td> <\/tr><tr bgcolor=\"#E3E3F3\"> <th>LANDYADDRESSPOINT<\/th> <td>0<\/td> <\/tr><tr bgcolor=\"\"> <th>NAME<\/th> <td>Handicaps Welfare Association (Jurong Branch)<\/td> <\/tr><tr bgcolor=\"#E3E3F3\"> <th>PHOTOURL<\/th> <td><\/td> <\/tr><tr bgcolor=\"\"> <th>ADDRESSFLOORNUMBER<\/th> <td><\/td> <\/tr><tr bgcolor=\"#E3E3F3\"> <th>INC_CRC<\/th> <td>92BA1ED477D89238<\/td> <\/tr><tr bgcolor=\"\"> <th>FMEL_UPD_D<\/th> <td>20121122110129<\/td> <\/tr><tr bgcolor=\"#E3E3F3\"> <th>ADDRESSUNITNUMBER<\/th> <td><\/td> <\/tr><\/table><\/center>" }, "geometry": { "type": "Point", "coordinates": [ 103.706685012671997, 1.33945200425206, 0.0 ] } },
{ "type": "Feature", "properties": { "Name": "kml_93", "Description": "<center><table><tr><th colspan='2' align='center'><em>Attributes<\/em><\/th><\/tr><tr bgcolor=\"#E3E3F3\"> <th>ADDRESSBLOCKHOUSENUMBER<\/th> <td><\/td> <\/tr><tr bgcolor=\"\"> <th>ADDRESSBUILDINGNAME<\/th> <td><\/td> <\/tr><tr bgcolor=\"#E3E3F3\"> <th>ADDRESSPOSTALCODE<\/th> <td>149310<\/td> <\/tr><tr bgcolor=\"\"> <th>ADDRESSSTREETNAME<\/th> <td>800 Margaret Drive Singapore<\/td> <\/tr><tr bgcolor=\"#E3E3F3\"> <th>ADDRESSTYPE<\/th> <td><\/td> <\/tr><tr bgcolor=\"\"> <th>DESCRIPTION<\/th> <td><\/td> <\/tr><tr bgcolor=\"#E3E3F3\"> <th>HYPERLINK<\/th> <td>http:\/\/www.minds.org.sg<\/td> <\/tr><tr bgcolor=\"\"> <th>LANDXADDRESSPOINT<\/th> <td>0<\/td> <\/tr><tr bgcolor=\"#E3E3F3\"> <th>LANDYADDRESSPOINT<\/th> <td>0<\/td> <\/tr><tr bgcolor=\"\"> <th>NAME<\/th> <td>Movement for the Intellectually Disabled of Singapore (MINDS)                                 Job Placement and Job Support Programme<\/td> <\/tr><tr bgcolor=\"#E3E3F3\"> <th>PHOTOURL<\/th> <td><\/td> <\/tr><tr bgcolor=\"\"> <th>ADDRESSFLOORNUMBER<\/th> <td><\/td> <\/tr><tr bgcolor=\"#E3E3F3\"> <th>INC_CRC<\/th> <td>5F022BE4F92C2528<\/td> <\/tr><tr bgcolor=\"\"> <th>FMEL_UPD_D<\/th> <td>20121122110129<\/td> <\/tr><tr bgcolor=\"#E3E3F3\"> <th>ADDRESSUNITNUMBER<\/th> <td><\/td> <\/tr><\/table><\/center>" }, "geometry": { "type": "Point", "coordinates": [ 103.813287620118999, 1.29465118090888, 0.0 ] } },
{ "type": "Feature", "properties": { "Name": "kml_94", "Description": "<center><table><tr><th colspan='2' align='center'><em>Attributes<\/em><\/th><\/tr><tr bgcolor=\"#E3E3F3\"> <th>ADDRESSBLOCKHOUSENUMBER<\/th> <td><\/td> <\/tr><tr bgcolor=\"\"> <th>ADDRESSBUILDINGNAME<\/th> <td><\/td> <\/tr><tr bgcolor=\"#E3E3F3\"> <th>ADDRESSPOSTALCODE<\/th> <td>168955<\/td> <\/tr><tr bgcolor=\"\"> <th>ADDRESSSTREETNAME<\/th> <td>2 Peng Nguan Street SPD Ability Centre Singapore<\/td> <\/tr><tr bgcolor=\"#E3E3F3\"> <th>ADDRESSTYPE<\/th> <td><\/td> <\/tr><tr bgcolor=\"\"> <th>DESCRIPTION<\/th> <td><\/td> <\/tr><tr bgcolor=\"#E3E3F3\"> <th>HYPERLINK<\/th> <td>http:\/\/www.spd.org.sg<\/td> <\/tr><tr bgcolor=\"\"> <th>LANDXADDRESSPOINT<\/th> <td>0<\/td> <\/tr><tr bgcolor=\"#E3E3F3\"> <th>LANDYADDRESSPOINT<\/th> <td>0<\/td> <\/tr><tr bgcolor=\"\"> <th>NAME<\/th> <td>Society for the Physically Disabled (Peng Nguan Street) Employment Support Programme<\/td> <\/tr><tr bgcolor=\"#E3E3F3\"> <th>PHOTOURL<\/th> <td><\/td> <\/tr><tr bgcolor=\"\"> <th>ADDRESSFLOORNUMBER<\/th> <td><\/td> <\/tr><tr bgcolor=\"#E3E3F3\"> <th>INC_CRC<\/th> <td>10CD98485148832A<\/td> <\/tr><tr bgcolor=\"\"> <th>FMEL_UPD_D<\/th> <td>20121122110129<\/td> <\/tr><tr bgcolor=\"#E3E3F3\"> <th>ADDRESSUNITNUMBER<\/th> <td><\/td> <\/tr><\/table><\/center>" }, "geometry": { "type": "Point", "coordinates": [ 103.831105756194006, 1.28197433392447, 0.0 ] } },
{ "type": "Feature", "properties": { "Name": "kml_95", "Description": "<center><table><tr><th colspan='2' align='center'><em>Attributes<\/em><\/th><\/tr><tr bgcolor=\"#E3E3F3\"> <th>ADDRESSBLOCKHOUSENUMBER<\/th> <td><\/td> <\/tr><tr bgcolor=\"\"> <th>ADDRESSBUILDINGNAME<\/th> <td><\/td> <\/tr><tr bgcolor=\"#E3E3F3\"> <th>ADDRESSPOSTALCODE<\/th> <td>460133<\/td> <\/tr><tr bgcolor=\"\"> <th>ADDRESSSTREETNAME<\/th> <td>Block 133 Bedok North Ave 3 #01-138 Singapore<\/td> <\/tr><tr bgcolor=\"#E3E3F3\"> <th>ADDRESSTYPE<\/th> <td><\/td> <\/tr><tr bgcolor=\"\"> <th>DESCRIPTION<\/th> <td><\/td> <\/tr><tr bgcolor=\"#E3E3F3\"> <th>HYPERLINK<\/th> <td>http:\/\/www.vsa.org.sg<\/td> <\/tr><tr bgcolor=\"\"> <th>LANDXADDRESSPOINT<\/th> <td>0<\/td> <\/tr><tr bgcolor=\"#E3E3F3\"> <th>LANDYADDRESSPOINT<\/th> <td>0<\/td> <\/tr><tr bgcolor=\"\"> <th>NAME<\/th> <td>Very Special Arts Singapore Ltd<\/td> <\/tr><tr bgcolor=\"#E3E3F3\"> <th>PHOTOURL<\/th> <td><\/td> <\/tr><tr bgcolor=\"\"> <th>ADDRESSFLOORNUMBER<\/th> <td><\/td> <\/tr><tr bgcolor=\"#E3E3F3\"> <th>INC_CRC<\/th> <td>ABF6587320766715<\/td> <\/tr><tr bgcolor=\"\"> <th>FMEL_UPD_D<\/th> <td>20121122110129<\/td> <\/tr><tr bgcolor=\"#E3E3F3\"> <th>ADDRESSUNITNUMBER<\/th> <td><\/td> <\/tr><\/table><\/center>" }, "geometry": { "type": "Point", "coordinates": [ 103.935739668634994, 1.32754842669157, 0.0 ] } },
{ "type": "Feature", "properties": { "Name": "kml_96", "Description": "<center><table><tr><th colspan='2' align='center'><em>Attributes<\/em><\/th><\/tr><tr bgcolor=\"#E3E3F3\"> <th>ADDRESSBLOCKHOUSENUMBER<\/th> <td><\/td> <\/tr><tr bgcolor=\"\"> <th>ADDRESSBUILDINGNAME<\/th> <td><\/td> <\/tr><tr bgcolor=\"#E3E3F3\"> <th>ADDRESSPOSTALCODE<\/th> <td>469028<\/td> <\/tr><tr bgcolor=\"\"> <th>ADDRESSSTREETNAME<\/th> <td>Blk 512 Chai Chee Lane #01-09 Bedok Industrial Park Estate<\/td> <\/tr><tr bgcolor=\"#E3E3F3\"> <th>ADDRESSTYPE<\/th> <td><\/td> <\/tr><tr bgcolor=\"\"> <th>DESCRIPTION<\/th> <td><\/td> <\/tr><tr bgcolor=\"#E3E3F3\"> <th>HYPERLINK<\/th> <td>http:\/\/www.bizlink.org.sg<\/td> <\/tr><tr bgcolor=\"\"> <th>LANDXADDRESSPOINT<\/th> <td>0<\/td> <\/tr><tr bgcolor=\"#E3E3F3\"> <th>LANDYADDRESSPOINT<\/th> <td>0<\/td> <\/tr><tr bgcolor=\"\"> <th>NAME<\/th> <td>Bizlink Centre Singapore Ltd Employment Placement Division<\/td> <\/tr><tr bgcolor=\"#E3E3F3\"> <th>PHOTOURL<\/th> <td><\/td> <\/tr><tr bgcolor=\"\"> <th>ADDRESSFLOORNUMBER<\/th> <td><\/td> <\/tr><tr bgcolor=\"#E3E3F3\"> <th>INC_CRC<\/th> <td>90B37B78A8C84F06<\/td> <\/tr><tr bgcolor=\"\"> <th>FMEL_UPD_D<\/th> <td>20121122110126<\/td> <\/tr><tr bgcolor=\"#E3E3F3\"> <th>ADDRESSUNITNUMBER<\/th> <td><\/td> <\/tr><\/table><\/center>" }, "geometry": { "type": "Point", "coordinates": [ 103.917619194100993, 1.32993829903548, 0.0 ] } },
{ "type": "Feature", "properties": { "Name": "kml_97", "Description": "<center><table><tr><th colspan='2' align='center'><em>Attributes<\/em><\/th><\/tr><tr bgcolor=\"#E3E3F3\"> <th>ADDRESSBLOCKHOUSENUMBER<\/th> <td><\/td> <\/tr><tr bgcolor=\"\"> <th>ADDRESSBUILDINGNAME<\/th> <td><\/td> <\/tr><tr bgcolor=\"#E3E3F3\"> <th>ADDRESSPOSTALCODE<\/th> <td>149310<\/td> <\/tr><tr bgcolor=\"\"> <th>ADDRESSSTREETNAME<\/th> <td>800 Margaret Drive 5\/F SIA-MINDS EDC Building Singapore<\/td> <\/tr><tr bgcolor=\"#E3E3F3\"> <th>ADDRESSTYPE<\/th> <td><\/td> <\/tr><tr bgcolor=\"\"> <th>DESCRIPTION<\/th> <td><\/td> <\/tr><tr bgcolor=\"#E3E3F3\"> <th>HYPERLINK<\/th> <td>http:\/\/www.minds.org.sg<\/td> <\/tr><tr bgcolor=\"\"> <th>LANDXADDRESSPOINT<\/th> <td>0<\/td> <\/tr><tr bgcolor=\"#E3E3F3\"> <th>LANDYADDRESSPOINT<\/th> <td>0<\/td> <\/tr><tr bgcolor=\"\"> <th>NAME<\/th> <td>Movement for the Intellectually Disabled of Singapore (MINDS)                                MINDS Community Group Home<\/td> <\/tr><tr bgcolor=\"#E3E3F3\"> <th>PHOTOURL<\/th> <td><\/td> <\/tr><tr bgcolor=\"\"> <th>ADDRESSFLOORNUMBER<\/th> <td><\/td> <\/tr><tr bgcolor=\"#E3E3F3\"> <th>INC_CRC<\/th> <td>5F022BE4C7A3E439<\/td> <\/tr><tr bgcolor=\"\"> <th>FMEL_UPD_D<\/th> <td>20121122110126<\/td> <\/tr><tr bgcolor=\"#E3E3F3\"> <th>ADDRESSUNITNUMBER<\/th> <td><\/td> <\/tr><\/table><\/center>" }, "geometry": { "type": "Point", "coordinates": [ 103.813287620118999, 1.29465118090888, 0.0 ] } },
{ "type": "Feature", "properties": { "Name": "kml_98", "Description": "<center><table><tr><th colspan='2' align='center'><em>Attributes<\/em><\/th><\/tr><tr bgcolor=\"#E3E3F3\"> <th>ADDRESSBLOCKHOUSENUMBER<\/th> <td><\/td> <\/tr><tr bgcolor=\"\"> <th>ADDRESSBUILDINGNAME<\/th> <td><\/td> <\/tr><tr bgcolor=\"#E3E3F3\"> <th>ADDRESSPOSTALCODE<\/th> <td>149306<\/td> <\/tr><tr bgcolor=\"\"> <th>ADDRESSSTREETNAME<\/th> <td>501 Margaret Drive Singapore<\/td> <\/tr><tr bgcolor=\"#E3E3F3\"> <th>ADDRESSTYPE<\/th> <td><\/td> <\/tr><tr bgcolor=\"\"> <th>DESCRIPTION<\/th> <td><\/td> <\/tr><tr bgcolor=\"#E3E3F3\"> <th>HYPERLINK<\/th> <td>http:\/\/www.rainbowcentre.org.sg<\/td> <\/tr><tr bgcolor=\"\"> <th>LANDXADDRESSPOINT<\/th> <td>0<\/td> <\/tr><tr bgcolor=\"#E3E3F3\"> <th>LANDYADDRESSPOINT<\/th> <td>0<\/td> <\/tr><tr bgcolor=\"\"> <th>NAME<\/th> <td>Rainbow Centre Rainbow Centre Training & Consultancy<\/td> <\/tr><tr bgcolor=\"#E3E3F3\"> <th>PHOTOURL<\/th> <td><\/td> <\/tr><tr bgcolor=\"\"> <th>ADDRESSFLOORNUMBER<\/th> <td><\/td> <\/tr><tr bgcolor=\"#E3E3F3\"> <th>INC_CRC<\/th> <td>C0C3C5FD3D9F448B<\/td> <\/tr><tr bgcolor=\"\"> <th>FMEL_UPD_D<\/th> <td>20121122110126<\/td> <\/tr><tr bgcolor=\"#E3E3F3\"> <th>ADDRESSUNITNUMBER<\/th> <td><\/td> <\/tr><\/table><\/center>" }, "geometry": { "type": "Point", "coordinates": [ 103.809086200935994, 1.29728287886412, 0.0 ] } },
{ "type": "Feature", "properties": { "Name": "kml_99", "Description": "<center><table><tr><th colspan='2' align='center'><em>Attributes<\/em><\/th><\/tr><tr bgcolor=\"#E3E3F3\"> <th>ADDRESSBLOCKHOUSENUMBER<\/th> <td><\/td> <\/tr><tr bgcolor=\"\"> <th>ADDRESSBUILDINGNAME<\/th> <td><\/td> <\/tr><tr bgcolor=\"#E3E3F3\"> <th>ADDRESSPOSTALCODE<\/th> <td>168955<\/td> <\/tr><tr bgcolor=\"\"> <th>ADDRESSSTREETNAME<\/th> <td>2 Peng Nguan Street SPD Ability Centre Singapore<\/td> <\/tr><tr bgcolor=\"#E3E3F3\"> <th>ADDRESSTYPE<\/th> <td><\/td> <\/tr><tr bgcolor=\"\"> <th>DESCRIPTION<\/th> <td><\/td> <\/tr><tr bgcolor=\"#E3E3F3\"> <th>HYPERLINK<\/th> <td>http:\/\/www.spd.org.sg<\/td> <\/tr><tr bgcolor=\"\"> <th>LANDXADDRESSPOINT<\/th> <td>0<\/td> <\/tr><tr bgcolor=\"#E3E3F3\"> <th>LANDYADDRESSPOINT<\/th> <td>0<\/td> <\/tr><tr bgcolor=\"\"> <th>NAME<\/th> <td>Society for the Physically Disabled (Peng Nguan Street) SPD IT Apprenticeship Programme<\/td> <\/tr><tr bgcolor=\"#E3E3F3\"> <th>PHOTOURL<\/th> <td><\/td> <\/tr><tr bgcolor=\"\"> <th>ADDRESSFLOORNUMBER<\/th> <td><\/td> <\/tr><tr bgcolor=\"#E3E3F3\"> <th>INC_CRC<\/th> <td>10CD984854B49DC5<\/td> <\/tr><tr bgcolor=\"\"> <th>FMEL_UPD_D<\/th> <td>20121122110126<\/td> <\/tr><tr bgcolor=\"#E3E3F3\"> <th>ADDRESSUNITNUMBER<\/th> <td><\/td> <\/tr><\/table><\/center>" }, "geometry": { "type": "Point", "coordinates": [ 103.831105756194006, 1.28197433392447, 0.0 ] } },
{ "type": "Feature", "properties": { "Name": "kml_100", "Description": "<center><table><tr><th colspan='2' align='center'><em>Attributes<\/em><\/th><\/tr><tr bgcolor=\"#E3E3F3\"> <th>ADDRESSBLOCKHOUSENUMBER<\/th> <td><\/td> <\/tr><tr bgcolor=\"\"> <th>ADDRESSBUILDINGNAME<\/th> <td><\/td> <\/tr><tr bgcolor=\"#E3E3F3\"> <th>ADDRESSPOSTALCODE<\/th> <td>168955<\/td> <\/tr><tr bgcolor=\"\"> <th>ADDRESSSTREETNAME<\/th> <td>2 Peng Nguan Street SPD Ability Centre Singapore<\/td> <\/tr><tr bgcolor=\"#E3E3F3\"> <th>ADDRESSTYPE<\/th> <td><\/td> <\/tr><tr bgcolor=\"\"> <th>DESCRIPTION<\/th> <td><\/td> <\/tr><tr bgcolor=\"#E3E3F3\"> <th>HYPERLINK<\/th> <td>http:\/\/www.spd.org.sg<\/td> <\/tr><tr bgcolor=\"\"> <th>LANDXADDRESSPOINT<\/th> <td>0<\/td> <\/tr><tr bgcolor=\"#E3E3F3\"> <th>LANDYADDRESSPOINT<\/th> <td>0<\/td> <\/tr><tr bgcolor=\"\"> <th>NAME<\/th> <td>Society for the Physically Disabled (Peng Nguan Street) SPD Specialised Assitive Technology Centre<\/td> <\/tr><tr bgcolor=\"#E3E3F3\"> <th>PHOTOURL<\/th> <td><\/td> <\/tr><tr bgcolor=\"\"> <th>ADDRESSFLOORNUMBER<\/th> <td><\/td> <\/tr><tr bgcolor=\"#E3E3F3\"> <th>INC_CRC<\/th> <td>10CD98481FE4CE47<\/td> <\/tr><tr bgcolor=\"\"> <th>FMEL_UPD_D<\/th> <td>20121122110126<\/td> <\/tr><tr bgcolor=\"#E3E3F3\"> <th>ADDRESSUNITNUMBER<\/th> <td><\/td> <\/tr><\/table><\/center>" }, "geometry": { "type": "Point", "coordinates": [ 103.831105756194006, 1.28197433392447, 0.0 ] } },
{ "type": "Feature", "properties": { "Name": "kml_101", "Description": "<center><table><tr><th colspan='2' align='center'><em>Attributes<\/em><\/th><\/tr><tr bgcolor=\"#E3E3F3\"> <th>ADDRESSBLOCKHOUSENUMBER<\/th> <td><\/td> <\/tr><tr bgcolor=\"\"> <th>ADDRESSBUILDINGNAME<\/th> <td><\/td> <\/tr><tr bgcolor=\"#E3E3F3\"> <th>ADDRESSPOSTALCODE<\/th> <td>168955<\/td> <\/tr><tr bgcolor=\"\"> <th>ADDRESSSTREETNAME<\/th> <td>2 Peng Nguan Street SPD Ability Centre Singapore<\/td> <\/tr><tr bgcolor=\"#E3E3F3\"> <th>ADDRESSTYPE<\/th> <td><\/td> <\/tr><tr bgcolor=\"\"> <th>DESCRIPTION<\/th> <td><\/td> <\/tr><tr bgcolor=\"#E3E3F3\"> <th>HYPERLINK<\/th> <td>http:\/\/www.spd.org.sg<\/td> <\/tr><tr bgcolor=\"\"> <th>LANDXADDRESSPOINT<\/th> <td>0<\/td> <\/tr><tr bgcolor=\"#E3E3F3\"> <th>LANDYADDRESSPOINT<\/th> <td>0<\/td> <\/tr><tr bgcolor=\"\"> <th>NAME<\/th> <td>Society for the Physically Disabled (Peng Nguan Street) SPD Therapy Hub<\/td> <\/tr><tr bgcolor=\"#E3E3F3\"> <th>PHOTOURL<\/th> <td><\/td> <\/tr><tr bgcolor=\"\"> <th>ADDRESSFLOORNUMBER<\/th> <td><\/td> <\/tr><tr bgcolor=\"#E3E3F3\"> <th>INC_CRC<\/th> <td>10CD9848B8D67A8A<\/td> <\/tr><tr bgcolor=\"\"> <th>FMEL_UPD_D<\/th> <td>20121122110126<\/td> <\/tr><tr bgcolor=\"#E3E3F3\"> <th>ADDRESSUNITNUMBER<\/th> <td><\/td> <\/tr><\/table><\/center>" }, "geometry": { "type": "Point", "coordinates": [ 103.831105756194006, 1.28197433392447, 0.0 ] } },
{ "type": "Feature", "properties": { "Name": "kml_102", "Description": "<center><table><tr><th colspan='2' align='center'><em>Attributes<\/em><\/th><\/tr><tr bgcolor=\"#E3E3F3\"> <th>ADDRESSBLOCKHOUSENUMBER<\/th> <td><\/td> <\/tr><tr bgcolor=\"\"> <th>ADDRESSBUILDINGNAME<\/th> <td><\/td> <\/tr><tr bgcolor=\"#E3E3F3\"> <th>ADDRESSPOSTALCODE<\/th> <td>140150<\/td> <\/tr><tr bgcolor=\"\"> <th>ADDRESSSTREETNAME<\/th> <td>150A Mei Chin Road #02-01 Singapore<\/td> <\/tr><tr bgcolor=\"#E3E3F3\"> <th>ADDRESSTYPE<\/th> <td><\/td> <\/tr><tr bgcolor=\"\"> <th>DESCRIPTION<\/th> <td><\/td> <\/tr><tr bgcolor=\"#E3E3F3\"> <th>HYPERLINK<\/th> <td>http:\/\/www.thkmsc.org.sg<\/td> <\/tr><tr bgcolor=\"\"> <th>LANDXADDRESSPOINT<\/th> <td>0<\/td> <\/tr><tr bgcolor=\"#E3E3F3\"> <th>LANDYADDRESSPOINT<\/th> <td>0<\/td> <\/tr><tr bgcolor=\"\"> <th>NAME<\/th> <td>Thye Hua Kwan Moral Charities (THKMC) Moral Therapy Hub<\/td> <\/tr><tr bgcolor=\"#E3E3F3\"> <th>PHOTOURL<\/th> <td><\/td> <\/tr><tr bgcolor=\"\"> <th>ADDRESSFLOORNUMBER<\/th> <td><\/td> <\/tr><tr bgcolor=\"#E3E3F3\"> <th>INC_CRC<\/th> <td>57735BD1B4F76A37<\/td> <\/tr><tr bgcolor=\"\"> <th>FMEL_UPD_D<\/th> <td>20121122110126<\/td> <\/tr><tr bgcolor=\"#E3E3F3\"> <th>ADDRESSUNITNUMBER<\/th> <td><\/td> <\/tr><\/table><\/center>" }, "geometry": { "type": "Point", "coordinates": [ 103.803820595583005, 1.29536889835833, 0.0 ] } },
{ "type": "Feature", "properties": { "Name": "kml_103", "Description": "<center><table><tr><th colspan='2' align='center'><em>Attributes<\/em><\/th><\/tr><tr bgcolor=\"#E3E3F3\"> <th>ADDRESSBLOCKHOUSENUMBER<\/th> <td><\/td> <\/tr><tr bgcolor=\"\"> <th>ADDRESSBUILDINGNAME<\/th> <td><\/td> <\/tr><tr bgcolor=\"#E3E3F3\"> <th>ADDRESSPOSTALCODE<\/th> <td>519529<\/td> <\/tr><tr bgcolor=\"\"> <th>ADDRESSSTREETNAME<\/th> <td>65 Pasir Ris Drive 1 Cerebral Palsy Centre Singapore<\/td> <\/tr><tr bgcolor=\"#E3E3F3\"> <th>ADDRESSTYPE<\/th> <td><\/td> <\/tr><tr bgcolor=\"\"> <th>DESCRIPTION<\/th> <td><\/td> <\/tr><tr bgcolor=\"#E3E3F3\"> <th>HYPERLINK<\/th> <td>http:\/\/www.spastic.org.sg<\/td> <\/tr><tr bgcolor=\"\"> <th>LANDXADDRESSPOINT<\/th> <td>0<\/td> <\/tr><tr bgcolor=\"#E3E3F3\"> <th>LANDYADDRESSPOINT<\/th> <td>0<\/td> <\/tr><tr bgcolor=\"\"> <th>NAME<\/th> <td>Spastic Children's Association of Singapore SCAS Seating Project<\/td> <\/tr><tr bgcolor=\"#E3E3F3\"> <th>PHOTOURL<\/th> <td><\/td> <\/tr><tr bgcolor=\"\"> <th>ADDRESSFLOORNUMBER<\/th> <td><\/td> <\/tr><tr bgcolor=\"#E3E3F3\"> <th>INC_CRC<\/th> <td>26ACBB42AC0CD78B<\/td> <\/tr><tr bgcolor=\"\"> <th>FMEL_UPD_D<\/th> <td>20121122110126<\/td> <\/tr><tr bgcolor=\"#E3E3F3\"> <th>ADDRESSUNITNUMBER<\/th> <td><\/td> <\/tr><\/table><\/center>" }, "geometry": { "type": "Point", "coordinates": [ 103.939412836889005, 1.37514156954505, 0.0 ] } },
{ "type": "Feature", "properties": { "Name": "kml_104", "Description": "<center><table><tr><th colspan='2' align='center'><em>Attributes<\/em><\/th><\/tr><tr bgcolor=\"#E3E3F3\"> <th>ADDRESSBLOCKHOUSENUMBER<\/th> <td><\/td> <\/tr><tr bgcolor=\"\"> <th>ADDRESSBUILDINGNAME<\/th> <td><\/td> <\/tr><tr bgcolor=\"#E3E3F3\"> <th>ADDRESSPOSTALCODE<\/th> <td>519529<\/td> <\/tr><tr bgcolor=\"\"> <th>ADDRESSSTREETNAME<\/th> <td>65 Pasir Ris Drive 1 Cerebral Palsy Centre Singapore<\/td> <\/tr><tr bgcolor=\"#E3E3F3\"> <th>ADDRESSTYPE<\/th> <td><\/td> <\/tr><tr bgcolor=\"\"> <th>DESCRIPTION<\/th> <td><\/td> <\/tr><tr bgcolor=\"#E3E3F3\"> <th>HYPERLINK<\/th> <td>http:\/\/www.spastic.org.sg<\/td> <\/tr><tr bgcolor=\"\"> <th>LANDXADDRESSPOINT<\/th> <td>0<\/td> <\/tr><tr bgcolor=\"#E3E3F3\"> <th>LANDYADDRESSPOINT<\/th> <td>0<\/td> <\/tr><tr bgcolor=\"\"> <th>NAME<\/th> <td>Spastic Children's Association of Singapore SCAS Therapy Rehabilitation<\/td> <\/tr><tr bgcolor=\"#E3E3F3\"> <th>PHOTOURL<\/th> <td><\/td> <\/tr><tr bgcolor=\"\"> <th>ADDRESSFLOORNUMBER<\/th> <td><\/td> <\/tr><tr bgcolor=\"#E3E3F3\"> <th>INC_CRC<\/th> <td>26ACBB428F6AA2E0<\/td> <\/tr><tr bgcolor=\"\"> <th>FMEL_UPD_D<\/th> <td>20121122110126<\/td> <\/tr><tr bgcolor=\"#E3E3F3\"> <th>ADDRESSUNITNUMBER<\/th> <td><\/td> <\/tr><\/table><\/center>" }, "geometry": { "type": "Point", "coordinates": [ 103.939412836889005, 1.37514156954505, 0.0 ] } },
{ "type": "Feature", "properties": { "Name": "kml_105", "Description": "<center><table><tr><th colspan='2' align='center'><em>Attributes<\/em><\/th><\/tr><tr bgcolor=\"#E3E3F3\"> <th>ADDRESSBLOCKHOUSENUMBER<\/th> <td><\/td> <\/tr><tr bgcolor=\"\"> <th>ADDRESSBUILDINGNAME<\/th> <td><\/td> <\/tr><tr bgcolor=\"#E3E3F3\"> <th>ADDRESSPOSTALCODE<\/th> <td>530426<\/td> <\/tr><tr bgcolor=\"\"> <th>ADDRESSSTREETNAME<\/th> <td>Blk 426 Hougang Avenue 6 #01-53 Singapore<\/td> <\/tr><tr bgcolor=\"#E3E3F3\"> <th>ADDRESSTYPE<\/th> <td><\/td> <\/tr><tr bgcolor=\"\"> <th>DESCRIPTION<\/th> <td><\/td> <\/tr><tr bgcolor=\"#E3E3F3\"> <th>HYPERLINK<\/th> <td>http:\/\/www.autism.org.sg<\/td> <\/tr><tr bgcolor=\"\"> <th>LANDXADDRESSPOINT<\/th> <td>0<\/td> <\/tr><tr bgcolor=\"#E3E3F3\"> <th>LANDYADDRESSPOINT<\/th> <td>0<\/td> <\/tr><tr bgcolor=\"\"> <th>NAME<\/th> <td>Autism Association Singapore (AAS) Eden Centre for Adults<\/td> <\/tr><tr bgcolor=\"#E3E3F3\"> <th>PHOTOURL<\/th> <td><\/td> <\/tr><tr bgcolor=\"\"> <th>ADDRESSFLOORNUMBER<\/th> <td><\/td> <\/tr><tr bgcolor=\"#E3E3F3\"> <th>INC_CRC<\/th> <td>CCFDCBA275A9916E<\/td> <\/tr><tr bgcolor=\"\"> <th>FMEL_UPD_D<\/th> <td>20121122110127<\/td> <\/tr><tr bgcolor=\"#E3E3F3\"> <th>ADDRESSUNITNUMBER<\/th> <td><\/td> <\/tr><\/table><\/center>" }, "geometry": { "type": "Point", "coordinates": [ 103.893132923039005, 1.37341334235395, 0.0 ] } },
{ "type": "Feature", "properties": { "Name": "kml_106", "Description": "<center><table><tr><th colspan='2' align='center'><em>Attributes<\/em><\/th><\/tr><tr bgcolor=\"#E3E3F3\"> <th>ADDRESSBLOCKHOUSENUMBER<\/th> <td><\/td> <\/tr><tr bgcolor=\"\"> <th>ADDRESSBUILDINGNAME<\/th> <td><\/td> <\/tr><tr bgcolor=\"#E3E3F3\"> <th>ADDRESSPOSTALCODE<\/th> <td>579798<\/td> <\/tr><tr bgcolor=\"\"> <th>ADDRESSSTREETNAME<\/th> <td>6 Bishan Street 13 Singapore<\/td> <\/tr><tr bgcolor=\"#E3E3F3\"> <th>ADDRESSTYPE<\/th> <td><\/td> <\/tr><tr bgcolor=\"\"> <th>DESCRIPTION<\/th> <td><\/td> <\/tr><tr bgcolor=\"#E3E3F3\"> <th>HYPERLINK<\/th> <td>http:\/\/www.welcome.bishanhome.org.sg<\/td> <\/tr><tr bgcolor=\"\"> <th>LANDXADDRESSPOINT<\/th> <td>0<\/td> <\/tr><tr bgcolor=\"#E3E3F3\"> <th>LANDYADDRESSPOINT<\/th> <td>0<\/td> <\/tr><tr bgcolor=\"\"> <th>NAME<\/th> <td>Bishan Home for the Intellectually Disabled Bishan Home for the Intellectually Disabled - Day Activity Centre<\/td> <\/tr><tr bgcolor=\"#E3E3F3\"> <th>PHOTOURL<\/th> <td><\/td> <\/tr><tr bgcolor=\"\"> <th>ADDRESSFLOORNUMBER<\/th> <td><\/td> <\/tr><tr bgcolor=\"#E3E3F3\"> <th>INC_CRC<\/th> <td>94C04E8F452D4169<\/td> <\/tr><tr bgcolor=\"\"> <th>FMEL_UPD_D<\/th> <td>20121122110127<\/td> <\/tr><tr bgcolor=\"#E3E3F3\"> <th>ADDRESSUNITNUMBER<\/th> <td><\/td> <\/tr><\/table><\/center>" }, "geometry": { "type": "Point", "coordinates": [ 103.855024628397999, 1.34759124293191, 0.0 ] } },
{ "type": "Feature", "properties": { "Name": "kml_107", "Description": "<center><table><tr><th colspan='2' align='center'><em>Attributes<\/em><\/th><\/tr><tr bgcolor=\"#E3E3F3\"> <th>ADDRESSBLOCKHOUSENUMBER<\/th> <td><\/td> <\/tr><tr bgcolor=\"\"> <th>ADDRESSBUILDINGNAME<\/th> <td><\/td> <\/tr><tr bgcolor=\"#E3E3F3\"> <th>ADDRESSPOSTALCODE<\/th> <td>738580<\/td> <\/tr><tr bgcolor=\"\"> <th>ADDRESSSTREETNAME<\/th> <td>2 Woodlands Street 31 Singapore<\/td> <\/tr><tr bgcolor=\"#E3E3F3\"> <th>ADDRESSTYPE<\/th> <td><\/td> <\/tr><tr bgcolor=\"\"> <th>DESCRIPTION<\/th> <td><\/td> <\/tr><tr bgcolor=\"#E3E3F3\"> <th>HYPERLINK<\/th> <td>http:\/\/www.metta.org.sg<\/td> <\/tr><tr bgcolor=\"\"> <th>LANDXADDRESSPOINT<\/th> <td>0<\/td> <\/tr><tr bgcolor=\"#E3E3F3\"> <th>LANDYADDRESSPOINT<\/th> <td>0<\/td> <\/tr><tr bgcolor=\"\"> <th>NAME<\/th> <td>Metta Welfare Association Metta Home Day Activity Centre<\/td> <\/tr><tr bgcolor=\"#E3E3F3\"> <th>PHOTOURL<\/th> <td><\/td> <\/tr><tr bgcolor=\"\"> <th>ADDRESSFLOORNUMBER<\/th> <td><\/td> <\/tr><tr bgcolor=\"#E3E3F3\"> <th>INC_CRC<\/th> <td>78EF64075B1DA9EB<\/td> <\/tr><tr bgcolor=\"\"> <th>FMEL_UPD_D<\/th> <td>20121122110127<\/td> <\/tr><tr bgcolor=\"#E3E3F3\"> <th>ADDRESSUNITNUMBER<\/th> <td><\/td> <\/tr><\/table><\/center>" }, "geometry": { "type": "Point", "coordinates": [ 103.775665594615006, 1.42937863318425, 0.0 ] } },
{ "type": "Feature", "properties": { "Name": "kml_108", "Description": "<center><table><tr><th colspan='2' align='center'><em>Attributes<\/em><\/th><\/tr><tr bgcolor=\"#E3E3F3\"> <th>ADDRESSBLOCKHOUSENUMBER<\/th> <td><\/td> <\/tr><tr bgcolor=\"\"> <th>ADDRESSBUILDINGNAME<\/th> <td><\/td> <\/tr><tr bgcolor=\"#E3E3F3\"> <th>ADDRESSPOSTALCODE<\/th> <td>560134<\/td> <\/tr><tr bgcolor=\"\"> <th>ADDRESSSTREETNAME<\/th> <td>Blk 134 Ang Mo Kio Avenue 3 Street 12 #01-1677 Singapore<\/td> <\/tr><tr bgcolor=\"#E3E3F3\"> <th>ADDRESSTYPE<\/th> <td><\/td> <\/tr><tr bgcolor=\"\"> <th>DESCRIPTION<\/th> <td><\/td> <\/tr><tr bgcolor=\"#E3E3F3\"> <th>HYPERLINK<\/th> <td>http:\/\/www.minds.org.sg\/ATDC\/index.html<\/td> <\/tr><tr bgcolor=\"\"> <th>LANDXADDRESSPOINT<\/th> <td>0<\/td> <\/tr><tr bgcolor=\"#E3E3F3\"> <th>LANDYADDRESSPOINT<\/th> <td>0<\/td> <\/tr><tr bgcolor=\"\"> <th>NAME<\/th> <td>Movement for the Intellectually Disabled of Singapore (MINDS)                             Ang Mo Kio Training & Development Centre<\/td> <\/tr><tr bgcolor=\"#E3E3F3\"> <th>PHOTOURL<\/th> <td><\/td> <\/tr><tr bgcolor=\"\"> <th>ADDRESSFLOORNUMBER<\/th> <td><\/td> <\/tr><tr bgcolor=\"#E3E3F3\"> <th>INC_CRC<\/th> <td>D11907A2F9289EA3<\/td> <\/tr><tr bgcolor=\"\"> <th>FMEL_UPD_D<\/th> <td>20121122110127<\/td> <\/tr><tr bgcolor=\"#E3E3F3\"> <th>ADDRESSUNITNUMBER<\/th> <td><\/td> <\/tr><\/table><\/center>" }, "geometry": { "type": "Point", "coordinates": [ 103.842247620437007, 1.37204104908773, 0.0 ] } },
{ "type": "Feature", "properties": { "Name": "kml_109", "Description": "<center><table><tr><th colspan='2' align='center'><em>Attributes<\/em><\/th><\/tr><tr bgcolor=\"#E3E3F3\"> <th>ADDRESSBLOCKHOUSENUMBER<\/th> <td><\/td> <\/tr><tr bgcolor=\"\"> <th>ADDRESSBUILDINGNAME<\/th> <td><\/td> <\/tr><tr bgcolor=\"#E3E3F3\"> <th>ADDRESSPOSTALCODE<\/th> <td>120304<\/td> <\/tr><tr bgcolor=\"\"> <th>ADDRESSSTREETNAME<\/th> <td>Blk 304 Clementi Avenue 4 #01-487 Singapore<\/td> <\/tr><tr bgcolor=\"#E3E3F3\"> <th>ADDRESSTYPE<\/th> <td><\/td> <\/tr><tr bgcolor=\"\"> <th>DESCRIPTION<\/th> <td><\/td> <\/tr><tr bgcolor=\"#E3E3F3\"> <th>HYPERLINK<\/th> <td>http:\/\/www.minds.org.sg\/CTDC\/index.html<\/td> <\/tr><tr bgcolor=\"\"> <th>LANDXADDRESSPOINT<\/th> <td>0<\/td> <\/tr><tr bgcolor=\"#E3E3F3\"> <th>LANDYADDRESSPOINT<\/th> <td>0<\/td> <\/tr><tr bgcolor=\"\"> <th>NAME<\/th> <td>Movement for the Intellectually Disabled of Singapore (MINDS)                             Clementi Training & Development Centre<\/td> <\/tr><tr bgcolor=\"#E3E3F3\"> <th>PHOTOURL<\/th> <td><\/td> <\/tr><tr bgcolor=\"\"> <th>ADDRESSFLOORNUMBER<\/th> <td><\/td> <\/tr><tr bgcolor=\"#E3E3F3\"> <th>INC_CRC<\/th> <td>52784E70BC8DECD6<\/td> <\/tr><tr bgcolor=\"\"> <th>FMEL_UPD_D<\/th> <td>20121122110127<\/td> <\/tr><tr bgcolor=\"#E3E3F3\"> <th>ADDRESSUNITNUMBER<\/th> <td><\/td> <\/tr><\/table><\/center>" }, "geometry": { "type": "Point", "coordinates": [ 103.764858567412006, 1.32092754693865, 0.0 ] } },
{ "type": "Feature", "properties": { "Name": "kml_110", "Description": "<center><table><tr><th colspan='2' align='center'><em>Attributes<\/em><\/th><\/tr><tr bgcolor=\"#E3E3F3\"> <th>ADDRESSBLOCKHOUSENUMBER<\/th> <td><\/td> <\/tr><tr bgcolor=\"\"> <th>ADDRESSBUILDINGNAME<\/th> <td><\/td> <\/tr><tr bgcolor=\"#E3E3F3\"> <th>ADDRESSPOSTALCODE<\/th> <td>547533<\/td> <\/tr><tr bgcolor=\"\"> <th>ADDRESSSTREETNAME<\/th> <td>7 Lorong Napiri Singapore<\/td> <\/tr><tr bgcolor=\"#E3E3F3\"> <th>ADDRESSTYPE<\/th> <td><\/td> <\/tr><tr bgcolor=\"\"> <th>DESCRIPTION<\/th> <td><\/td> <\/tr><tr bgcolor=\"#E3E3F3\"> <th>HYPERLINK<\/th> <td>http:\/\/www.minds.org.sg\/NTDC\/index.html<\/td> <\/tr><tr bgcolor=\"\"> <th>LANDXADDRESSPOINT<\/th> <td>0<\/td> <\/tr><tr bgcolor=\"#E3E3F3\"> <th>LANDYADDRESSPOINT<\/th> <td>0<\/td> <\/tr><tr bgcolor=\"\"> <th>NAME<\/th> <td>Movement for the Intellectually Disabled of Singapore (MINDS) Napiri Training & Development Centre<\/td> <\/tr><tr bgcolor=\"#E3E3F3\"> <th>PHOTOURL<\/th> <td><\/td> <\/tr><tr bgcolor=\"\"> <th>ADDRESSFLOORNUMBER<\/th> <td><\/td> <\/tr><tr bgcolor=\"#E3E3F3\"> <th>INC_CRC<\/th> <td>5B0A4326F1A15B4D<\/td> <\/tr><tr bgcolor=\"\"> <th>FMEL_UPD_D<\/th> <td>20121122110127<\/td> <\/tr><tr bgcolor=\"#E3E3F3\"> <th>ADDRESSUNITNUMBER<\/th> <td><\/td> <\/tr><\/table><\/center>" }, "geometry": { "type": "Point", "coordinates": [ 103.878470820481994, 1.37201049307311, 0.0 ] } },
{ "type": "Feature", "properties": { "Name": "kml_111", "Description": "<center><table><tr><th colspan='2' align='center'><em>Attributes<\/em><\/th><\/tr><tr bgcolor=\"#E3E3F3\"> <th>ADDRESSBLOCKHOUSENUMBER<\/th> <td><\/td> <\/tr><tr bgcolor=\"\"> <th>ADDRESSBUILDINGNAME<\/th> <td><\/td> <\/tr><tr bgcolor=\"#E3E3F3\"> <th>ADDRESSPOSTALCODE<\/th> <td>534194<\/td> <\/tr><tr bgcolor=\"\"> <th>ADDRESSSTREETNAME<\/th> <td>20 Buangkok View Buangkok Green Medical Park Singapore<\/td> <\/tr><tr bgcolor=\"#E3E3F3\"> <th>ADDRESSTYPE<\/th> <td><\/td> <\/tr><tr bgcolor=\"\"> <th>DESCRIPTION<\/th> <td><\/td> <\/tr><tr bgcolor=\"#E3E3F3\"> <th>HYPERLINK<\/th> <td>http:\/\/www.sacshcc.org.sg<\/td> <\/tr><tr bgcolor=\"\"> <th>LANDXADDRESSPOINT<\/th> <td>0<\/td> <\/tr><tr bgcolor=\"#E3E3F3\"> <th>LANDYADDRESSPOINT<\/th> <td>0<\/td> <\/tr><tr bgcolor=\"\"> <th>NAME<\/th> <td>Singapore Anglican Community Services                                                                            Hougang Care Centre<\/td> <\/tr><tr bgcolor=\"#E3E3F3\"> <th>PHOTOURL<\/th> <td><\/td> <\/tr><tr bgcolor=\"\"> <th>ADDRESSFLOORNUMBER<\/th> <td><\/td> <\/tr><tr bgcolor=\"#E3E3F3\"> <th>INC_CRC<\/th> <td>2B656C15E6646FF1<\/td> <\/tr><tr bgcolor=\"\"> <th>FMEL_UPD_D<\/th> <td>20121122110127<\/td> <\/tr><tr bgcolor=\"#E3E3F3\"> <th>ADDRESSUNITNUMBER<\/th> <td><\/td> <\/tr><\/table><\/center>" }, "geometry": { "type": "Point", "coordinates": [ 103.883504147053003, 1.38291629348143, 0.0 ] } },
{ "type": "Feature", "properties": { "Name": "kml_112", "Description": "<center><table><tr><th colspan='2' align='center'><em>Attributes<\/em><\/th><\/tr><tr bgcolor=\"#E3E3F3\"> <th>ADDRESSBLOCKHOUSENUMBER<\/th> <td><\/td> <\/tr><tr bgcolor=\"\"> <th>ADDRESSBUILDINGNAME<\/th> <td><\/td> <\/tr><tr bgcolor=\"#E3E3F3\"> <th>ADDRESSPOSTALCODE<\/th> <td>556056<\/td> <\/tr><tr bgcolor=\"\"> <th>ADDRESSSTREETNAME<\/th> <td>159 Serangoon Garden Way Singapore<\/td> <\/tr><tr bgcolor=\"#E3E3F3\"> <th>ADDRESSTYPE<\/th> <td><\/td> <\/tr><tr bgcolor=\"\"> <th>DESCRIPTION<\/th> <td><\/td> <\/tr><tr bgcolor=\"#E3E3F3\"> <th>HYPERLINK<\/th> <td>http:\/\/www.cheshirehome.org.sg<\/td> <\/tr><tr bgcolor=\"\"> <th>LANDXADDRESSPOINT<\/th> <td>0<\/td> <\/tr><tr bgcolor=\"#E3E3F3\"> <th>LANDYADDRESSPOINT<\/th> <td>0<\/td> <\/tr><tr bgcolor=\"\"> <th>NAME<\/th> <td>Singapore Cheshire Home Singapore Cheshire Home Day Care Centre<\/td> <\/tr><tr bgcolor=\"#E3E3F3\"> <th>PHOTOURL<\/th> <td><\/td> <\/tr><tr bgcolor=\"\"> <th>ADDRESSFLOORNUMBER<\/th> <td><\/td> <\/tr><tr bgcolor=\"#E3E3F3\"> <th>INC_CRC<\/th> <td>7B2663F93869CC77<\/td> <\/tr><tr bgcolor=\"\"> <th>FMEL_UPD_D<\/th> <td>20121122110127<\/td> <\/tr><tr bgcolor=\"#E3E3F3\"> <th>ADDRESSUNITNUMBER<\/th> <td><\/td> <\/tr><\/table><\/center>" }, "geometry": { "type": "Point", "coordinates": [ 103.861242810237997, 1.3658088840667, 0.0 ] } },
{ "type": "Feature", "properties": { "Name": "kml_113", "Description": "<center><table><tr><th colspan='2' align='center'><em>Attributes<\/em><\/th><\/tr><tr bgcolor=\"#E3E3F3\"> <th>ADDRESSBLOCKHOUSENUMBER<\/th> <td><\/td> <\/tr><tr bgcolor=\"\"> <th>ADDRESSBUILDINGNAME<\/th> <td><\/td> <\/tr><tr bgcolor=\"#E3E3F3\"> <th>ADDRESSPOSTALCODE<\/th> <td>159052<\/td> <\/tr><tr bgcolor=\"\"> <th>ADDRESSSTREETNAME<\/th> <td>8 Lengkok Bahru #04-01 Family Link @ Lengkok Bahru Singapore<\/td> <\/tr><tr bgcolor=\"#E3E3F3\"> <th>ADDRESSTYPE<\/th> <td><\/td> <\/tr><tr bgcolor=\"\"> <th>DESCRIPTION<\/th> <td><\/td> <\/tr><tr bgcolor=\"#E3E3F3\"> <th>HYPERLINK<\/th> <td>http:\/\/www.redcross.org.sg<\/td> <\/tr><tr bgcolor=\"\"> <th>LANDXADDRESSPOINT<\/th> <td>0<\/td> <\/tr><tr bgcolor=\"#E3E3F3\"> <th>LANDYADDRESSPOINT<\/th> <td>0<\/td> <\/tr><tr bgcolor=\"\"> <th>NAME<\/th> <td>Singapore Red Cross Society Red Cross Home for the Disabled - Day Activity Centre<\/td> <\/tr><tr bgcolor=\"#E3E3F3\"> <th>PHOTOURL<\/th> <td><\/td> <\/tr><tr bgcolor=\"\"> <th>ADDRESSFLOORNUMBER<\/th> <td><\/td> <\/tr><tr bgcolor=\"#E3E3F3\"> <th>INC_CRC<\/th> <td>E34D616309D9E657<\/td> <\/tr><tr bgcolor=\"\"> <th>FMEL_UPD_D<\/th> <td>20121122110127<\/td> <\/tr><tr bgcolor=\"#E3E3F3\"> <th>ADDRESSUNITNUMBER<\/th> <td><\/td> <\/tr><\/table><\/center>" }, "geometry": { "type": "Point", "coordinates": [ 103.811251369423999, 1.2864500139675, 0.0 ] } },
{ "type": "Feature", "properties": { "Name": "kml_114", "Description": "<center><table><tr><th colspan='2' align='center'><em>Attributes<\/em><\/th><\/tr><tr bgcolor=\"#E3E3F3\"> <th>ADDRESSBLOCKHOUSENUMBER<\/th> <td><\/td> <\/tr><tr bgcolor=\"\"> <th>ADDRESSBUILDINGNAME<\/th> <td><\/td> <\/tr><tr bgcolor=\"#E3E3F3\"> <th>ADDRESSPOSTALCODE<\/th> <td>168955<\/td> <\/tr><tr bgcolor=\"\"> <th>ADDRESSSTREETNAME<\/th> <td>2 Peng Nguan Street SPD Ability Centre Singapore<\/td> <\/tr><tr bgcolor=\"#E3E3F3\"> <th>ADDRESSTYPE<\/th> <td><\/td> <\/tr><tr bgcolor=\"\"> <th>DESCRIPTION<\/th> <td><\/td> <\/tr><tr bgcolor=\"#E3E3F3\"> <th>HYPERLINK<\/th> <td>http:\/\/www.spd.org.sg<\/td> <\/tr><tr bgcolor=\"\"> <th>LANDXADDRESSPOINT<\/th> <td>0<\/td> <\/tr><tr bgcolor=\"#E3E3F3\"> <th>LANDYADDRESSPOINT<\/th> <td>0<\/td> <\/tr><tr bgcolor=\"\"> <th>NAME<\/th> <td>Society for the Physically Disabled (Peng Nguan Street) SPD Day Activity Centre<\/td> <\/tr><tr bgcolor=\"#E3E3F3\"> <th>PHOTOURL<\/th> <td><\/td> <\/tr><tr bgcolor=\"\"> <th>ADDRESSFLOORNUMBER<\/th> <td><\/td> <\/tr><tr bgcolor=\"#E3E3F3\"> <th>INC_CRC<\/th> <td>10CD98482608CC32<\/td> <\/tr><tr bgcolor=\"\"> <th>FMEL_UPD_D<\/th> <td>20121122110127<\/td> <\/tr><tr bgcolor=\"#E3E3F3\"> <th>ADDRESSUNITNUMBER<\/th> <td><\/td> <\/tr><\/table><\/center>" }, "geometry": { "type": "Point", "coordinates": [ 103.831105756194006, 1.28197433392447, 0.0 ] } },
{ "type": "Feature", "properties": { "Name": "kml_115", "Description": "<center><table><tr><th colspan='2' align='center'><em>Attributes<\/em><\/th><\/tr><tr bgcolor=\"#E3E3F3\"> <th>ADDRESSBLOCKHOUSENUMBER<\/th> <td><\/td> <\/tr><tr bgcolor=\"\"> <th>ADDRESSBUILDINGNAME<\/th> <td><\/td> <\/tr><tr bgcolor=\"#E3E3F3\"> <th>ADDRESSPOSTALCODE<\/th> <td>519529<\/td> <\/tr><tr bgcolor=\"\"> <th>ADDRESSSTREETNAME<\/th> <td>65 Pasir Ris Drive 1 Cerebral Palsy Centre Singapore<\/td> <\/tr><tr bgcolor=\"#E3E3F3\"> <th>ADDRESSTYPE<\/th> <td><\/td> <\/tr><tr bgcolor=\"\"> <th>DESCRIPTION<\/th> <td><\/td> <\/tr><tr bgcolor=\"#E3E3F3\"> <th>HYPERLINK<\/th> <td>http:\/\/www.spastic.org.sg<\/td> <\/tr><tr bgcolor=\"\"> <th>LANDXADDRESSPOINT<\/th> <td>0<\/td> <\/tr><tr bgcolor=\"#E3E3F3\"> <th>LANDYADDRESSPOINT<\/th> <td>0<\/td> <\/tr><tr bgcolor=\"\"> <th>NAME<\/th> <td>Spastic Children's Association of Singapore SCAS Day Activity Centre<\/td> <\/tr><tr bgcolor=\"#E3E3F3\"> <th>PHOTOURL<\/th> <td><\/td> <\/tr><tr bgcolor=\"\"> <th>ADDRESSFLOORNUMBER<\/th> <td><\/td> <\/tr><tr bgcolor=\"#E3E3F3\"> <th>INC_CRC<\/th> <td>26ACBB42F0A3FC70<\/td> <\/tr><tr bgcolor=\"\"> <th>FMEL_UPD_D<\/th> <td>20121122110127<\/td> <\/tr><tr bgcolor=\"#E3E3F3\"> <th>ADDRESSUNITNUMBER<\/th> <td><\/td> <\/tr><\/table><\/center>" }, "geometry": { "type": "Point", "coordinates": [ 103.939412836889005, 1.37514156954505, 0.0 ] } },
{ "type": "Feature", "properties": { "Name": "kml_116", "Description": "<center><table><tr><th colspan='2' align='center'><em>Attributes<\/em><\/th><\/tr><tr bgcolor=\"#E3E3F3\"> <th>ADDRESSBLOCKHOUSENUMBER<\/th> <td><\/td> <\/tr><tr bgcolor=\"\"> <th>ADDRESSBUILDINGNAME<\/th> <td><\/td> <\/tr><tr bgcolor=\"#E3E3F3\"> <th>ADDRESSPOSTALCODE<\/th> <td>460039<\/td> <\/tr><tr bgcolor=\"\"> <th>ADDRESSSTREETNAME<\/th> <td>Blk 39 Bedok South Road #01-7159 Singapore<\/td> <\/tr><tr bgcolor=\"#E3E3F3\"> <th>ADDRESSTYPE<\/th> <td><\/td> <\/tr><tr bgcolor=\"\"> <th>DESCRIPTION<\/th> <td><\/td> <\/tr><tr bgcolor=\"#E3E3F3\"> <th>HYPERLINK<\/th> <td>http:\/\/www.sun-dac.com<\/td> <\/tr><tr bgcolor=\"\"> <th>LANDXADDRESSPOINT<\/th> <td>0<\/td> <\/tr><tr bgcolor=\"#E3E3F3\"> <th>LANDYADDRESSPOINT<\/th> <td>0<\/td> <\/tr><tr bgcolor=\"\"> <th>NAME<\/th> <td>SUN-DAC<\/td> <\/tr><tr bgcolor=\"#E3E3F3\"> <th>PHOTOURL<\/th> <td><\/td> <\/tr><tr bgcolor=\"\"> <th>ADDRESSFLOORNUMBER<\/th> <td><\/td> <\/tr><tr bgcolor=\"#E3E3F3\"> <th>INC_CRC<\/th> <td>8D5E6797499D8895<\/td> <\/tr><tr bgcolor=\"\"> <th>FMEL_UPD_D<\/th> <td>20121122110128<\/td> <\/tr><tr bgcolor=\"#E3E3F3\"> <th>ADDRESSUNITNUMBER<\/th> <td><\/td> <\/tr><\/table><\/center>" }, "geometry": { "type": "Point", "coordinates": [ 103.939733658346995, 1.32139680208527, 0.0 ] } },
{ "type": "Feature", "properties": { "Name": "kml_117", "Description": "<center><table><tr><th colspan='2' align='center'><em>Attributes<\/em><\/th><\/tr><tr bgcolor=\"#E3E3F3\"> <th>ADDRESSBLOCKHOUSENUMBER<\/th> <td><\/td> <\/tr><tr bgcolor=\"\"> <th>ADDRESSBUILDINGNAME<\/th> <td><\/td> <\/tr><tr bgcolor=\"#E3E3F3\"> <th>ADDRESSPOSTALCODE<\/th> <td>680213<\/td> <\/tr><tr bgcolor=\"\"> <th>ADDRESSSTREETNAME<\/th> <td>Blk 213 Choa Chu Kang Central #01-110 Singapore<\/td> <\/tr><tr bgcolor=\"#E3E3F3\"> <th>ADDRESSTYPE<\/th> <td><\/td> <\/tr><tr bgcolor=\"\"> <th>DESCRIPTION<\/th> <td><\/td> <\/tr><tr bgcolor=\"#E3E3F3\"> <th>HYPERLINK<\/th> <td>http:\/\/www.sun-dac.com<\/td> <\/tr><tr bgcolor=\"\"> <th>LANDXADDRESSPOINT<\/th> <td>0<\/td> <\/tr><tr bgcolor=\"#E3E3F3\"> <th>LANDYADDRESSPOINT<\/th> <td>0<\/td> <\/tr><tr bgcolor=\"\"> <th>NAME<\/th> <td>SUN-DAC<\/td> <\/tr><tr bgcolor=\"#E3E3F3\"> <th>PHOTOURL<\/th> <td><\/td> <\/tr><tr bgcolor=\"\"> <th>ADDRESSFLOORNUMBER<\/th> <td><\/td> <\/tr><tr bgcolor=\"#E3E3F3\"> <th>INC_CRC<\/th> <td>AF07971E7258B72E<\/td> <\/tr><tr bgcolor=\"\"> <th>FMEL_UPD_D<\/th> <td>20121122110128<\/td> <\/tr><tr bgcolor=\"#E3E3F3\"> <th>ADDRESSUNITNUMBER<\/th> <td><\/td> <\/tr><\/table><\/center>" }, "geometry": { "type": "Point", "coordinates": [ 103.747213771719998, 1.38217285690658, 0.0 ] } },
{ "type": "Feature", "properties": { "Name": "kml_118", "Description": "<center><table><tr><th colspan='2' align='center'><em>Attributes<\/em><\/th><\/tr><tr bgcolor=\"#E3E3F3\"> <th>ADDRESSBLOCKHOUSENUMBER<\/th> <td><\/td> <\/tr><tr bgcolor=\"\"> <th>ADDRESSBUILDINGNAME<\/th> <td><\/td> <\/tr><tr bgcolor=\"#E3E3F3\"> <th>ADDRESSPOSTALCODE<\/th> <td>469030<\/td> <\/tr><tr bgcolor=\"\"> <th>ADDRESSSTREETNAME<\/th> <td>2 Chai Chee Lane Singapore<\/td> <\/tr><tr bgcolor=\"#E3E3F3\"> <th>ADDRESSTYPE<\/th> <td><\/td> <\/tr><tr bgcolor=\"\"> <th>DESCRIPTION<\/th> <td><\/td> <\/tr><tr bgcolor=\"#E3E3F3\"> <th>HYPERLINK<\/th> <td>http:\/\/www.thkmsc.org.sg<\/td> <\/tr><tr bgcolor=\"\"> <th>LANDXADDRESSPOINT<\/th> <td>0<\/td> <\/tr><tr bgcolor=\"#E3E3F3\"> <th>LANDYADDRESSPOINT<\/th> <td>0<\/td> <\/tr><tr bgcolor=\"\"> <th>NAME<\/th> <td>Thye Hua Kwan Moral Charities (THKMC) THK Day Activity Centre @ Chai Chee<\/td> <\/tr><tr bgcolor=\"#E3E3F3\"> <th>PHOTOURL<\/th> <td><\/td> <\/tr><tr bgcolor=\"\"> <th>ADDRESSFLOORNUMBER<\/th> <td><\/td> <\/tr><tr bgcolor=\"#E3E3F3\"> <th>INC_CRC<\/th> <td>A7015B4880629B23<\/td> <\/tr><tr bgcolor=\"\"> <th>FMEL_UPD_D<\/th> <td>20121122110128<\/td> <\/tr><tr bgcolor=\"#E3E3F3\"> <th>ADDRESSUNITNUMBER<\/th> <td><\/td> <\/tr><\/table><\/center>" }, "geometry": { "type": "Point", "coordinates": [ 103.919250449567997, 1.32797226455993, 0.0 ] } },
{ "type": "Feature", "properties": { "Name": "kml_119", "Description": "<center><table><tr><th colspan='2' align='center'><em>Attributes<\/em><\/th><\/tr><tr bgcolor=\"#E3E3F3\"> <th>ADDRESSBLOCKHOUSENUMBER<\/th> <td><\/td> <\/tr><tr bgcolor=\"\"> <th>ADDRESSBUILDINGNAME<\/th> <td><\/td> <\/tr><tr bgcolor=\"#E3E3F3\"> <th>ADDRESSPOSTALCODE<\/th> <td>519529<\/td> <\/tr><tr bgcolor=\"\"> <th>ADDRESSSTREETNAME<\/th> <td>65 Pasir Ris Drive 1 Cerebral Palsy Centre Singapore<\/td> <\/tr><tr bgcolor=\"#E3E3F3\"> <th>ADDRESSTYPE<\/th> <td><\/td> <\/tr><tr bgcolor=\"\"> <th>DESCRIPTION<\/th> <td><\/td> <\/tr><tr bgcolor=\"#E3E3F3\"> <th>HYPERLINK<\/th> <td>http:\/\/www.spastic.org.sg<\/td> <\/tr><tr bgcolor=\"\"> <th>LANDXADDRESSPOINT<\/th> <td>0<\/td> <\/tr><tr bgcolor=\"#E3E3F3\"> <th>LANDYADDRESSPOINT<\/th> <td>0<\/td> <\/tr><tr bgcolor=\"\"> <th>NAME<\/th> <td>Spastic Children's Association of Singapore (SCAS) Early intervention Programme for Infants and Children<\/td> <\/tr><tr bgcolor=\"#E3E3F3\"> <th>PHOTOURL<\/th> <td><\/td> <\/tr><tr bgcolor=\"\"> <th>ADDRESSFLOORNUMBER<\/th> <td><\/td> <\/tr><tr bgcolor=\"#E3E3F3\"> <th>INC_CRC<\/th> <td>26ACBB428C366216<\/td> <\/tr><tr bgcolor=\"\"> <th>FMEL_UPD_D<\/th> <td>20121122110134<\/td> <\/tr><tr bgcolor=\"#E3E3F3\"> <th>ADDRESSUNITNUMBER<\/th> <td><\/td> <\/tr><\/table><\/center>" }, "geometry": { "type": "Point", "coordinates": [ 103.939412836889005, 1.37514156954505, 0.0 ] } },
{ "type": "Feature", "properties": { "Name": "kml_120", "Description": "<center><table><tr><th colspan='2' align='center'><em>Attributes<\/em><\/th><\/tr><tr bgcolor=\"#E3E3F3\"> <th>ADDRESSBLOCKHOUSENUMBER<\/th> <td><\/td> <\/tr><tr bgcolor=\"\"> <th>ADDRESSBUILDINGNAME<\/th> <td><\/td> <\/tr><tr bgcolor=\"#E3E3F3\"> <th>ADDRESSPOSTALCODE<\/th> <td>730716<\/td> <\/tr><tr bgcolor=\"\"> <th>ADDRESSSTREETNAME<\/th> <td>Blk 716 Woodlands Drive 70 #01-124 Singapore<\/td> <\/tr><tr bgcolor=\"#E3E3F3\"> <th>ADDRESSTYPE<\/th> <td><\/td> <\/tr><tr bgcolor=\"\"> <th>DESCRIPTION<\/th> <td><\/td> <\/tr><tr bgcolor=\"#E3E3F3\"> <th>HYPERLINK<\/th> <td>http:\/\/www.thkmc.org.sg<\/td> <\/tr><tr bgcolor=\"\"> <th>LANDXADDRESSPOINT<\/th> <td>0<\/td> <\/tr><tr bgcolor=\"#E3E3F3\"> <th>LANDYADDRESSPOINT<\/th> <td>0<\/td> <\/tr><tr bgcolor=\"\"> <th>NAME<\/th> <td>Thye Hua Kwan Moral Charities (THKMC) THK EIPIC Centre @ Woodlands<\/td> <\/tr><tr bgcolor=\"#E3E3F3\"> <th>PHOTOURL<\/th> <td><\/td> <\/tr><tr bgcolor=\"\"> <th>ADDRESSFLOORNUMBER<\/th> <td><\/td> <\/tr><tr bgcolor=\"#E3E3F3\"> <th>INC_CRC<\/th> <td>A818BA7A64695E6A<\/td> <\/tr><tr bgcolor=\"\"> <th>FMEL_UPD_D<\/th> <td>20121122110134<\/td> <\/tr><tr bgcolor=\"#E3E3F3\"> <th>ADDRESSUNITNUMBER<\/th> <td><\/td> <\/tr><\/table><\/center>" }, "geometry": { "type": "Point", "coordinates": [ 103.799789183019996, 1.44151302074878, 0.0 ] } },
{ "type": "Feature", "properties": { "Name": "kml_121", "Description": "<center><table><tr><th colspan='2' align='center'><em>Attributes<\/em><\/th><\/tr><tr bgcolor=\"#E3E3F3\"> <th>ADDRESSBLOCKHOUSENUMBER<\/th> <td><\/td> <\/tr><tr bgcolor=\"\"> <th>ADDRESSBUILDINGNAME<\/th> <td><\/td> <\/tr><tr bgcolor=\"#E3E3F3\"> <th>ADDRESSPOSTALCODE<\/th> <td>680606<\/td> <\/tr><tr bgcolor=\"\"> <th>ADDRESSSTREETNAME<\/th> <td>Blk 606 Choa Chu Kang Street 62 #01-39 Singapore<\/td> <\/tr><tr bgcolor=\"#E3E3F3\"> <th>ADDRESSTYPE<\/th> <td><\/td> <\/tr><tr bgcolor=\"\"> <th>DESCRIPTION<\/th> <td><\/td> <\/tr><tr bgcolor=\"#E3E3F3\"> <th>HYPERLINK<\/th> <td>http:\/\/www.thkmc.org.sg<\/td> <\/tr><tr bgcolor=\"\"> <th>LANDXADDRESSPOINT<\/th> <td>0<\/td> <\/tr><tr bgcolor=\"#E3E3F3\"> <th>LANDYADDRESSPOINT<\/th> <td>0<\/td> <\/tr><tr bgcolor=\"\"> <th>NAME<\/th> <td>Thye Hua Kwan Moral Charities (THKMC) THK EIPIC Centre @ CCK<\/td> <\/tr><tr bgcolor=\"#E3E3F3\"> <th>PHOTOURL<\/th> <td><\/td> <\/tr><tr bgcolor=\"\"> <th>ADDRESSFLOORNUMBER<\/th> <td><\/td> <\/tr><tr bgcolor=\"#E3E3F3\"> <th>INC_CRC<\/th> <td>377FF5F936FED140<\/td> <\/tr><tr bgcolor=\"\"> <th>FMEL_UPD_D<\/th> <td>20121122110134<\/td> <\/tr><tr bgcolor=\"#E3E3F3\"> <th>ADDRESSUNITNUMBER<\/th> <td><\/td> <\/tr><\/table><\/center>" }, "geometry": { "type": "Point", "coordinates": [ 103.743911026354994, 1.39805874603482, 0.0 ] } },
{ "type": "Feature", "properties": { "Name": "kml_122", "Description": "<center><table><tr><th colspan='2' align='center'><em>Attributes<\/em><\/th><\/tr><tr bgcolor=\"#E3E3F3\"> <th>ADDRESSBLOCKHOUSENUMBER<\/th> <td><\/td> <\/tr><tr bgcolor=\"\"> <th>ADDRESSBUILDINGNAME<\/th> <td><\/td> <\/tr><tr bgcolor=\"#E3E3F3\"> <th>ADDRESSPOSTALCODE<\/th> <td>680607<\/td> <\/tr><tr bgcolor=\"\"> <th>ADDRESSSTREETNAME<\/th> <td>Blk 607 Choa Chu Kang Street 62 #01-113 Singapore<\/td> <\/tr><tr bgcolor=\"#E3E3F3\"> <th>ADDRESSTYPE<\/th> <td><\/td> <\/tr><tr bgcolor=\"\"> <th>DESCRIPTION<\/th> <td><\/td> <\/tr><tr bgcolor=\"#E3E3F3\"> <th>HYPERLINK<\/th> <td>http:\/\/www.thkmc.org.sg<\/td> <\/tr><tr bgcolor=\"\"> <th>LANDXADDRESSPOINT<\/th> <td>0<\/td> <\/tr><tr bgcolor=\"#E3E3F3\"> <th>LANDYADDRESSPOINT<\/th> <td>0<\/td> <\/tr><tr bgcolor=\"\"> <th>NAME<\/th> <td>Thye Hua Kwan Moral Charities (THKMC) THK EIPIC Centre @ Choa Chu Kang (Prep)<\/td> <\/tr><tr bgcolor=\"#E3E3F3\"> <th>PHOTOURL<\/th> <td><\/td> <\/tr><tr bgcolor=\"\"> <th>ADDRESSFLOORNUMBER<\/th> <td><\/td> <\/tr><tr bgcolor=\"#E3E3F3\"> <th>INC_CRC<\/th> <td>B504F544F7F0B2FE<\/td> <\/tr><tr bgcolor=\"\"> <th>FMEL_UPD_D<\/th> <td>20121122110134<\/td> <\/tr><tr bgcolor=\"#E3E3F3\"> <th>ADDRESSUNITNUMBER<\/th> <td><\/td> <\/tr><\/table><\/center>" }, "geometry": { "type": "Point", "coordinates": [ 103.744193012267999, 1.39901506097413, 0.0 ] } },
{ "type": "Feature", "properties": { "Name": "kml_123", "Description": "<center><table><tr><th colspan='2' align='center'><em>Attributes<\/em><\/th><\/tr><tr bgcolor=\"#E3E3F3\"> <th>ADDRESSBLOCKHOUSENUMBER<\/th> <td><\/td> <\/tr><tr bgcolor=\"\"> <th>ADDRESSBUILDINGNAME<\/th> <td><\/td> <\/tr><tr bgcolor=\"#E3E3F3\"> <th>ADDRESSPOSTALCODE<\/th> <td>320014<\/td> <\/tr><tr bgcolor=\"\"> <th>ADDRESSSTREETNAME<\/th> <td>Blk 14 St George's Road #01-70 Singapore<\/td> <\/tr><tr bgcolor=\"#E3E3F3\"> <th>ADDRESSTYPE<\/th> <td><\/td> <\/tr><tr bgcolor=\"\"> <th>DESCRIPTION<\/th> <td><\/td> <\/tr><tr bgcolor=\"#E3E3F3\"> <th>HYPERLINK<\/th> <td>http:\/\/www.carecorner.org.sg<\/td> <\/tr><tr bgcolor=\"\"> <th>LANDXADDRESSPOINT<\/th> <td>0<\/td> <\/tr><tr bgcolor=\"#E3E3F3\"> <th>LANDYADDRESSPOINT<\/th> <td>0<\/td> <\/tr><tr bgcolor=\"\"> <th>NAME<\/th> <td>Care Corner Child Development Centre (St George's)<\/td> <\/tr><tr bgcolor=\"#E3E3F3\"> <th>PHOTOURL<\/th> <td><\/td> <\/tr><tr bgcolor=\"\"> <th>ADDRESSFLOORNUMBER<\/th> <td><\/td> <\/tr><tr bgcolor=\"#E3E3F3\"> <th>INC_CRC<\/th> <td>9FEAB418FFDBDE35<\/td> <\/tr><tr bgcolor=\"\"> <th>FMEL_UPD_D<\/th> <td>20121122110134<\/td> <\/tr><tr bgcolor=\"#E3E3F3\"> <th>ADDRESSUNITNUMBER<\/th> <td><\/td> <\/tr><\/table><\/center>" }, "geometry": { "type": "Point", "coordinates": [ 103.862091727234002, 1.32369795695468, 0.0 ] } },
{ "type": "Feature", "properties": { "Name": "kml_124", "Description": "<center><table><tr><th colspan='2' align='center'><em>Attributes<\/em><\/th><\/tr><tr bgcolor=\"#E3E3F3\"> <th>ADDRESSBLOCKHOUSENUMBER<\/th> <td><\/td> <\/tr><tr bgcolor=\"\"> <th>ADDRESSBUILDINGNAME<\/th> <td><\/td> <\/tr><tr bgcolor=\"#E3E3F3\"> <th>ADDRESSPOSTALCODE<\/th> <td>760270<\/td> <\/tr><tr bgcolor=\"\"> <th>ADDRESSSTREETNAME<\/th> <td>Blk 270 Yishun Street 22 #01-58 Singapore<\/td> <\/tr><tr bgcolor=\"#E3E3F3\"> <th>ADDRESSTYPE<\/th> <td><\/td> <\/tr><tr bgcolor=\"\"> <th>DESCRIPTION<\/th> <td><\/td> <\/tr><tr bgcolor=\"#E3E3F3\"> <th>HYPERLINK<\/th> <td>http:\/\/www.carecorner.org.sg<\/td> <\/tr><tr bgcolor=\"\"> <th>LANDXADDRESSPOINT<\/th> <td>0<\/td> <\/tr><tr bgcolor=\"#E3E3F3\"> <th>LANDYADDRESSPOINT<\/th> <td>0<\/td> <\/tr><tr bgcolor=\"\"> <th>NAME<\/th> <td>Care Corner Child Development Centre (Yishun)<\/td> <\/tr><tr bgcolor=\"#E3E3F3\"> <th>PHOTOURL<\/th> <td><\/td> <\/tr><tr bgcolor=\"\"> <th>ADDRESSFLOORNUMBER<\/th> <td><\/td> <\/tr><tr bgcolor=\"#E3E3F3\"> <th>INC_CRC<\/th> <td>EE1977ECD8C1497D<\/td> <\/tr><tr bgcolor=\"\"> <th>FMEL_UPD_D<\/th> <td>20121122110134<\/td> <\/tr><tr bgcolor=\"#E3E3F3\"> <th>ADDRESSUNITNUMBER<\/th> <td><\/td> <\/tr><\/table><\/center>" }, "geometry": { "type": "Point", "coordinates": [ 103.839985899501002, 1.43741891371838, 0.0 ] } },
{ "type": "Feature", "properties": { "Name": "kml_125", "Description": "<center><table><tr><th colspan='2' align='center'><em>Attributes<\/em><\/th><\/tr><tr bgcolor=\"#E3E3F3\"> <th>ADDRESSBLOCKHOUSENUMBER<\/th> <td><\/td> <\/tr><tr bgcolor=\"\"> <th>ADDRESSBUILDINGNAME<\/th> <td><\/td> <\/tr><tr bgcolor=\"#E3E3F3\"> <th>ADDRESSPOSTALCODE<\/th> <td>460520<\/td> <\/tr><tr bgcolor=\"\"> <th>ADDRESSSTREETNAME<\/th> <td>Blk 520 Bedok North Avenue 1 #01-340 Singapore<\/td> <\/tr><tr bgcolor=\"#E3E3F3\"> <th>ADDRESSTYPE<\/th> <td><\/td> <\/tr><tr bgcolor=\"\"> <th>DESCRIPTION<\/th> <td><\/td> <\/tr><tr bgcolor=\"#E3E3F3\"> <th>HYPERLINK<\/th> <td>http:\/\/www.chkmps.org.sg<\/td> <\/tr><tr bgcolor=\"\"> <th>LANDXADDRESSPOINT<\/th> <td>0<\/td> <\/tr><tr bgcolor=\"#E3E3F3\"> <th>LANDYADDRESSPOINT<\/th> <td>0<\/td> <\/tr><tr bgcolor=\"\"> <th>NAME<\/th> <td>Chee Hoon Kog Moral Promotion Society Child Care Centre<\/td> <\/tr><tr bgcolor=\"#E3E3F3\"> <th>PHOTOURL<\/th> <td><\/td> <\/tr><tr bgcolor=\"\"> <th>ADDRESSFLOORNUMBER<\/th> <td><\/td> <\/tr><tr bgcolor=\"#E3E3F3\"> <th>INC_CRC<\/th> <td>C506A13707DD2BF7<\/td> <\/tr><tr bgcolor=\"\"> <th>FMEL_UPD_D<\/th> <td>20121122110135<\/td> <\/tr><tr bgcolor=\"#E3E3F3\"> <th>ADDRESSUNITNUMBER<\/th> <td><\/td> <\/tr><\/table><\/center>" }, "geometry": { "type": "Point", "coordinates": [ 103.928135548892996, 1.33046830159784, 0.0 ] } },
{ "type": "Feature", "properties": { "Name": "kml_126", "Description": "<center><table><tr><th colspan='2' align='center'><em>Attributes<\/em><\/th><\/tr><tr bgcolor=\"#E3E3F3\"> <th>ADDRESSBLOCKHOUSENUMBER<\/th> <td><\/td> <\/tr><tr bgcolor=\"\"> <th>ADDRESSBUILDINGNAME<\/th> <td><\/td> <\/tr><tr bgcolor=\"#E3E3F3\"> <th>ADDRESSPOSTALCODE<\/th> <td>680418<\/td> <\/tr><tr bgcolor=\"\"> <th>ADDRESSSTREETNAME<\/th> <td>Blk 418 Choa Chu Kang Avenue 4 #01-290 Singapore<\/td> <\/tr><tr bgcolor=\"#E3E3F3\"> <th>ADDRESSTYPE<\/th> <td><\/td> <\/tr><tr bgcolor=\"\"> <th>DESCRIPTION<\/th> <td><\/td> <\/tr><tr bgcolor=\"#E3E3F3\"> <th>HYPERLINK<\/th> <td>http:\/\/www.perdaus.org.sg<\/td> <\/tr><tr bgcolor=\"\"> <th>LANDXADDRESSPOINT<\/th> <td>0<\/td> <\/tr><tr bgcolor=\"#E3E3F3\"> <th>LANDYADDRESSPOINT<\/th> <td>0<\/td> <\/tr><tr bgcolor=\"\"> <th>NAME<\/th> <td>Iyad Child Development Centre (Choa Chu Kang)<\/td> <\/tr><tr bgcolor=\"#E3E3F3\"> <th>PHOTOURL<\/th> <td><\/td> <\/tr><tr bgcolor=\"\"> <th>ADDRESSFLOORNUMBER<\/th> <td><\/td> <\/tr><tr bgcolor=\"#E3E3F3\"> <th>INC_CRC<\/th> <td>DCE3606AF0183354<\/td> <\/tr><tr bgcolor=\"\"> <th>FMEL_UPD_D<\/th> <td>20121122110135<\/td> <\/tr><tr bgcolor=\"#E3E3F3\"> <th>ADDRESSUNITNUMBER<\/th> <td><\/td> <\/tr><\/table><\/center>" }, "geometry": { "type": "Point", "coordinates": [ 103.741503915970995, 1.38252493717107, 0.0 ] } },
{ "type": "Feature", "properties": { "Name": "kml_127", "Description": "<center><table><tr><th colspan='2' align='center'><em>Attributes<\/em><\/th><\/tr><tr bgcolor=\"#E3E3F3\"> <th>ADDRESSBLOCKHOUSENUMBER<\/th> <td><\/td> <\/tr><tr bgcolor=\"\"> <th>ADDRESSBUILDINGNAME<\/th> <td><\/td> <\/tr><tr bgcolor=\"#E3E3F3\"> <th>ADDRESSPOSTALCODE<\/th> <td>600241<\/td> <\/tr><tr bgcolor=\"\"> <th>ADDRESSSTREETNAME<\/th> <td>Blk 241 Jurong East Street 24 #01-659 Singapore<\/td> <\/tr><tr bgcolor=\"#E3E3F3\"> <th>ADDRESSTYPE<\/th> <td><\/td> <\/tr><tr bgcolor=\"\"> <th>DESCRIPTION<\/th> <td><\/td> <\/tr><tr bgcolor=\"#E3E3F3\"> <th>HYPERLINK<\/th> <td>http:\/\/www.perdaus.org.sg<\/td> <\/tr><tr bgcolor=\"\"> <th>LANDXADDRESSPOINT<\/th> <td>0<\/td> <\/tr><tr bgcolor=\"#E3E3F3\"> <th>LANDYADDRESSPOINT<\/th> <td>0<\/td> <\/tr><tr bgcolor=\"\"> <th>NAME<\/th> <td>Iyad Child Development Centre (Jurong East)<\/td> <\/tr><tr bgcolor=\"#E3E3F3\"> <th>PHOTOURL<\/th> <td><\/td> <\/tr><tr bgcolor=\"\"> <th>ADDRESSFLOORNUMBER<\/th> <td><\/td> <\/tr><tr bgcolor=\"#E3E3F3\"> <th>INC_CRC<\/th> <td>D135419622E6EA0B<\/td> <\/tr><tr bgcolor=\"\"> <th>FMEL_UPD_D<\/th> <td>20121122110135<\/td> <\/tr><tr bgcolor=\"#E3E3F3\"> <th>ADDRESSUNITNUMBER<\/th> <td><\/td> <\/tr><\/table><\/center>" }, "geometry": { "type": "Point", "coordinates": [ 103.74296761686, 1.34148305384534, 0.0 ] } },
{ "type": "Feature", "properties": { "Name": "kml_128", "Description": "<center><table><tr><th colspan='2' align='center'><em>Attributes<\/em><\/th><\/tr><tr bgcolor=\"#E3E3F3\"> <th>ADDRESSBLOCKHOUSENUMBER<\/th> <td><\/td> <\/tr><tr bgcolor=\"\"> <th>ADDRESSBUILDINGNAME<\/th> <td><\/td> <\/tr><tr bgcolor=\"#E3E3F3\"> <th>ADDRESSPOSTALCODE<\/th> <td>560442<\/td> <\/tr><tr bgcolor=\"\"> <th>ADDRESSSTREETNAME<\/th> <td>Blk 442 Ang Mo Kio Avenue 10 Street 43 #01-1205 Singapore<\/td> <\/tr><tr bgcolor=\"#E3E3F3\"> <th>ADDRESSTYPE<\/th> <td><\/td> <\/tr><tr bgcolor=\"\"> <th>DESCRIPTION<\/th> <td><\/td> <\/tr><tr bgcolor=\"#E3E3F3\"> <th>HYPERLINK<\/th> <td>http:\/\/www.pcs.org.sg<\/td> <\/tr><tr bgcolor=\"\"> <th>LANDXADDRESSPOINT<\/th> <td>0<\/td> <\/tr><tr bgcolor=\"#E3E3F3\"> <th>LANDYADDRESSPOINT<\/th> <td>0<\/td> <\/tr><tr bgcolor=\"\"> <th>NAME<\/th> <td>Presbyterian Community Services (Ang Mo Kio)<\/td> <\/tr><tr bgcolor=\"#E3E3F3\"> <th>PHOTOURL<\/th> <td><\/td> <\/tr><tr bgcolor=\"\"> <th>ADDRESSFLOORNUMBER<\/th> <td><\/td> <\/tr><tr bgcolor=\"#E3E3F3\"> <th>INC_CRC<\/th> <td>785F8F1E1820FE8A<\/td> <\/tr><tr bgcolor=\"\"> <th>FMEL_UPD_D<\/th> <td>20121122110135<\/td> <\/tr><tr bgcolor=\"#E3E3F3\"> <th>ADDRESSUNITNUMBER<\/th> <td><\/td> <\/tr><\/table><\/center>" }, "geometry": { "type": "Point", "coordinates": [ 103.855233383029997, 1.36565652698742, 0.0 ] } },
{ "type": "Feature", "properties": { "Name": "kml_129", "Description": "<center><table><tr><th colspan='2' align='center'><em>Attributes<\/em><\/th><\/tr><tr bgcolor=\"#E3E3F3\"> <th>ADDRESSBLOCKHOUSENUMBER<\/th> <td><\/td> <\/tr><tr bgcolor=\"\"> <th>ADDRESSBUILDINGNAME<\/th> <td><\/td> <\/tr><tr bgcolor=\"#E3E3F3\"> <th>ADDRESSPOSTALCODE<\/th> <td>530127<\/td> <\/tr><tr bgcolor=\"\"> <th>ADDRESSSTREETNAME<\/th> <td>Blk 127 Hougang Avenue 1 #01-1494 Singapore<\/td> <\/tr><tr bgcolor=\"#E3E3F3\"> <th>ADDRESSTYPE<\/th> <td><\/td> <\/tr><tr bgcolor=\"\"> <th>DESCRIPTION<\/th> <td><\/td> <\/tr><tr bgcolor=\"#E3E3F3\"> <th>HYPERLINK<\/th> <td>http:\/\/www.pcs.org.sg<\/td> <\/tr><tr bgcolor=\"\"> <th>LANDXADDRESSPOINT<\/th> <td>0<\/td> <\/tr><tr bgcolor=\"#E3E3F3\"> <th>LANDYADDRESSPOINT<\/th> <td>0<\/td> <\/tr><tr bgcolor=\"\"> <th>NAME<\/th> <td>Presbyterian Community Services (Hougang)<\/td> <\/tr><tr bgcolor=\"#E3E3F3\"> <th>PHOTOURL<\/th> <td><\/td> <\/tr><tr bgcolor=\"\"> <th>ADDRESSFLOORNUMBER<\/th> <td><\/td> <\/tr><tr bgcolor=\"#E3E3F3\"> <th>INC_CRC<\/th> <td>4FE93596F9BB9A63<\/td> <\/tr><tr bgcolor=\"\"> <th>FMEL_UPD_D<\/th> <td>20121122110135<\/td> <\/tr><tr bgcolor=\"#E3E3F3\"> <th>ADDRESSUNITNUMBER<\/th> <td><\/td> <\/tr><\/table><\/center>" }, "geometry": { "type": "Point", "coordinates": [ 103.885671839926999, 1.3529112909212, 0.0 ] } },
{ "type": "Feature", "properties": { "Name": "kml_130", "Description": "<center><table><tr><th colspan='2' align='center'><em>Attributes<\/em><\/th><\/tr><tr bgcolor=\"#E3E3F3\"> <th>ADDRESSBLOCKHOUSENUMBER<\/th> <td><\/td> <\/tr><tr bgcolor=\"\"> <th>ADDRESSBUILDINGNAME<\/th> <td><\/td> <\/tr><tr bgcolor=\"#E3E3F3\"> <th>ADDRESSPOSTALCODE<\/th> <td>640452<\/td> <\/tr><tr bgcolor=\"\"> <th>ADDRESSSTREETNAME<\/th> <td>Blk 452 Jurong West Street 42 #01-170 Singapore<\/td> <\/tr><tr bgcolor=\"#E3E3F3\"> <th>ADDRESSTYPE<\/th> <td><\/td> <\/tr><tr bgcolor=\"\"> <th>DESCRIPTION<\/th> <td><\/td> <\/tr><tr bgcolor=\"#E3E3F3\"> <th>HYPERLINK<\/th> <td>http:\/\/www.pcs.org.sg<\/td> <\/tr><tr bgcolor=\"\"> <th>LANDXADDRESSPOINT<\/th> <td>0<\/td> <\/tr><tr bgcolor=\"#E3E3F3\"> <th>LANDYADDRESSPOINT<\/th> <td>0<\/td> <\/tr><tr bgcolor=\"\"> <th>NAME<\/th> <td>Presbyterian Community Services (Jurong West)<\/td> <\/tr><tr bgcolor=\"#E3E3F3\"> <th>PHOTOURL<\/th> <td><\/td> <\/tr><tr bgcolor=\"\"> <th>ADDRESSFLOORNUMBER<\/th> <td><\/td> <\/tr><tr bgcolor=\"#E3E3F3\"> <th>INC_CRC<\/th> <td>25D2D84B75417A88<\/td> <\/tr><tr bgcolor=\"\"> <th>FMEL_UPD_D<\/th> <td>20121122110135<\/td> <\/tr><tr bgcolor=\"#E3E3F3\"> <th>ADDRESSUNITNUMBER<\/th> <td><\/td> <\/tr><\/table><\/center>" }, "geometry": { "type": "Point", "coordinates": [ 103.718510882204995, 1.35157801355111, 0.0 ] } },
{ "type": "Feature", "properties": { "Name": "kml_131", "Description": "<center><table><tr><th colspan='2' align='center'><em>Attributes<\/em><\/th><\/tr><tr bgcolor=\"#E3E3F3\"> <th>ADDRESSBLOCKHOUSENUMBER<\/th> <td><\/td> <\/tr><tr bgcolor=\"\"> <th>ADDRESSBUILDINGNAME<\/th> <td><\/td> <\/tr><tr bgcolor=\"#E3E3F3\"> <th>ADDRESSPOSTALCODE<\/th> <td>520432<\/td> <\/tr><tr bgcolor=\"\"> <th>ADDRESSSTREETNAME<\/th> <td>Blk 432 Tampines Street 41 #01-555 Singapore<\/td> <\/tr><tr bgcolor=\"#E3E3F3\"> <th>ADDRESSTYPE<\/th> <td><\/td> <\/tr><tr bgcolor=\"\"> <th>DESCRIPTION<\/th> <td><\/td> <\/tr><tr bgcolor=\"#E3E3F3\"> <th>HYPERLINK<\/th> <td>http:\/\/www.pcs.org.sg<\/td> <\/tr><tr bgcolor=\"\"> <th>LANDXADDRESSPOINT<\/th> <td>0<\/td> <\/tr><tr bgcolor=\"#E3E3F3\"> <th>LANDYADDRESSPOINT<\/th> <td>0<\/td> <\/tr><tr bgcolor=\"\"> <th>NAME<\/th> <td>Presbyterian Community Services (Tampines)<\/td> <\/tr><tr bgcolor=\"#E3E3F3\"> <th>PHOTOURL<\/th> <td><\/td> <\/tr><tr bgcolor=\"\"> <th>ADDRESSFLOORNUMBER<\/th> <td><\/td> <\/tr><tr bgcolor=\"#E3E3F3\"> <th>INC_CRC<\/th> <td>A9324D4044A3CB22<\/td> <\/tr><tr bgcolor=\"\"> <th>FMEL_UPD_D<\/th> <td>20121122110135<\/td> <\/tr><tr bgcolor=\"#E3E3F3\"> <th>ADDRESSUNITNUMBER<\/th> <td><\/td> <\/tr><\/table><\/center>" }, "geometry": { "type": "Point", "coordinates": [ 103.950533986292001, 1.35888695601359, 0.0 ] } },
{ "type": "Feature", "properties": { "Name": "kml_132", "Description": "<center><table><tr><th colspan='2' align='center'><em>Attributes<\/em><\/th><\/tr><tr bgcolor=\"#E3E3F3\"> <th>ADDRESSBLOCKHOUSENUMBER<\/th> <td><\/td> <\/tr><tr bgcolor=\"\"> <th>ADDRESSBUILDINGNAME<\/th> <td><\/td> <\/tr><tr bgcolor=\"#E3E3F3\"> <th>ADDRESSPOSTALCODE<\/th> <td>730023<\/td> <\/tr><tr bgcolor=\"\"> <th>ADDRESSSTREETNAME<\/th> <td>Blk 23 Marsiling Drive #01-159 Singapore<\/td> <\/tr><tr bgcolor=\"#E3E3F3\"> <th>ADDRESSTYPE<\/th> <td><\/td> <\/tr><tr bgcolor=\"\"> <th>DESCRIPTION<\/th> <td><\/td> <\/tr><tr bgcolor=\"#E3E3F3\"> <th>HYPERLINK<\/th> <td>http:\/\/www.pcs.org.sg<\/td> <\/tr><tr bgcolor=\"\"> <th>LANDXADDRESSPOINT<\/th> <td>0<\/td> <\/tr><tr bgcolor=\"#E3E3F3\"> <th>LANDYADDRESSPOINT<\/th> <td>0<\/td> <\/tr><tr bgcolor=\"\"> <th>NAME<\/th> <td>Presbyterian Community Services (Woodlands)<\/td> <\/tr><tr bgcolor=\"#E3E3F3\"> <th>PHOTOURL<\/th> <td><\/td> <\/tr><tr bgcolor=\"\"> <th>ADDRESSFLOORNUMBER<\/th> <td><\/td> <\/tr><tr bgcolor=\"#E3E3F3\"> <th>INC_CRC<\/th> <td>EE7036DC3CC4B89A<\/td> <\/tr><tr bgcolor=\"\"> <th>FMEL_UPD_D<\/th> <td>20121122110135<\/td> <\/tr><tr bgcolor=\"#E3E3F3\"> <th>ADDRESSUNITNUMBER<\/th> <td><\/td> <\/tr><\/table><\/center>" }, "geometry": { "type": "Point", "coordinates": [ 103.773300444200004, 1.44154154475566, 0.0 ] } },
{ "type": "Feature", "properties": { "Name": "kml_133", "Description": "<center><table><tr><th colspan='2' align='center'><em>Attributes<\/em><\/th><\/tr><tr bgcolor=\"#E3E3F3\"> <th>ADDRESSBLOCKHOUSENUMBER<\/th> <td><\/td> <\/tr><tr bgcolor=\"\"> <th>ADDRESSBUILDINGNAME<\/th> <td><\/td> <\/tr><tr bgcolor=\"#E3E3F3\"> <th>ADDRESSPOSTALCODE<\/th> <td>760411<\/td> <\/tr><tr bgcolor=\"\"> <th>ADDRESSSTREETNAME<\/th> <td>Blk 411 Yishun Ring Road #01-1807 Singapore<\/td> <\/tr><tr bgcolor=\"#E3E3F3\"> <th>ADDRESSTYPE<\/th> <td><\/td> <\/tr><tr bgcolor=\"\"> <th>DESCRIPTION<\/th> <td><\/td> <\/tr><tr bgcolor=\"#E3E3F3\"> <th>HYPERLINK<\/th> <td>http:\/\/www.pcs.org.sg<\/td> <\/tr><tr bgcolor=\"\"> <th>LANDXADDRESSPOINT<\/th> <td>0<\/td> <\/tr><tr bgcolor=\"#E3E3F3\"> <th>LANDYADDRESSPOINT<\/th> <td>0<\/td> <\/tr><tr bgcolor=\"\"> <th>NAME<\/th> <td>Presbyterian Community Services (Yishun)<\/td> <\/tr><tr bgcolor=\"#E3E3F3\"> <th>PHOTOURL<\/th> <td><\/td> <\/tr><tr bgcolor=\"\"> <th>ADDRESSFLOORNUMBER<\/th> <td><\/td> <\/tr><tr bgcolor=\"#E3E3F3\"> <th>INC_CRC<\/th> <td>31B0E3AB72253B9C<\/td> <\/tr><tr bgcolor=\"\"> <th>FMEL_UPD_D<\/th> <td>20121122110135<\/td> <\/tr><tr bgcolor=\"#E3E3F3\"> <th>ADDRESSUNITNUMBER<\/th> <td><\/td> <\/tr><\/table><\/center>" }, "geometry": { "type": "Point", "coordinates": [ 103.847404271472001, 1.42574178896442, 0.0 ] } },
{ "type": "Feature", "properties": { "Name": "kml_134", "Description": "<center><table><tr><th colspan='2' align='center'><em>Attributes<\/em><\/th><\/tr><tr bgcolor=\"#E3E3F3\"> <th>ADDRESSBLOCKHOUSENUMBER<\/th> <td><\/td> <\/tr><tr bgcolor=\"\"> <th>ADDRESSBUILDINGNAME<\/th> <td><\/td> <\/tr><tr bgcolor=\"#E3E3F3\"> <th>ADDRESSPOSTALCODE<\/th> <td>164018<\/td> <\/tr><tr bgcolor=\"\"> <th>ADDRESSSTREETNAME<\/th> <td>Blk 18 Jalan Membina #03-01\/02 Singapore<\/td> <\/tr><tr bgcolor=\"#E3E3F3\"> <th>ADDRESSTYPE<\/th> <td><\/td> <\/tr><tr bgcolor=\"\"> <th>DESCRIPTION<\/th> <td><\/td> <\/tr><tr bgcolor=\"#E3E3F3\"> <th>HYPERLINK<\/th> <td>http:\/\/www.thkms.org.sg<\/td> <\/tr><tr bgcolor=\"\"> <th>LANDXADDRESSPOINT<\/th> <td>0<\/td> <\/tr><tr bgcolor=\"#E3E3F3\"> <th>LANDYADDRESSPOINT<\/th> <td>0<\/td> <\/tr><tr bgcolor=\"\"> <th>NAME<\/th> <td>Thye Hua Kwan Moral Society (THKMS) Moral Child Development Centre (Membina)<\/td> <\/tr><tr bgcolor=\"#E3E3F3\"> <th>PHOTOURL<\/th> <td><\/td> <\/tr><tr bgcolor=\"\"> <th>ADDRESSFLOORNUMBER<\/th> <td><\/td> <\/tr><tr bgcolor=\"#E3E3F3\"> <th>INC_CRC<\/th> <td>36EDC06A52157FC2<\/td> <\/tr><tr bgcolor=\"\"> <th>FMEL_UPD_D<\/th> <td>20121122110136<\/td> <\/tr><tr bgcolor=\"#E3E3F3\"> <th>ADDRESSUNITNUMBER<\/th> <td><\/td> <\/tr><\/table><\/center>" }, "geometry": { "type": "Point", "coordinates": [ 103.826785447839001, 1.28569743312849, 0.0 ] } },
{ "type": "Feature", "properties": { "Name": "kml_135", "Description": "<center><table><tr><th colspan='2' align='center'><em>Attributes<\/em><\/th><\/tr><tr bgcolor=\"#E3E3F3\"> <th>ADDRESSBLOCKHOUSENUMBER<\/th> <td><\/td> <\/tr><tr bgcolor=\"\"> <th>ADDRESSBUILDINGNAME<\/th> <td><\/td> <\/tr><tr bgcolor=\"#E3E3F3\"> <th>ADDRESSPOSTALCODE<\/th> <td>120333<\/td> <\/tr><tr bgcolor=\"\"> <th>ADDRESSSTREETNAME<\/th> <td>Blk 333 Clementi Avenue 2 #01-86 Singapore<\/td> <\/tr><tr bgcolor=\"#E3E3F3\"> <th>ADDRESSTYPE<\/th> <td><\/td> <\/tr><tr bgcolor=\"\"> <th>DESCRIPTION<\/th> <td><\/td> <\/tr><tr bgcolor=\"#E3E3F3\"> <th>HYPERLINK<\/th> <td>http:\/\/www.touch.org.sg<\/td> <\/tr><tr bgcolor=\"\"> <th>LANDXADDRESSPOINT<\/th> <td>0<\/td> <\/tr><tr bgcolor=\"#E3E3F3\"> <th>LANDYADDRESSPOINT<\/th> <td>0<\/td> <\/tr><tr bgcolor=\"\"> <th>NAME<\/th> <td>TOUCH Community Services                                                                                       TOUCH Child Care<\/td> <\/tr><tr bgcolor=\"#E3E3F3\"> <th>PHOTOURL<\/th> <td><\/td> <\/tr><tr bgcolor=\"\"> <th>ADDRESSFLOORNUMBER<\/th> <td><\/td> <\/tr><tr bgcolor=\"#E3E3F3\"> <th>INC_CRC<\/th> <td>F39515C38B3480AD<\/td> <\/tr><tr bgcolor=\"\"> <th>FMEL_UPD_D<\/th> <td>20121122110136<\/td> <\/tr><tr bgcolor=\"#E3E3F3\"> <th>ADDRESSUNITNUMBER<\/th> <td><\/td> <\/tr><\/table><\/center>" }, "geometry": { "type": "Point", "coordinates": [ 103.767487974100007, 1.31516227940484, 0.0 ] } },
{ "type": "Feature", "properties": { "Name": "kml_136", "Description": "<center><table><tr><th colspan='2' align='center'><em>Attributes<\/em><\/th><\/tr><tr bgcolor=\"#E3E3F3\"> <th>ADDRESSBLOCKHOUSENUMBER<\/th> <td><\/td> <\/tr><tr bgcolor=\"\"> <th>ADDRESSBUILDINGNAME<\/th> <td><\/td> <\/tr><tr bgcolor=\"#E3E3F3\"> <th>ADDRESSPOSTALCODE<\/th> <td>530606<\/td> <\/tr><tr bgcolor=\"\"> <th>ADDRESSSTREETNAME<\/th> <td>Blk 606 Hougang Avenue 4 #01-167 Singapore<\/td> <\/tr><tr bgcolor=\"#E3E3F3\"> <th>ADDRESSTYPE<\/th> <td><\/td> <\/tr><tr bgcolor=\"\"> <th>DESCRIPTION<\/th> <td><\/td> <\/tr><tr bgcolor=\"#E3E3F3\"> <th>HYPERLINK<\/th> <td>http:\/\/www.touch.org.sg<\/td> <\/tr><tr bgcolor=\"\"> <th>LANDXADDRESSPOINT<\/th> <td>0<\/td> <\/tr><tr bgcolor=\"#E3E3F3\"> <th>LANDYADDRESSPOINT<\/th> <td>0<\/td> <\/tr><tr bgcolor=\"\"> <th>NAME<\/th> <td>TOUCH Community Services                                                                                    TOUCH Child Care<\/td> <\/tr><tr bgcolor=\"#E3E3F3\"> <th>PHOTOURL<\/th> <td><\/td> <\/tr><tr bgcolor=\"\"> <th>ADDRESSFLOORNUMBER<\/th> <td><\/td> <\/tr><tr bgcolor=\"#E3E3F3\"> <th>INC_CRC<\/th> <td>1A223862FBDC9986<\/td> <\/tr><tr bgcolor=\"\"> <th>FMEL_UPD_D<\/th> <td>20121122110136<\/td> <\/tr><tr bgcolor=\"#E3E3F3\"> <th>ADDRESSUNITNUMBER<\/th> <td><\/td> <\/tr><\/table><\/center>" }, "geometry": { "type": "Point", "coordinates": [ 103.885942272178994, 1.37067294627198, 0.0 ] } },
{ "type": "Feature", "properties": { "Name": "kml_137", "Description": "<center><table><tr><th colspan='2' align='center'><em>Attributes<\/em><\/th><\/tr><tr bgcolor=\"#E3E3F3\"> <th>ADDRESSBLOCKHOUSENUMBER<\/th> <td><\/td> <\/tr><tr bgcolor=\"\"> <th>ADDRESSBUILDINGNAME<\/th> <td><\/td> <\/tr><tr bgcolor=\"#E3E3F3\"> <th>ADDRESSPOSTALCODE<\/th> <td>440066<\/td> <\/tr><tr bgcolor=\"\"> <th>ADDRESSSTREETNAME<\/th> <td>Blk 66 Marine Drive #01-202 Singapore<\/td> <\/tr><tr bgcolor=\"#E3E3F3\"> <th>ADDRESSTYPE<\/th> <td><\/td> <\/tr><tr bgcolor=\"\"> <th>DESCRIPTION<\/th> <td><\/td> <\/tr><tr bgcolor=\"#E3E3F3\"> <th>HYPERLINK<\/th> <td>nof.ywca.org.sg<\/td> <\/tr><tr bgcolor=\"\"> <th>LANDXADDRESSPOINT<\/th> <td>0<\/td> <\/tr><tr bgcolor=\"#E3E3F3\"> <th>LANDYADDRESSPOINT<\/th> <td>0<\/td> <\/tr><tr bgcolor=\"\"> <th>NAME<\/th> <td>YWCA Child Development Centre (Marine Drive)<\/td> <\/tr><tr bgcolor=\"#E3E3F3\"> <th>PHOTOURL<\/th> <td><\/td> <\/tr><tr bgcolor=\"\"> <th>ADDRESSFLOORNUMBER<\/th> <td><\/td> <\/tr><tr bgcolor=\"#E3E3F3\"> <th>INC_CRC<\/th> <td>F789151902BFD241<\/td> <\/tr><tr bgcolor=\"\"> <th>FMEL_UPD_D<\/th> <td>20121122110136<\/td> <\/tr><tr bgcolor=\"#E3E3F3\"> <th>ADDRESSUNITNUMBER<\/th> <td><\/td> <\/tr><\/table><\/center>" }, "geometry": { "type": "Point", "coordinates": [ 103.909735936169, 1.30393796121128, 0.0 ] } },
{ "type": "Feature", "properties": { "Name": "kml_138", "Description": "<center><table><tr><th colspan='2' align='center'><em>Attributes<\/em><\/th><\/tr><tr bgcolor=\"#E3E3F3\"> <th>ADDRESSBLOCKHOUSENUMBER<\/th> <td><\/td> <\/tr><tr bgcolor=\"\"> <th>ADDRESSBUILDINGNAME<\/th> <td><\/td> <\/tr><tr bgcolor=\"#E3E3F3\"> <th>ADDRESSPOSTALCODE<\/th> <td>120510<\/td> <\/tr><tr bgcolor=\"\"> <th>ADDRESSSTREETNAME<\/th> <td>Blk 510 West Coast Drive #01-315 Singapore<\/td> <\/tr><tr bgcolor=\"#E3E3F3\"> <th>ADDRESSTYPE<\/th> <td><\/td> <\/tr><tr bgcolor=\"\"> <th>DESCRIPTION<\/th> <td><\/td> <\/tr><tr bgcolor=\"#E3E3F3\"> <th>HYPERLINK<\/th> <td>nof.ywca.org.sg<\/td> <\/tr><tr bgcolor=\"\"> <th>LANDXADDRESSPOINT<\/th> <td>0<\/td> <\/tr><tr bgcolor=\"#E3E3F3\"> <th>LANDYADDRESSPOINT<\/th> <td>0<\/td> <\/tr><tr bgcolor=\"\"> <th>NAME<\/th> <td>YWCA Child Development Centre (West Coast)<\/td> <\/tr><tr bgcolor=\"#E3E3F3\"> <th>PHOTOURL<\/th> <td><\/td> <\/tr><tr bgcolor=\"\"> <th>ADDRESSFLOORNUMBER<\/th> <td><\/td> <\/tr><tr bgcolor=\"#E3E3F3\"> <th>INC_CRC<\/th> <td>9378AF34929314FF<\/td> <\/tr><tr bgcolor=\"\"> <th>FMEL_UPD_D<\/th> <td>20121122110136<\/td> <\/tr><tr bgcolor=\"#E3E3F3\"> <th>ADDRESSUNITNUMBER<\/th> <td><\/td> <\/tr><\/table><\/center>" }, "geometry": { "type": "Point", "coordinates": [ 103.760796107483998, 1.31083087567365, 0.0 ] } },
{ "type": "Feature", "properties": { "Name": "kml_139", "Description": "<center><table><tr><th colspan='2' align='center'><em>Attributes<\/em><\/th><\/tr><tr bgcolor=\"#E3E3F3\"> <th>ADDRESSBLOCKHOUSENUMBER<\/th> <td><\/td> <\/tr><tr bgcolor=\"\"> <th>ADDRESSBUILDINGNAME<\/th> <td><\/td> <\/tr><tr bgcolor=\"#E3E3F3\"> <th>ADDRESSPOSTALCODE<\/th> <td>460133<\/td> <\/tr><tr bgcolor=\"\"> <th>ADDRESSSTREETNAME<\/th> <td>Block 133 Bedok North Ave 3 #01-138 Singapore<\/td> <\/tr><tr bgcolor=\"#E3E3F3\"> <th>ADDRESSTYPE<\/th> <td><\/td> <\/tr><tr bgcolor=\"\"> <th>DESCRIPTION<\/th> <td><\/td> <\/tr><tr bgcolor=\"#E3E3F3\"> <th>HYPERLINK<\/th> <td>http:\/\/www.vsa.org.sg<\/td> <\/tr><tr bgcolor=\"\"> <th>LANDXADDRESSPOINT<\/th> <td>0<\/td> <\/tr><tr bgcolor=\"#E3E3F3\"> <th>LANDYADDRESSPOINT<\/th> <td>0<\/td> <\/tr><tr bgcolor=\"\"> <th>NAME<\/th> <td>Very Special Arts Singapore Ltd<\/td> <\/tr><tr bgcolor=\"#E3E3F3\"> <th>PHOTOURL<\/th> <td><\/td> <\/tr><tr bgcolor=\"\"> <th>ADDRESSFLOORNUMBER<\/th> <td><\/td> <\/tr><tr bgcolor=\"#E3E3F3\"> <th>INC_CRC<\/th> <td>ABF6587320766715<\/td> <\/tr><tr bgcolor=\"\"> <th>FMEL_UPD_D<\/th> <td>20121122110136<\/td> <\/tr><tr bgcolor=\"#E3E3F3\"> <th>ADDRESSUNITNUMBER<\/th> <td><\/td> <\/tr><\/table><\/center>" }, "geometry": { "type": "Point", "coordinates": [ 103.935739668634994, 1.32754842669157, 0.0 ] } },
{ "type": "Feature", "properties": { "Name": "kml_140", "Description": "<center><table><tr><th colspan='2' align='center'><em>Attributes<\/em><\/th><\/tr><tr bgcolor=\"#E3E3F3\"> <th>ADDRESSBLOCKHOUSENUMBER<\/th> <td><\/td> <\/tr><tr bgcolor=\"\"> <th>ADDRESSBUILDINGNAME<\/th> <td><\/td> <\/tr><tr bgcolor=\"#E3E3F3\"> <th>ADDRESSPOSTALCODE<\/th> <td>397799<\/td> <\/tr><tr bgcolor=\"\"> <th>ADDRESSSTREETNAME<\/th> <td>230 Stadium Boulevard Singapore<\/td> <\/tr><tr bgcolor=\"#E3E3F3\"> <th>ADDRESSTYPE<\/th> <td><\/td> <\/tr><tr bgcolor=\"\"> <th>DESCRIPTION<\/th> <td><\/td> <\/tr><tr bgcolor=\"#E3E3F3\"> <th>HYPERLINK<\/th> <td>http:\/\/www.sdsc.org.sg<\/td> <\/tr><tr bgcolor=\"\"> <th>LANDXADDRESSPOINT<\/th> <td>0<\/td> <\/tr><tr bgcolor=\"#E3E3F3\"> <th>LANDYADDRESSPOINT<\/th> <td>0<\/td> <\/tr><tr bgcolor=\"\"> <th>NAME<\/th> <td>Singapore Disability Sports Council<\/td> <\/tr><tr bgcolor=\"#E3E3F3\"> <th>PHOTOURL<\/th> <td><\/td> <\/tr><tr bgcolor=\"\"> <th>ADDRESSFLOORNUMBER<\/th> <td><\/td> <\/tr><tr bgcolor=\"#E3E3F3\"> <th>INC_CRC<\/th> <td>0F9C3C0BAD7FE27E<\/td> <\/tr><tr bgcolor=\"\"> <th>FMEL_UPD_D<\/th> <td>20121122110136<\/td> <\/tr><tr bgcolor=\"#E3E3F3\"> <th>ADDRESSUNITNUMBER<\/th> <td><\/td> <\/tr><\/table><\/center>" }, "geometry": { "type": "Point", "coordinates": [ 103.882268866481994, 1.30426365346041, 0.0 ] } },
{ "type": "Feature", "properties": { "Name": "kml_141", "Description": "<center><table><tr><th colspan='2' align='center'><em>Attributes<\/em><\/th><\/tr><tr bgcolor=\"#E3E3F3\"> <th>ADDRESSBLOCKHOUSENUMBER<\/th> <td><\/td> <\/tr><tr bgcolor=\"\"> <th>ADDRESSBUILDINGNAME<\/th> <td><\/td> <\/tr><tr bgcolor=\"#E3E3F3\"> <th>ADDRESSPOSTALCODE<\/th> <td>659168<\/td> <\/tr><tr bgcolor=\"\"> <th>ADDRESSSTREETNAME<\/th> <td>101 Bukit Batok West Avenue 3 Singapore<\/td> <\/tr><tr bgcolor=\"#E3E3F3\"> <th>ADDRESSTYPE<\/th> <td><\/td> <\/tr><tr bgcolor=\"\"> <th>DESCRIPTION<\/th> <td><\/td> <\/tr><tr bgcolor=\"#E3E3F3\"> <th>HYPERLINK<\/th> <td>http:\/\/www.edenschool.edu.sg<\/td> <\/tr><tr bgcolor=\"\"> <th>LANDXADDRESSPOINT<\/th> <td>0<\/td> <\/tr><tr bgcolor=\"#E3E3F3\"> <th>LANDYADDRESSPOINT<\/th> <td>0<\/td> <\/tr><tr bgcolor=\"\"> <th>NAME<\/th> <td>Autism Association Singapore (AAS)                                                                           Eden School<\/td> <\/tr><tr bgcolor=\"#E3E3F3\"> <th>PHOTOURL<\/th> <td><\/td> <\/tr><tr bgcolor=\"\"> <th>ADDRESSFLOORNUMBER<\/th> <td><\/td> <\/tr><tr bgcolor=\"#E3E3F3\"> <th>INC_CRC<\/th> <td>EE41AEC1DDB0A48A<\/td> <\/tr><tr bgcolor=\"\"> <th>FMEL_UPD_D<\/th> <td>20121122110136<\/td> <\/tr><tr bgcolor=\"#E3E3F3\"> <th>ADDRESSUNITNUMBER<\/th> <td><\/td> <\/tr><\/table><\/center>" }, "geometry": { "type": "Point", "coordinates": [ 103.742956148261001, 1.35139724767724, 0.0 ] } },
{ "type": "Feature", "properties": { "Name": "kml_142", "Description": "<center><table><tr><th colspan='2' align='center'><em>Attributes<\/em><\/th><\/tr><tr bgcolor=\"#E3E3F3\"> <th>ADDRESSBLOCKHOUSENUMBER<\/th> <td><\/td> <\/tr><tr bgcolor=\"\"> <th>ADDRESSBUILDINGNAME<\/th> <td><\/td> <\/tr><tr bgcolor=\"#E3E3F3\"> <th>ADDRESSPOSTALCODE<\/th> <td>159924<\/td> <\/tr><tr bgcolor=\"\"> <th>ADDRESSSTREETNAME<\/th> <td>143 Alexandra Road Singapore<\/td> <\/tr><tr bgcolor=\"#E3E3F3\"> <th>ADDRESSTYPE<\/th> <td><\/td> <\/tr><tr bgcolor=\"\"> <th>DESCRIPTION<\/th> <td><\/td> <\/tr><tr bgcolor=\"#E3E3F3\"> <th>HYPERLINK<\/th> <td>http:\/\/www.apsn.org.sg<\/td> <\/tr><tr bgcolor=\"\"> <th>LANDXADDRESSPOINT<\/th> <td>0<\/td> <\/tr><tr bgcolor=\"#E3E3F3\"> <th>LANDYADDRESSPOINT<\/th> <td>0<\/td> <\/tr><tr bgcolor=\"\"> <th>NAME<\/th> <td>Association For Persons With Special Needs (APSN)                                              Tanglin School<\/td> <\/tr><tr bgcolor=\"#E3E3F3\"> <th>PHOTOURL<\/th> <td><\/td> <\/tr><tr bgcolor=\"\"> <th>ADDRESSFLOORNUMBER<\/th> <td><\/td> <\/tr><tr bgcolor=\"#E3E3F3\"> <th>INC_CRC<\/th> <td>806FE8F0C3CB0058<\/td> <\/tr><tr bgcolor=\"\"> <th>FMEL_UPD_D<\/th> <td>20121122110136<\/td> <\/tr><tr bgcolor=\"#E3E3F3\"> <th>ADDRESSUNITNUMBER<\/th> <td><\/td> <\/tr><\/table><\/center>" }, "geometry": { "type": "Point", "coordinates": [ 103.819794884415003, 1.29041262367466, 0.0 ] } },
{ "type": "Feature", "properties": { "Name": "kml_143", "Description": "<center><table><tr><th colspan='2' align='center'><em>Attributes<\/em><\/th><\/tr><tr bgcolor=\"#E3E3F3\"> <th>ADDRESSBLOCKHOUSENUMBER<\/th> <td><\/td> <\/tr><tr bgcolor=\"\"> <th>ADDRESSBUILDINGNAME<\/th> <td><\/td> <\/tr><tr bgcolor=\"#E3E3F3\"> <th>ADDRESSPOSTALCODE<\/th> <td>569767<\/td> <\/tr><tr bgcolor=\"\"> <th>ADDRESSSTREETNAME<\/th> <td>18 Ang Mo Kio Avenue 9 Singapore<\/td> <\/tr><tr bgcolor=\"#E3E3F3\"> <th>ADDRESSTYPE<\/th> <td><\/td> <\/tr><tr bgcolor=\"\"> <th>DESCRIPTION<\/th> <td><\/td> <\/tr><tr bgcolor=\"#E3E3F3\"> <th>HYPERLINK<\/th> <td>http:\/\/www.apsn.org.sg<\/td> <\/tr><tr bgcolor=\"\"> <th>LANDXADDRESSPOINT<\/th> <td>0<\/td> <\/tr><tr bgcolor=\"#E3E3F3\"> <th>LANDYADDRESSPOINT<\/th> <td>0<\/td> <\/tr><tr bgcolor=\"\"> <th>NAME<\/th> <td>Association For Persons With Special Needs (APSN)                                            Chaoyang School<\/td> <\/tr><tr bgcolor=\"#E3E3F3\"> <th>PHOTOURL<\/th> <td><\/td> <\/tr><tr bgcolor=\"\"> <th>ADDRESSFLOORNUMBER<\/th> <td><\/td> <\/tr><tr bgcolor=\"#E3E3F3\"> <th>INC_CRC<\/th> <td>2AD2CF7BEB533523<\/td> <\/tr><tr bgcolor=\"\"> <th>FMEL_UPD_D<\/th> <td>20121122110136<\/td> <\/tr><tr bgcolor=\"#E3E3F3\"> <th>ADDRESSUNITNUMBER<\/th> <td><\/td> <\/tr><\/table><\/center>" }, "geometry": { "type": "Point", "coordinates": [ 103.841801283210003, 1.38328187108642, 0.0 ] } },
{ "type": "Feature", "properties": { "Name": "kml_144", "Description": "<center><table><tr><th colspan='2' align='center'><em>Attributes<\/em><\/th><\/tr><tr bgcolor=\"#E3E3F3\"> <th>ADDRESSBLOCKHOUSENUMBER<\/th> <td><\/td> <\/tr><tr bgcolor=\"\"> <th>ADDRESSBUILDINGNAME<\/th> <td><\/td> <\/tr><tr bgcolor=\"#E3E3F3\"> <th>ADDRESSPOSTALCODE<\/th> <td>467354<\/td> <\/tr><tr bgcolor=\"\"> <th>ADDRESSSTREETNAME<\/th> <td>900 New Upper Changi Road Singapore<\/td> <\/tr><tr bgcolor=\"#E3E3F3\"> <th>ADDRESSTYPE<\/th> <td><\/td> <\/tr><tr bgcolor=\"\"> <th>DESCRIPTION<\/th> <td><\/td> <\/tr><tr bgcolor=\"#E3E3F3\"> <th>HYPERLINK<\/th> <td>http:\/\/www.apsn.org.sg<\/td> <\/tr><tr bgcolor=\"\"> <th>LANDXADDRESSPOINT<\/th> <td>0<\/td> <\/tr><tr bgcolor=\"#E3E3F3\"> <th>LANDYADDRESSPOINT<\/th> <td>0<\/td> <\/tr><tr bgcolor=\"\"> <th>NAME<\/th> <td>Association For Persons With Special Needs (APSN)                                            Katong School<\/td> <\/tr><tr bgcolor=\"#E3E3F3\"> <th>PHOTOURL<\/th> <td><\/td> <\/tr><tr bgcolor=\"\"> <th>ADDRESSFLOORNUMBER<\/th> <td><\/td> <\/tr><tr bgcolor=\"#E3E3F3\"> <th>INC_CRC<\/th> <td>B958258C0C79555E<\/td> <\/tr><tr bgcolor=\"\"> <th>FMEL_UPD_D<\/th> <td>20121122110137<\/td> <\/tr><tr bgcolor=\"#E3E3F3\"> <th>ADDRESSUNITNUMBER<\/th> <td><\/td> <\/tr><\/table><\/center>" }, "geometry": { "type": "Point", "coordinates": [ 103.94296957809, 1.32531122996531, 0.0 ] } },
{ "type": "Feature", "properties": { "Name": "kml_145", "Description": "<center><table><tr><th colspan='2' align='center'><em>Attributes<\/em><\/th><\/tr><tr bgcolor=\"#E3E3F3\"> <th>ADDRESSBLOCKHOUSENUMBER<\/th> <td><\/td> <\/tr><tr bgcolor=\"\"> <th>ADDRESSBUILDINGNAME<\/th> <td><\/td> <\/tr><tr bgcolor=\"#E3E3F3\"> <th>ADDRESSPOSTALCODE<\/th> <td>649297<\/td> <\/tr><tr bgcolor=\"\"> <th>ADDRESSSTREETNAME<\/th> <td>6A Jurong West Street 52 Singapore<\/td> <\/tr><tr bgcolor=\"#E3E3F3\"> <th>ADDRESSTYPE<\/th> <td><\/td> <\/tr><tr bgcolor=\"\"> <th>DESCRIPTION<\/th> <td><\/td> <\/tr><tr bgcolor=\"#E3E3F3\"> <th>HYPERLINK<\/th> <td>http:\/\/www.go.edu.sg<\/td> <\/tr><tr bgcolor=\"\"> <th>LANDXADDRESSPOINT<\/th> <td>0<\/td> <\/tr><tr bgcolor=\"#E3E3F3\"> <th>LANDYADDRESSPOINT<\/th> <td>0<\/td> <\/tr><tr bgcolor=\"\"> <th>NAME<\/th> <td>Grace Orchard School<\/td> <\/tr><tr bgcolor=\"#E3E3F3\"> <th>PHOTOURL<\/th> <td><\/td> <\/tr><tr bgcolor=\"\"> <th>ADDRESSFLOORNUMBER<\/th> <td><\/td> <\/tr><tr bgcolor=\"#E3E3F3\"> <th>INC_CRC<\/th> <td>4E5B0A913F58B57C<\/td> <\/tr><tr bgcolor=\"\"> <th>FMEL_UPD_D<\/th> <td>20121122110137<\/td> <\/tr><tr bgcolor=\"#E3E3F3\"> <th>ADDRESSUNITNUMBER<\/th> <td><\/td> <\/tr><\/table><\/center>" }, "geometry": { "type": "Point", "coordinates": [ 103.718205093685, 1.3476384960039, 0.0 ] } },
{ "type": "Feature", "properties": { "Name": "kml_146", "Description": "<center><table><tr><th colspan='2' align='center'><em>Attributes<\/em><\/th><\/tr><tr bgcolor=\"#E3E3F3\"> <th>ADDRESSBLOCKHOUSENUMBER<\/th> <td><\/td> <\/tr><tr bgcolor=\"\"> <th>ADDRESSBUILDINGNAME<\/th> <td><\/td> <\/tr><tr bgcolor=\"#E3E3F3\"> <th>ADDRESSPOSTALCODE<\/th> <td>298106<\/td> <\/tr><tr bgcolor=\"\"> <th>ADDRESSSTREETNAME<\/th> <td>51 Toa Payoh Rise Singapore<\/td> <\/tr><tr bgcolor=\"#E3E3F3\"> <th>ADDRESSTYPE<\/th> <td><\/td> <\/tr><tr bgcolor=\"\"> <th>DESCRIPTION<\/th> <td><\/td> <\/tr><tr bgcolor=\"#E3E3F3\"> <th>HYPERLINK<\/th> <td>http:\/\/www.lighthouse.edu.sg<\/td> <\/tr><tr bgcolor=\"\"> <th>LANDXADDRESSPOINT<\/th> <td>0<\/td> <\/tr><tr bgcolor=\"#E3E3F3\"> <th>LANDYADDRESSPOINT<\/th> <td>0<\/td> <\/tr><tr bgcolor=\"\"> <th>NAME<\/th> <td>Lighthouse School<\/td> <\/tr><tr bgcolor=\"#E3E3F3\"> <th>PHOTOURL<\/th> <td><\/td> <\/tr><tr bgcolor=\"\"> <th>ADDRESSFLOORNUMBER<\/th> <td><\/td> <\/tr><tr bgcolor=\"#E3E3F3\"> <th>INC_CRC<\/th> <td>72332ABB41DC16FF<\/td> <\/tr><tr bgcolor=\"\"> <th>FMEL_UPD_D<\/th> <td>20121122110137<\/td> <\/tr><tr bgcolor=\"#E3E3F3\"> <th>ADDRESSUNITNUMBER<\/th> <td><\/td> <\/tr><\/table><\/center>" }, "geometry": { "type": "Point", "coordinates": [ 103.840779968899994, 1.33881426700706, 0.0 ] } },
{ "type": "Feature", "properties": { "Name": "kml_147", "Description": "<center><table><tr><th colspan='2' align='center'><em>Attributes<\/em><\/th><\/tr><tr bgcolor=\"#E3E3F3\"> <th>ADDRESSBLOCKHOUSENUMBER<\/th> <td><\/td> <\/tr><tr bgcolor=\"\"> <th>ADDRESSBUILDINGNAME<\/th> <td><\/td> <\/tr><tr bgcolor=\"#E3E3F3\"> <th>ADDRESSPOSTALCODE<\/th> <td>529949<\/td> <\/tr><tr bgcolor=\"\"> <th>ADDRESSSTREETNAME<\/th> <td>30 Simei Street 1 Singapore<\/td> <\/tr><tr bgcolor=\"#E3E3F3\"> <th>ADDRESSTYPE<\/th> <td><\/td> <\/tr><tr bgcolor=\"\"> <th>DESCRIPTION<\/th> <td><\/td> <\/tr><tr bgcolor=\"#E3E3F3\"> <th>HYPERLINK<\/th> <td>http:\/\/www.mettaschool.edu.sg<\/td> <\/tr><tr bgcolor=\"\"> <th>LANDXADDRESSPOINT<\/th> <td>0<\/td> <\/tr><tr bgcolor=\"#E3E3F3\"> <th>LANDYADDRESSPOINT<\/th> <td>0<\/td> <\/tr><tr bgcolor=\"\"> <th>NAME<\/th> <td>Metta School<\/td> <\/tr><tr bgcolor=\"#E3E3F3\"> <th>PHOTOURL<\/th> <td><\/td> <\/tr><tr bgcolor=\"\"> <th>ADDRESSFLOORNUMBER<\/th> <td><\/td> <\/tr><tr bgcolor=\"#E3E3F3\"> <th>INC_CRC<\/th> <td>E5AB1BB8794BF82A<\/td> <\/tr><tr bgcolor=\"\"> <th>FMEL_UPD_D<\/th> <td>20121122110137<\/td> <\/tr><tr bgcolor=\"#E3E3F3\"> <th>ADDRESSUNITNUMBER<\/th> <td><\/td> <\/tr><\/table><\/center>" }, "geometry": { "type": "Point", "coordinates": [ 103.957331746072001, 1.34691353883681, 0.0 ] } },
{ "type": "Feature", "properties": { "Name": "kml_148", "Description": "<center><table><tr><th colspan='2' align='center'><em>Attributes<\/em><\/th><\/tr><tr bgcolor=\"#E3E3F3\"> <th>ADDRESSBLOCKHOUSENUMBER<\/th> <td><\/td> <\/tr><tr bgcolor=\"\"> <th>ADDRESSBUILDINGNAME<\/th> <td><\/td> <\/tr><tr bgcolor=\"#E3E3F3\"> <th>ADDRESSPOSTALCODE<\/th> <td>149311<\/td> <\/tr><tr bgcolor=\"\"> <th>ADDRESSSTREETNAME<\/th> <td>802 Margaret Drive Singapore<\/td> <\/tr><tr bgcolor=\"#E3E3F3\"> <th>ADDRESSTYPE<\/th> <td><\/td> <\/tr><tr bgcolor=\"\"> <th>DESCRIPTION<\/th> <td><\/td> <\/tr><tr bgcolor=\"#E3E3F3\"> <th>HYPERLINK<\/th> <td>http:\/\/www.minds.org.sg<\/td> <\/tr><tr bgcolor=\"\"> <th>LANDXADDRESSPOINT<\/th> <td>0<\/td> <\/tr><tr bgcolor=\"#E3E3F3\"> <th>LANDYADDRESSPOINT<\/th> <td>0<\/td> <\/tr><tr bgcolor=\"\"> <th>NAME<\/th> <td>Movement for the Intellectually Disabled of Singapore (MINDS)                           MINDS Lee Kong Chian Gardens School<\/td> <\/tr><tr bgcolor=\"#E3E3F3\"> <th>PHOTOURL<\/th> <td><\/td> <\/tr><tr bgcolor=\"\"> <th>ADDRESSFLOORNUMBER<\/th> <td><\/td> <\/tr><tr bgcolor=\"#E3E3F3\"> <th>INC_CRC<\/th> <td>5F022BE469273CF1<\/td> <\/tr><tr bgcolor=\"\"> <th>FMEL_UPD_D<\/th> <td>20121122110137<\/td> <\/tr><tr bgcolor=\"#E3E3F3\"> <th>ADDRESSUNITNUMBER<\/th> <td><\/td> <\/tr><\/table><\/center>" }, "geometry": { "type": "Point", "coordinates": [ 103.813287620118999, 1.29465118090888, 0.0 ] } },
{ "type": "Feature", "properties": { "Name": "kml_149", "Description": "<center><table><tr><th colspan='2' align='center'><em>Attributes<\/em><\/th><\/tr><tr bgcolor=\"#E3E3F3\"> <th>ADDRESSBLOCKHOUSENUMBER<\/th> <td><\/td> <\/tr><tr bgcolor=\"\"> <th>ADDRESSBUILDINGNAME<\/th> <td><\/td> <\/tr><tr bgcolor=\"#E3E3F3\"> <th>ADDRESSPOSTALCODE<\/th> <td>417557<\/td> <\/tr><tr bgcolor=\"\"> <th>ADDRESSSTREETNAME<\/th> <td>1B Lengkong Lima Singapore<\/td> <\/tr><tr bgcolor=\"#E3E3F3\"> <th>ADDRESSTYPE<\/th> <td><\/td> <\/tr><tr bgcolor=\"\"> <th>DESCRIPTION<\/th> <td><\/td> <\/tr><tr bgcolor=\"#E3E3F3\"> <th>HYPERLINK<\/th> <td>http:\/\/www.minds.org.sg<\/td> <\/tr><tr bgcolor=\"\"> <th>LANDXADDRESSPOINT<\/th> <td>0<\/td> <\/tr><tr bgcolor=\"#E3E3F3\"> <th>LANDYADDRESSPOINT<\/th> <td>0<\/td> <\/tr><tr bgcolor=\"\"> <th>NAME<\/th> <td>Movement for the Intellectually Disabled of Singapore (MINDS)                           MINDS Towner Gardens School<\/td> <\/tr><tr bgcolor=\"#E3E3F3\"> <th>PHOTOURL<\/th> <td><\/td> <\/tr><tr bgcolor=\"\"> <th>ADDRESSFLOORNUMBER<\/th> <td><\/td> <\/tr><tr bgcolor=\"#E3E3F3\"> <th>INC_CRC<\/th> <td>A1ACC7A3794C85BF<\/td> <\/tr><tr bgcolor=\"\"> <th>FMEL_UPD_D<\/th> <td>20121122110137<\/td> <\/tr><tr bgcolor=\"#E3E3F3\"> <th>ADDRESSUNITNUMBER<\/th> <td><\/td> <\/tr><\/table><\/center>" }, "geometry": { "type": "Point", "coordinates": [ 103.913303333317003, 1.32620176281027, 0.0 ] } },
{ "type": "Feature", "properties": { "Name": "kml_150", "Description": "<center><table><tr><th colspan='2' align='center'><em>Attributes<\/em><\/th><\/tr><tr bgcolor=\"#E3E3F3\"> <th>ADDRESSBLOCKHOUSENUMBER<\/th> <td><\/td> <\/tr><tr bgcolor=\"\"> <th>ADDRESSBUILDINGNAME<\/th> <td><\/td> <\/tr><tr bgcolor=\"#E3E3F3\"> <th>ADDRESSPOSTALCODE<\/th> <td>737883<\/td> <\/tr><tr bgcolor=\"\"> <th>ADDRESSSTREETNAME<\/th> <td>30 Woodlands Ring Road #01-01 Singapore<\/td> <\/tr><tr bgcolor=\"#E3E3F3\"> <th>ADDRESSTYPE<\/th> <td><\/td> <\/tr><tr bgcolor=\"\"> <th>DESCRIPTION<\/th> <td><\/td> <\/tr><tr bgcolor=\"#E3E3F3\"> <th>HYPERLINK<\/th> <td>http:\/\/www.minds.org.sg<\/td> <\/tr><tr bgcolor=\"\"> <th>LANDXADDRESSPOINT<\/th> <td>0<\/td> <\/tr><tr bgcolor=\"#E3E3F3\"> <th>LANDYADDRESSPOINT<\/th> <td>0<\/td> <\/tr><tr bgcolor=\"\"> <th>NAME<\/th> <td>Movement for the Intellectually Disabled of Singapore (MINDS)                           MINDS Woodlands Gardens School<\/td> <\/tr><tr bgcolor=\"#E3E3F3\"> <th>PHOTOURL<\/th> <td><\/td> <\/tr><tr bgcolor=\"\"> <th>ADDRESSFLOORNUMBER<\/th> <td><\/td> <\/tr><tr bgcolor=\"#E3E3F3\"> <th>INC_CRC<\/th> <td>7E123C580E967BF6<\/td> <\/tr><tr bgcolor=\"\"> <th>FMEL_UPD_D<\/th> <td>20121122110137<\/td> <\/tr><tr bgcolor=\"#E3E3F3\"> <th>ADDRESSUNITNUMBER<\/th> <td><\/td> <\/tr><\/table><\/center>" }, "geometry": { "type": "Point", "coordinates": [ 103.797859129407001, 1.43708420985345, 0.0 ] } },
{ "type": "Feature", "properties": { "Name": "kml_151", "Description": "<center><table><tr><th colspan='2' align='center'><em>Attributes<\/em><\/th><\/tr><tr bgcolor=\"#E3E3F3\"> <th>ADDRESSBLOCKHOUSENUMBER<\/th> <td><\/td> <\/tr><tr bgcolor=\"\"> <th>ADDRESSBUILDINGNAME<\/th> <td><\/td> <\/tr><tr bgcolor=\"#E3E3F3\"> <th>ADDRESSPOSTALCODE<\/th> <td>797635<\/td> <\/tr><tr bgcolor=\"\"> <th>ADDRESSSTREETNAME<\/th> <td>7 Fernvale Road Singapore<\/td> <\/tr><tr bgcolor=\"#E3E3F3\"> <th>ADDRESSTYPE<\/th> <td><\/td> <\/tr><tr bgcolor=\"\"> <th>DESCRIPTION<\/th> <td><\/td> <\/tr><tr bgcolor=\"#E3E3F3\"> <th>HYPERLINK<\/th> <td>http:\/\/www.minds.org.sg<\/td> <\/tr><tr bgcolor=\"\"> <th>LANDXADDRESSPOINT<\/th> <td>0<\/td> <\/tr><tr bgcolor=\"#E3E3F3\"> <th>LANDYADDRESSPOINT<\/th> <td>0<\/td> <\/tr><tr bgcolor=\"\"> <th>NAME<\/th> <td>Movement for the Intellectually Disabled of Singapore (MINDS)                          MINDS Fernvale Gardens School<\/td> <\/tr><tr bgcolor=\"#E3E3F3\"> <th>PHOTOURL<\/th> <td><\/td> <\/tr><tr bgcolor=\"\"> <th>ADDRESSFLOORNUMBER<\/th> <td><\/td> <\/tr><tr bgcolor=\"#E3E3F3\"> <th>INC_CRC<\/th> <td>219D54E8BFF2B28A<\/td> <\/tr><tr bgcolor=\"\"> <th>FMEL_UPD_D<\/th> <td>20121122110137<\/td> <\/tr><tr bgcolor=\"#E3E3F3\"> <th>ADDRESSUNITNUMBER<\/th> <td><\/td> <\/tr><\/table><\/center>" }, "geometry": { "type": "Point", "coordinates": [ 103.875022286622993, 1.38984421273886, 0.0 ] } },
{ "type": "Feature", "properties": { "Name": "kml_152", "Description": "<center><table><tr><th colspan='2' align='center'><em>Attributes<\/em><\/th><\/tr><tr bgcolor=\"#E3E3F3\"> <th>ADDRESSBLOCKHOUSENUMBER<\/th> <td><\/td> <\/tr><tr bgcolor=\"\"> <th>ADDRESSBUILDINGNAME<\/th> <td><\/td> <\/tr><tr bgcolor=\"#E3E3F3\"> <th>ADDRESSPOSTALCODE<\/th> <td>149306<\/td> <\/tr><tr bgcolor=\"\"> <th>ADDRESSSTREETNAME<\/th> <td>501 Margaret Drive Singapore<\/td> <\/tr><tr bgcolor=\"#E3E3F3\"> <th>ADDRESSTYPE<\/th> <td><\/td> <\/tr><tr bgcolor=\"\"> <th>DESCRIPTION<\/th> <td><\/td> <\/tr><tr bgcolor=\"#E3E3F3\"> <th>HYPERLINK<\/th> <td>http:\/\/www.rainbowcentre.org.sg<\/td> <\/tr><tr bgcolor=\"\"> <th>LANDXADDRESSPOINT<\/th> <td>0<\/td> <\/tr><tr bgcolor=\"#E3E3F3\"> <th>LANDYADDRESSPOINT<\/th> <td>0<\/td> <\/tr><tr bgcolor=\"\"> <th>NAME<\/th> <td>Rainbow Centre                                                                                                                  Margaret Drive School<\/td> <\/tr><tr bgcolor=\"#E3E3F3\"> <th>PHOTOURL<\/th> <td><\/td> <\/tr><tr bgcolor=\"\"> <th>ADDRESSFLOORNUMBER<\/th> <td><\/td> <\/tr><tr bgcolor=\"#E3E3F3\"> <th>INC_CRC<\/th> <td>C0C3C5FD6B490B82<\/td> <\/tr><tr bgcolor=\"\"> <th>FMEL_UPD_D<\/th> <td>20121122110137<\/td> <\/tr><tr bgcolor=\"#E3E3F3\"> <th>ADDRESSUNITNUMBER<\/th> <td><\/td> <\/tr><\/table><\/center>" }, "geometry": { "type": "Point", "coordinates": [ 103.809086200935994, 1.29728287886412, 0.0 ] } },
{ "type": "Feature", "properties": { "Name": "kml_153", "Description": "<center><table><tr><th colspan='2' align='center'><em>Attributes<\/em><\/th><\/tr><tr bgcolor=\"#E3E3F3\"> <th>ADDRESSBLOCKHOUSENUMBER<\/th> <td><\/td> <\/tr><tr bgcolor=\"\"> <th>ADDRESSBUILDINGNAME<\/th> <td><\/td> <\/tr><tr bgcolor=\"#E3E3F3\"> <th>ADDRESSPOSTALCODE<\/th> <td>768548<\/td> <\/tr><tr bgcolor=\"\"> <th>ADDRESSSTREETNAME<\/th> <td>15 Yishun Street 61 Singapore<\/td> <\/tr><tr bgcolor=\"#E3E3F3\"> <th>ADDRESSTYPE<\/th> <td><\/td> <\/tr><tr bgcolor=\"\"> <th>DESCRIPTION<\/th> <td><\/td> <\/tr><tr bgcolor=\"#E3E3F3\"> <th>HYPERLINK<\/th> <td>http:\/\/www.rainbowcentre.org.sg<\/td> <\/tr><tr bgcolor=\"\"> <th>LANDXADDRESSPOINT<\/th> <td>0<\/td> <\/tr><tr bgcolor=\"#E3E3F3\"> <th>LANDYADDRESSPOINT<\/th> <td>0<\/td> <\/tr><tr bgcolor=\"\"> <th>NAME<\/th> <td>Rainbow Centre                                                                                                                 Yishun Park School<\/td> <\/tr><tr bgcolor=\"#E3E3F3\"> <th>PHOTOURL<\/th> <td><\/td> <\/tr><tr bgcolor=\"\"> <th>ADDRESSFLOORNUMBER<\/th> <td><\/td> <\/tr><tr bgcolor=\"#E3E3F3\"> <th>INC_CRC<\/th> <td>6677B7FA879F2D33<\/td> <\/tr><tr bgcolor=\"\"> <th>FMEL_UPD_D<\/th> <td>20121122110137<\/td> <\/tr><tr bgcolor=\"#E3E3F3\"> <th>ADDRESSUNITNUMBER<\/th> <td><\/td> <\/tr><\/table><\/center>" }, "geometry": { "type": "Point", "coordinates": [ 103.837187828062, 1.42001143852334, 0.0 ] } },
{ "type": "Feature", "properties": { "Name": "kml_154", "Description": "<center><table><tr><th colspan='2' align='center'><em>Attributes<\/em><\/th><\/tr><tr bgcolor=\"#E3E3F3\"> <th>ADDRESSBLOCKHOUSENUMBER<\/th> <td><\/td> <\/tr><tr bgcolor=\"\"> <th>ADDRESSBUILDINGNAME<\/th> <td><\/td> <\/tr><tr bgcolor=\"#E3E3F3\"> <th>ADDRESSPOSTALCODE<\/th> <td>519529<\/td> <\/tr><tr bgcolor=\"\"> <th>ADDRESSSTREETNAME<\/th> <td>65 Pasir Ris Drive 1 Cerebral Palsy Centre Singapore<\/td> <\/tr><tr bgcolor=\"#E3E3F3\"> <th>ADDRESSTYPE<\/th> <td><\/td> <\/tr><tr bgcolor=\"\"> <th>DESCRIPTION<\/th> <td><\/td> <\/tr><tr bgcolor=\"#E3E3F3\"> <th>HYPERLINK<\/th> <td>http:\/\/www.spastic.org.sg<\/td> <\/tr><tr bgcolor=\"\"> <th>LANDXADDRESSPOINT<\/th> <td>0<\/td> <\/tr><tr bgcolor=\"#E3E3F3\"> <th>LANDYADDRESSPOINT<\/th> <td>0<\/td> <\/tr><tr bgcolor=\"\"> <th>NAME<\/th> <td>Spastic Children's Association of Singapore School<\/td> <\/tr><tr bgcolor=\"#E3E3F3\"> <th>PHOTOURL<\/th> <td><\/td> <\/tr><tr bgcolor=\"\"> <th>ADDRESSFLOORNUMBER<\/th> <td><\/td> <\/tr><tr bgcolor=\"#E3E3F3\"> <th>INC_CRC<\/th> <td>26ACBB428F3ED114<\/td> <\/tr><tr bgcolor=\"\"> <th>FMEL_UPD_D<\/th> <td>20121122110137<\/td> <\/tr><tr bgcolor=\"#E3E3F3\"> <th>ADDRESSUNITNUMBER<\/th> <td><\/td> <\/tr><\/table><\/center>" }, "geometry": { "type": "Point", "coordinates": [ 103.939412836889005, 1.37514156954505, 0.0 ] } }
]
}
