name,attributes_cyl_path,agency_maint,inc_crc,fmel_upd_d,length_m,longitude,latitude
kml_1,Toa Payoh,Land Transport Authority,EB7DEF31B24C0848,2022-02-16 13:57:18,120.52090599243412,103.8517670012318,1.3319826955328709
kml_2,Toa Payoh,Land Transport Authority,DE6F80FE4C674CFC,2022-02-16 13:57:18,68.12736142711977,103.85222628636826,1.3314542933459252
kml_3,Toa Payoh,LTA (Others),BDB06A38C7B75D30,2022-02-16 13:57:18,17.090515818706507,103.8526050975655,1.33147576948225
kml_4,Toa Payoh,Land Transport Authority,4BAD44F423281D59,2022-02-16 13:57:18,230.1947799540496,103.85370372185075,1.3316339648341657
kml_5,Toa Payoh,Land Transport Authority,492AF69E20A25ACC,2022-02-16 13:57:18,160.24249197931073,103.85526865049825,1.3322890068056086
kml_6,Toa Payoh,LTA (Others),D4632A324BBCAC4B,2022-02-16 13:57:18,16.814427796909257,103.855802940583,1.33287063404371
kml_7,Toa Payoh,Land Transport Authority,DFA72285A9BC37A4,2022-02-16 13:57:18,134.72078942167306,103.85605468505663,1.3334945973236927
kml_8,Toa Payoh,Land Transport Authority,E203B6D08C1B1D66,2022-02-16 13:57:18,7.914971531657966,103.851666891836,1.332717130489
kml_9,Toa Payoh,LTA (Others),E2CEC52743369F44,2022-02-16 13:57:18,10.58680411207068,103.851654720149,1.3327998256716351
kml_10,Toa Payoh,Land Transport Authority,E309824C9AE30327,2022-02-16 13:57:18,84.9012661381278,103.85576849767509,1.3340278828478245
kml_11,Toa Payoh,Land Transport Authority,8B9654AE93D32626,2022-02-16 13:57:18,63.948338661731775,103.85161040959422,1.3331307609151046
kml_12,Toa Payoh,Land Transport Authority,2578FECE07F6177C,2022-02-16 13:57:18,4.95765059014988,103.854502149247,1.336997517178785
kml_13,Toa Payoh,LTA (Others),C254AA004782FCE6,2022-02-16 13:57:18,32.951370168290865,103.85437290157901,1.33710915259242
kml_14,Toa Payoh,Land Transport Authority,86CA9B4014A10F75,2022-02-16 13:57:18,7.71906953459476,103.854234475206,1.33722919550717
kml_15,Toa Payoh,Land Transport Authority,A7A08BC74E14B915,2022-02-16 13:57:18,64.52676522795883,103.85399037239449,1.33744451590525
kml_16,Toa Payoh,Land Transport Authority,4D3EEB3B87EF6D4A,2022-02-16 13:57:18,6.914829023390357,103.85375025662832,1.3376455928323057
kml_17,Bishan,Land Transport Authority,7E576E3826A3A744,2022-02-16 13:57:18,148.84872672096913,103.84757461491407,1.3542073640077827
kml_18,Bishan,Land Transport Authority,C17E5D5940A3BBEE,2022-02-16 13:57:18,10.025385448106583,103.84665749285419,1.3552366517319412
kml_19,Bishan,Land Transport Authority,7FBFE857CCF0AACE,2022-02-16 13:57:18,58.111254755902344,103.84680439590689,1.354971732648631
kml_20,Bishan,Land Transport Authority,A72A113C29BE01B3,2022-02-16 13:57:18,19.110186752716935,103.84701328296251,1.354693288224945
kml_21,Bishan,Land Transport Authority,DE563095EFC31FCE,2022-02-16 13:57:18,10.65233924018927,103.84821394016366,1.3539255910822654
kml_22,Bishan,Land Transport Authority,ECA1435DDC8B5C7F,2022-02-16 13:57:18,193.56746046676412,103.84947344336763,1.3534952130194156
kml_23,Bishan,LTA (Others),ACF4658BF7A30387,2022-02-16 13:57:18,20.92747286611888,103.8504121669255,1.3532808198482151
kml_24,Bishan,Land Transport Authority,0B0440A2F52B11EC,2022-02-16 13:57:18,8.744716642486887,103.8505448829765,1.35326897670647
kml_25,Jurong Lake District - Taman Jurong,LTA (Others),1650C9B07E5C9233,2022-02-16 13:57:18,66.05312068464913,103.74254377905493,1.329722072496352
kml_26,Jurong Lake District - Taman Jurong,LTA (Others),8A70889380985ACD,2022-02-16 13:57:18,84.96524320359693,103.7323796963283,1.3427128790251912
kml_27,Jurong Lake District - Taman Jurong,Land Transport Authority,ECE0DF70575624AF,2022-02-16 13:57:18,49.19356550459518,103.7319032561365,1.3430661813365694
kml_28,Jurong Lake District - Taman Jurong,LTA (Others),AA668F3998508235,2022-02-16 13:57:18,4.253745211683844,103.73052530266901,1.34385618383945
kml_29,Jurong Lake District - Taman Jurong,LTA (Others),F2ADB6FF23863084,2022-02-16 13:57:18,40.090798068712594,103.73018413465199,1.34415304008725
kml_30,Jurong Lake District - Taman Jurong,Land Transport Authority,6A8C06F057F3C51E,2022-02-16 13:57:18,24.065639980479496,103.73470940142269,1.3441543758321766
kml_31,Jurong Lake District - Taman Jurong,Land Transport Authority,CA35CAF558ECC6F1,2022-02-16 13:57:18,122.15438667074388,103.73540395219794,1.3437848965906636
kml_32,Jurong Lake District - Taman Jurong,Land Transport Authority,9DF11EC5F4A466D0,2022-02-16 13:57:18,22.07981161994602,103.71704496261842,1.3510810760670096
kml_33,Sengkang,Land Transport Authority,A40B37B317F0F11C,2022-02-16 13:57:18,71.61626260863537,103.8869705290852,1.39477520571587
kml_34,Sengkang,Land Transport Authority,ABC5794BD61A34C6,2022-02-16 13:57:18,64.64233199401589,103.88558402812093,1.3949546173033578
kml_35,Sengkang,LTA (Others),C447FDC977CB9DAA,2022-02-16 13:57:18,14.089141136542764,103.885932513991,1.394893562754205
kml_36,Sengkang,Land Transport Authority,79741BB5969CAAD3,2022-02-16 13:57:18,38.837247398473636,103.88616732194197,1.3948558241367737
kml_37,Central,Land Transport Authority,0DF02A7E66CCFFEF,2023-07-09 13:01:36,40.246333446964634,103.84816045802712,1.2822694950988558
kml_38,Central,Land Transport Authority,257EA4DE16080974,2023-07-09 13:01:36,85.34951345511226,103.84756794295959,1.282590903424926
kml_39,Central,LTA (Others),930A98FFCA3FC861,2023-07-09 13:01:36,29.319074909380223,103.849444264734,1.2814710993321299
kml_40,Central,LTA (Others),200B6757EDFC7AA7,2023-07-09 13:01:36,21.29379424113345,103.848380969911,1.2821069770130902
kml_41,Central,LTA (Others),2500A1E797620C81,2023-07-09 13:01:36,60.39631591717878,103.85107237760923,1.280636562630581
kml_42,Central,LTA (Others),3E3631F06CEC0FF5,2023-07-09 13:01:36,12.26670433347128,103.8479551126665,1.282385004780215
kml_43,Bedok,Land Transport Authority,8984327096CDDEB6,2022-02-16 13:57:18,164.16285469773183,103.9449427110013,1.3210087947897995
kml_44,Bedok,LTA (Others),9448D3FCD71D0E8F,2022-02-16 13:57:18,4.495129344874768,103.945685579976,1.321132850569035
kml_45,Bedok,Land Transport Authority,BC03E9C518ACB311,2022-02-16 13:57:18,36.68239276182027,103.92529894531617,1.3270303984761465
kml_46,Bedok,Land Transport Authority,0C0C1DF322460EC0,2022-02-16 13:57:18,151.66357790294828,103.9260329689544,1.3266421215295465
kml_47,Bedok,Land Transport Authority,1621F3F095F424E5,2022-02-16 13:57:18,26.396568457173117,103.92509646876199,1.3272068736874036
kml_48,Bedok,Land Transport Authority,266C6C31EF4C1C01,2022-02-16 13:57:18,82.83485500392895,103.92742643909655,1.3264867001471141
kml_49,Punggol,LTA (Others),79B40FC81456CCC3,2022-02-16 13:57:18,20.32258728006194,103.90480380213366,1.4040797793495003
kml_50,Punggol,LTA (Others),69EFC2622B21F6F4,2022-02-16 13:57:18,9.157449316195503,103.9064999859495,1.3991238628783549
kml_51,Clementi,Land Transport Authority,230F6C5977899031,2022-02-16 13:57:18,188.48134058780317,103.76562764722011,1.3169999781933852
kml_52,Clementi,Land Transport Authority,230F6C5977899031,2022-02-16 13:57:18,188.48134058780317,103.76562764722011,1.3169999781933852
kml_53,Clementi,Land Transport Authority,6A138493501EFA41,2022-02-16 13:57:18,28.123101445783476,103.76589954973949,1.317985732745625
kml_54,Clementi,Land Transport Authority,6A138493501EFA41,2022-02-16 13:57:18,28.123101445783476,103.76589954973949,1.317985732745625
kml_55,Clementi,Land Transport Authority,053026F08B379B50,2022-02-16 13:57:18,18.614646592046164,103.76588926703135,1.31854457348828
kml_56,Clementi,Land Transport Authority,053026F08B379B50,2022-02-16 13:57:18,18.614646592046164,103.76588926703135,1.31854457348828
kml_57,Clementi,Land Transport Authority,8D5C8137EE55169B,2022-02-16 13:57:18,84.4963937195535,103.76603457536687,1.3190733061010913
kml_58,Clementi,Land Transport Authority,8D5C8137EE55169B,2022-02-16 13:57:18,84.4963937195535,103.76603457536687,1.3190733061010913
kml_59,Bedok,LTA (Others),FCBDC6E18A54D2EB,2022-02-16 13:57:18,9.223110290138834,103.93475511606201,1.319587209448815
kml_60,Bedok,Land Transport Authority,665420A5514A99F1,2022-02-16 13:57:18,80.6380096642678,103.92539934708151,1.330969273498885
kml_61,Pasir Ris,Land Transport Authority,34E471DB92D34100,2022-02-16 13:57:18,165.7961847007681,103.95980563599849,1.3706356449518151
kml_62,Punggol,Land Transport Authority,D14D13DBCC51C607,2022-02-16 13:57:18,37.10240596039352,103.90334133374449,1.40098649532684
kml_63,Punggol,Land Transport Authority,95E6F8AFFE97E929,2022-02-16 13:57:18,31.497869640505176,103.9029456861845,1.4011873617736899
kml_64,Punggol,Land Transport Authority,B1A29C5A2A187334,2022-02-16 13:57:18,9.088009987903652,103.9129728512725,1.3938055194277048
kml_65,Punggol,Land Transport Authority,2A443C0D2110F773,2022-02-16 13:57:18,2.053756494301098,103.9132242144135,1.3935976429748198
kml_66,Punggol,Land Transport Authority,C4B4195CA07CE3AD,2022-02-16 13:57:18,76.94900338588903,103.91353760620652,1.393332480636455
kml_67,Marina Bay,LTA (Others),BFAE0DA517AD4CB5,2022-02-16 13:57:18,33.13968677778353,103.8559730373225,1.27739760935293
kml_68,Marina Bay,LTA (Others),A73982BD092F596C,2022-02-16 13:57:18,39.36851510466515,103.86601494592699,1.280618857954285
kml_69,Marina Bay,LTA (Others),DDAD877DC1AE0653,2022-02-16 13:57:18,4.976128818803849,103.8558920342165,1.279817789078475
kml_70,Marina Bay,LTA (Others),8D0DCD9DD6027467,2022-02-16 13:57:18,4.231854260158633,103.85387382031199,1.28112770451858
kml_71,Marina Bay,LTA (Others),E5456BB99B743904,2022-02-16 13:57:18,4.658724243560329,103.85275202087999,1.281853119767945
kml_72,Marina Bay,LTA (Others),E14DF292241CFE70,2022-02-16 13:57:18,11.586795794485184,103.86417082675399,1.2794478384005799
kml_73,Marina Bay,LTA (Others),F5FF6F06EE0E9C84,2022-02-16 13:57:18,10.519964886708568,103.862866078461,1.2774689765250549
kml_74,Marina Bay,Land Transport Authority,A72E76DB5E2A3FDD,2022-02-16 13:57:18,180.78228136197126,103.85647090959633,1.2781948464331734
kml_75,Marina Bay,Land Transport Authority,2ADC0A1FA7001A43,2022-02-16 13:57:18,65.48496747594336,103.85797393017407,1.2777076137254797
kml_76,Marina Bay,LTA (Others),A669B6655031EFC1,2022-02-16 13:57:18,27.842744972409356,103.857274142375,1.276339338179985
kml_77,Marina Bay,LTA (Others),22B7F0FFF7AA9632,2022-02-16 13:57:18,33.67643183657039,103.8576036231315,1.2763331044511301
kml_78,Marina Bay,LTA (Others),1FFB3BB93388F46E,2022-02-16 13:57:18,47.021038938613486,103.8575083884605,1.2765620457729248
kml_79,Marina Bay,LTA (Others),D7D18188B9303378,2022-02-16 13:57:18,35.11168893279168,103.8572434757515,1.27653132111686
kml_80,Marina Bay,LTA (Others),35D6F753AFC20D7C,2022-02-16 13:57:18,27.691106969561382,103.85698401964001,1.27898329096239
kml_81,Marina Bay,LTA (Others),5F172A253E85BA60,2022-02-16 13:57:18,40.887916036195676,103.85721050096649,1.278983292013965
kml_82,Marina Bay,LTA (Others),07A68089DB1F26FF,2022-02-16 13:57:18,30.027449589771567,103.8572979248455,1.278763499784815
kml_83,Marina Bay,LTA (Others),2B71CA29B07C3BF6,2022-02-16 13:57:18,44.25511379439713,103.857071443519,1.27876349873324
kml_84,Marina Bay,LTA (Others),F750B548DA546F81,2022-02-16 13:57:18,50.386969475852936,103.858333628705,1.277849522872705
kml_85,Marina Bay,LTA (Others),4D39069B5F83512F,2022-02-16 13:57:18,37.53986971563989,103.858615853356,1.277890952671505
kml_86,Marina Bay,LTA (Others),69958A76C81AB670,2022-02-16 13:57:18,42.56864543742208,103.8582481754085,1.2781104479012102
kml_87,Marina Bay,LTA (Others),DBFCCA145CA10D53,2022-02-16 13:57:18,44.88646610234551,103.8585304000595,1.2781518777000103
kml_88,Sembawang,LTA (Others),C9A057A004C8A9B1,2022-02-16 13:57:18,31.935659588451507,103.83113965483301,1.4448657197136598
kml_89,Bishan,LTA (Others),D3207D4112C0F62C,2022-02-16 13:57:18,6.634106779209846,103.8506139497525,1.35326724571124
kml_90,Bishan,Land Transport Authority,FA0BDB66F4B6DF09,2022-02-16 13:57:18,94.00732198353572,103.85103659545675,1.3533193088673958
kml_91,Sembawang,LTA (Others),803622EE91AFE313,2022-02-16 13:57:18,24.555394835779115,103.833544881234,1.44650778026342
kml_92,Sembawang,LTA (Others),A70892ECF973B0B0,2022-02-16 13:57:18,19.158408743458065,103.8333691402845,1.4464750952132102
kml_93,Sembawang,LTA (Others),6848E2ADF21BFB46,2022-02-16 13:57:18,22.872390202904366,103.82977403746051,1.44382551205632
kml_94,Sembawang,LTA (Others),EB78B648C45A1F7E,2022-02-16 13:57:18,26.9101455911511,103.8296183725245,1.443972157095315
kml_95,Jurong Lake District - Taman Jurong,LTA (Others),98467B3BD2C521E6,2022-02-16 13:57:18,2.124636366718206,103.73850188733161,1.320930019464029
kml_96,Central,Land Transport Authority,E389825FE5E5BE11,2022-02-16 13:57:18,22.008628964233644,103.85077197455519,1.2992059205516646
kml_97,Central,LTA (Others),64E285709FA260EC,2022-02-16 13:57:18,6.6695561371785566,103.8508625551944,1.2992969341273533
kml_98,Central,Land Transport Authority,F4A66035A2D65B80,2022-02-16 13:57:18,10.010109151344725,103.8508774050298,1.2993570341554532
kml_99,Sembawang,Land Transport Authority,3D110D25BB7F0EE4,2022-02-16 13:57:18,68.70023486380434,103.83091623844732,1.4453492770027496
kml_100,Sembawang,LTA (Others),A18A0DB843FE121A,2022-02-16 13:57:18,8.94299401307986,103.8330977707075,1.447463574207625
kml_101,Sembawang,Land Transport Authority,DF1711189242C82B,2022-02-16 13:57:18,103.59943505441254,103.83339213690329,1.447052339548821
kml_102,Sembawang,LTA (Others),F18C0C483515E951,2022-02-16 13:57:18,17.777311967182065,103.83366095832102,1.44664364461717
kml_103,Sembawang,Land Transport Authority,BE8583F535F4CFB0,2022-02-16 13:57:18,18.591876778887514,103.83071309464538,1.4424062987632724
kml_104,Marina Bay,LTA (Others),3B3217B36D0145C3,2022-02-16 13:57:18,34.29923959643278,103.86078580798251,1.2742411352150151
kml_105,Marina Bay,LTA (Others),5483CCFB11E98599,2022-02-16 13:57:18,35.958626717537555,103.8618771348235,1.27564626572026
kml_106,Marina Bay,LTA (Others),E3D2607320877990,2022-02-16 13:57:18,37.235225337818825,103.8618143149015,1.2758407704355
kml_107,Marina Bay,LTA (Others),251849157E9E424B,2022-02-16 13:57:18,27.731667073916103,103.86515163769249,1.2737472666471499
kml_108,Marina Bay,LTA (Others),5B8434678F46E55A,2022-02-16 13:57:18,42.10549082258502,103.86472612273201,1.27401449904922
kml_109,Marina Bay,LTA (Others),98E6E5BAD23169B3,2022-02-16 13:57:18,57.46385718931448,103.86481654674,1.273782207298795
kml_110,Marina Bay,LTA (Others),387ADC7727C81F01,2022-02-16 13:57:18,55.10087521164013,103.8650612136845,1.273979558397575
kml_111,Marina Bay,LTA (Others),93747CBFB1C99D7D,2022-02-16 13:57:18,12.718947590278093,103.869009861606,1.280152818051935
kml_112,Marina Bay,LTA (Others),B3073E929D56F214,2022-02-16 13:57:18,37.87230502214884,103.858442743208,1.280918842997985
kml_113,Marina Bay,LTA (Others),5872C424E5488CD3,2022-02-16 13:57:18,47.530605947011274,103.86057749285399,1.28154169645203
kml_114,Marina Bay,LTA (Others),85B4A85BAF8CE890,2022-02-16 13:57:18,56.68032589170745,103.863317516654,1.27278710650429
kml_115,Marina Bay,LTA (Others),EA00C62B03792BE5,2022-02-16 13:57:18,43.445632466410075,103.85605445287449,1.27714431817677
kml_116,Marina Bay,LTA (Others),0E6D905399841545,2022-02-16 13:57:18,38.806675835234266,103.85467968060986,1.2782194702950012
kml_117,Clementi,LTA (Others),E16A0A42870B6636,2022-02-16 13:57:18,27.96657184061715,103.7673069580005,1.32059142577445
kml_118,Sembawang,Land Transport Authority,F079D26C4AAC9099,2022-02-16 13:57:18,8.010484556157854,103.82000585797879,1.4469416572079299
kml_119,Yishun,Land Transport Authority,523B96C9CFBF3B10,2022-02-16 13:57:18,20.9080486186362,103.84610498613655,1.4280239640546368
kml_120,Sembawang,Land Transport Authority,0B662F1105C5A2CA,2022-02-16 13:57:18,22.11892759918794,103.82106827926879,1.4470602034188131
kml_121,Yishun,Land Transport Authority,AF22F458D0ECFC76,2022-02-16 13:57:18,35.300640987346746,103.83670701247148,1.417407800903895
kml_122,Yishun,Land Transport Authority,5831E7EECF856E4B,2022-02-16 13:57:18,12.565350816143837,103.83605357860922,1.4172261359852223
kml_123,Yishun,Land Transport Authority,A59CC5A54EB761B6,2022-02-16 13:57:18,39.412515470992055,103.837341068308,1.425852255162885
kml_124,Jurong Lake District - Taman Jurong,Land Transport Authority,E9D5E079AC48CE11,2022-02-16 13:57:18,42.260415287543424,103.7235066446225,1.3378138409902547
kml_125,Jurong Lake District - Taman Jurong,Land Transport Authority,D599BE7EE189189A,2022-02-16 13:57:18,36.23460140347301,103.7240205780995,1.33814309874544
kml_126,Punggol,LTA (Others),936601DADF259E48,2022-02-16 13:57:18,40.85481145697306,103.9130990953121,1.3981982514115991
kml_127,Punggol,LTA (Others),F035A241EC2EFB95,2022-02-16 13:57:18,48.62378573806024,103.9128003559885,1.3981221928746257
kml_128,Punggol,LTA (Others),1F4D217F608A1D5A,2022-02-16 13:57:18,14.581928006144176,103.91293138946449,1.39834631720589
kml_129,Punggol,LTA (Others),AF1EFB20E1F75CDA,2022-02-16 13:57:18,57.49002912994405,103.90914353966775,1.4010558402003428
kml_130,Punggol,LTA (Others),4C9580C9B9E46F3E,2022-02-16 13:57:18,57.49893544126238,103.9063926109327,1.402681857059026
kml_131,Jurong Lake District - Taman Jurong,LTA (Others),7FE1051CEB1CD8B8,2022-02-16 13:57:18,13.989353673903237,103.722719068662,1.32806311462241
kml_132,Jurong Lake District - Taman Jurong,LTA (Others),7FE1051CEB1CD8B8,2022-02-16 13:57:18,13.989353673903237,103.722719068662,1.32806311462241
kml_133,Jurong Lake District - Taman Jurong,Land Transport Authority,2F7072E05391BA77,2022-02-16 13:57:18,26.995505520287043,103.722690039008,1.327337524868345
kml_134,Jurong Lake District - Taman Jurong,LTA (Others),1EC5051F251D3093,2022-02-16 13:57:18,4.8289447896648,103.7217947260675,1.33562534997957
kml_135,Jurong Lake District - Taman Jurong,LTA (Others),1EC5051F251D3093,2022-02-16 13:57:18,4.8289447896648,103.7217947260675,1.33562534997957
kml_136,Jurong Lake District - Taman Jurong,LTA (Others),7E27623C7BEDD651,2022-02-16 13:57:18,24.597011225673295,103.72202869410847,1.3356011997164101
kml_137,Sembawang,Land Transport Authority,5675B0C3D435B060,2022-02-16 13:57:18,12.77869663664766,103.822228664998,1.44999224305239
kml_138,Jurong Lake District - Taman Jurong,LTA (Others),D56AF3DEC661E280,2022-02-16 13:57:18,9.436350427401175,103.73732307113158,1.3427396996812222
kml_139,Jurong Lake District - Taman Jurong,Land Transport Authority,35B15AB1F6008D7D,2022-02-16 13:57:18,4.567678692993275,103.73737769193698,1.34270827129325
kml_140,Jurong Lake District - Taman Jurong,LTA (Others),576131B6C267CDEC,2022-02-16 13:57:18,2.0101442454326017,103.7374033459255,1.3426935054116549
kml_141,Jurong Lake District - Taman Jurong,LTA (Others),04AA85CA51E831BE,2022-02-16 13:57:18,3.729097750126458,103.73782116606151,1.34246088754658
kml_142,Jurong Lake District - Taman Jurong,Land Transport Authority,CB037E1906078B00,2022-02-16 13:57:18,19.207560079571582,103.73837185538585,1.342239173088144
kml_143,Jurong Lake District - Taman Jurong,LTA (Others),9BA6AD65EA4BB80B,2022-02-16 13:57:18,2.3791164435104974,103.7384226201755,1.3423200524685899
kml_144,Jurong Lake District - Taman Jurong,Land Transport Authority,058BD46852AFCC94,2022-02-16 13:57:18,24.896737406165972,103.73848395754,1.342426827153075
kml_145,Jurong Lake District - Taman Jurong,LTA (Others),818C02B7E9A6D350,2022-02-16 13:57:18,2.445649467237245,103.73854544450501,1.342533862299785
kml_146,Jurong Lake District - Taman Jurong,LTA (Others),EADE139AD6A41816,2022-02-16 13:57:18,1.9563366773542674,103.731356526638,1.346173047773365
kml_147,Jurong Lake District - Taman Jurong,Land Transport Authority,34165B5FFF7358B6,2022-02-16 13:57:18,11.416173402078284,103.731414449408,1.3461891058187851
kml_148,Jurong Lake District - Taman Jurong,LTA (Others),82EDBADAFD0ADB5B,2022-02-16 13:57:18,2.208886229773212,103.731473466163,1.3462054668714152
kml_149,Jurong Lake District - Taman Jurong,Land Transport Authority,AD7A76861C32D02D,2022-02-16 13:57:18,36.30287871502487,103.73088921246135,1.3460457260283274
kml_150,Jurong Lake District - Taman Jurong,LTA (Others),86D45542C29BDA02,2022-02-16 13:57:18,41.487396244078056,103.71924229222499,1.345904671175925
kml_151,Jurong Lake District - Taman Jurong,LTA (Others),4AD2C88EDDDF45F6,2022-02-16 13:57:18,63.30176531843839,103.7362964688831,1.343179833503265
kml_152,Jurong Lake District - Taman Jurong,Land Transport Authority,B190480A218D9350,2022-02-16 13:57:18,13.347619717736462,103.73590652512372,1.3422114394485007
kml_153,Jurong Lake District - Taman Jurong,Land Transport Authority,AB503446D45D6137,2022-02-16 13:57:18,17.170895715208875,103.7357159612865,1.341886338830715
kml_154,Jurong Lake District - Taman Jurong,Land Transport Authority,518BE80DA654BA3B,2022-02-16 13:57:18,97.60142416263795,103.73544264178705,1.3414583229049808
kml_155,Jurong Lake District - Taman Jurong,Land Transport Authority,5CBE0F3BA8E87518,2022-02-16 13:57:18,16.76599638442,103.73275341240999,1.34245614406364
kml_156,Jurong Lake District - Taman Jurong,Land Transport Authority,A1B07C6C88657E2D,2022-02-16 13:57:18,80.58627558928328,103.73310560105718,1.3421961400059619
kml_157,Clementi,Land Transport Authority,684A343ACF5F04DA,2022-02-16 13:57:18,121.48170090221812,103.76661649812864,1.3198765671541322
kml_158,Clementi,Land Transport Authority,684A343ACF5F04DA,2022-02-16 13:57:18,121.48170090221812,103.76661649812864,1.3198765671541322
kml_159,Clementi,Land Transport Authority,2F5BE0526F0ED98A,2022-02-16 13:57:18,26.265022819376224,103.767137362363,1.320415364616795
kml_160,Clementi,Land Transport Authority,2F5BE0526F0ED98A,2022-02-16 13:57:18,26.265022819376224,103.767137362363,1.320415364616795
kml_161,Bedok,Land Transport Authority,96721BAA9C4987D1,2022-02-16 13:57:18,120.31830153362894,103.92863808805916,1.3337160199918907
kml_162,Bedok,Land Transport Authority,197B2AB2EB29134D,2022-02-16 13:57:18,47.21847890523331,103.92937406035472,1.3338736143731709
kml_163,Bedok,Land Transport Authority,DED7CE2CF71707C5,2022-02-16 13:57:18,43.22674917211737,103.92977222744649,1.3339551008213248
kml_164,Bedok,Land Transport Authority,7DAB7E5D892DF3E3,2022-02-16 13:57:18,55.15605079861999,103.93110195878,1.334212437476405
kml_165,Sembawang,Town Council,5483CEBAE896C807,2022-02-16 13:57:18,97.7666376847703,103.81857085468003,1.4484498818776388
kml_166,Sembawang,Town Council (Others),04BA37671B1773E0,2022-02-16 13:57:18,76.39843937252483,103.818880040621,1.4477281853723452
kml_167,Woodlands,Town Council (Others),65A52FAA668A74E8,2022-02-16 13:57:18,15.352140344322065,103.802194475196,1.4351674123297
kml_168,Woodlands,Town Council,1D511AA8AE941216,2022-02-16 13:57:18,183.91590617693188,103.80165297943132,1.4343318055793388
kml_169,Woodlands,Town Council,6C7882896E97408B,2022-02-16 13:57:18,21.32660833480403,103.80140694861336,1.4334571876999223
kml_170,Bedok,Land Transport Authority,573921B85D1D81D1,2022-02-16 13:57:18,27.70109002729691,103.9393375933139,1.3333534708212362
kml_171,Bedok,Land Transport Authority,BB9706C910468EE4,2022-02-16 13:57:18,37.29285230965925,103.9385740611711,1.3317625477393398
kml_172,Bedok,Land Transport Authority,6D482E822716BC7F,2022-02-16 13:57:18,68.95321792953892,103.93895988200711,1.3314835212454805
kml_173,Pasir Ris,LTA (Others),C209EE05382B66BB,2022-02-16 13:57:18,1.4663763295122545,103.9608145351135,1.373613007843615
kml_174,Pasir Ris,LTA (Others),9ADE3B2537BCDE2E,2022-02-16 13:57:18,1.3304048471925327,103.96092011636053,1.37404919767196
kml_175,Pasir Ris,LTA (Others),801FF0134D0BBA29,2022-02-16 13:57:18,7.037176472890377,103.960994564185,1.374378796086545
kml_176,Pasir Ris,LTA (Others),3F367D450AA5EB7B,2022-02-16 13:57:18,478.0519979905571,103.95901036565992,1.3752891075042109
kml_177,Pasir Ris,LTA (Others),516DBF93EFB22C62,2022-02-16 13:57:18,103.48708334935041,103.95641005629197,1.3753397157173892
kml_178,Pasir Ris,LTA (Others),EBE628E43B06193F,2022-02-16 13:57:18,38.23931361131124,103.95973552285629,1.3677232099355672
kml_179,Pasir Ris,LTA (Others),52F1AE73B89567D4,2022-02-16 13:57:18,1.6227417156103,103.96270644208201,1.365197657309365
kml_180,Pasir Ris,LTA (Others),065FE939EE906707,2022-02-16 13:57:18,1.5558495009613151,103.9629238353065,1.3649780885930598
kml_181,Pasir Ris,LTA (Others),AE90F40914D1AFB0,2022-02-16 13:57:18,45.36888599366766,103.9631751025915,1.364724306454995
kml_182,Pasir Ris,LTA (Others),E0A63C9ADEF0B070,2022-02-16 13:57:18,1.5801738956495355,103.9634688301735,1.3644276389548553
kml_183,Pasir Ris,LTA (Others),618897E087B47903,2022-02-16 13:57:18,1.4722634510822117,103.9636985412785,1.3642085827350103
kml_184,Pasir Ris,LTA (Others),7E2048F471111FDB,2022-02-16 13:57:18,1.5693021350598775,103.9638776738895,1.3640483168558148
kml_185,Pasir Ris,LTA (Others),F18288B44BCC584C,2022-02-16 13:57:18,1.5233910348311996,103.964092886925,1.3638359903009052
kml_186,Pasir Ris,LTA (Others),B96B9FD89C6E31C3,2022-02-16 13:57:18,107.41452477215549,103.96517474606134,1.364520332967047
kml_187,Pasir Ris,LTA (Others),53A462C99591F4E0,2022-02-16 13:57:18,85.47606155437538,103.9645724799855,1.3638976113537697
kml_188,Pasir Ris,LTA (Others),AC82D80ED6DE1270,2022-02-16 13:57:18,34.405531277336024,103.96561243624603,1.3649837518249146
kml_189,Tampines,LTA (Others),ED5ADE975E679EA1,2022-02-16 13:57:18,1.9086635269548244,103.9539268280205,1.361904326775055
kml_190,Tampines,LTA (Others),435CD3671608A88B,2022-02-16 13:57:18,1.4281401895946073,103.9535353060025,1.36207681965895
kml_191,Tampines,LTA (Others),F3E6225A232B0B7F,2022-02-16 13:57:18,1.5729037378102537,103.953391621135,1.36210906331435
kml_192,Tampines,LTA (Others),F42A80E52ED3FB49,2022-02-16 13:57:18,26.48416371786304,103.95309116335099,1.362128487779915
kml_193,Tampines,LTA (Others),2FB027C9C6EEEFCB,2022-02-16 13:57:18,1.7206794962004586,103.9528606255715,1.36211006568211
kml_194,Tampines,LTA (Others),1A5FAD0714984A00,2022-02-16 13:57:18,1.6752876339278562,103.9526439095215,1.36205494294081
kml_195,Tampines,LTA (Others),3E320BDE3A695B32,2022-02-16 13:57:18,1.1090266215807403,103.952321696067,1.361899426727915
kml_196,Tampines,LTA (Others),24B8DC53F03FFCA0,2022-02-16 13:57:18,1.5576751858130564,103.9521791457545,1.361796710898605
kml_197,Tampines,LTA (Others),E4295236728DB000,2022-02-16 13:57:18,1.9331024998721338,103.951443754803,1.3610756190791151
kml_198,Tampines,LTA (Others),6FDC6AC1876291C0,2022-02-16 13:57:18,13.571116143004856,103.95029912562501,1.359975370414425
kml_199,Tampines,LTA (Others),33023E546C9A3CBE,2022-02-16 13:57:18,1.398600000437,103.94924133169452,1.359593228222605
kml_200,Tampines,LTA (Others),00A760A47F21294B,2022-02-16 13:57:18,1.4409999996132692,103.9492413244295,1.3594408747936901
kml_201,Tampines,LTA (Others),C1B5BAED4030226B,2022-02-16 13:57:18,8.182003225238837,103.94862021487751,1.358917948492535
kml_202,Tampines,LTA (Others),668A5DD086DFD3D6,2022-02-16 13:57:18,1.5231991291583888,103.947724913654,1.358624798791415
kml_203,Kallang,LTA (Others),F9B0CFDE7BC068A3,2022-02-16 13:57:18,8.90260009405897,103.86724098402999,1.3344943007869299
kml_204,Kallang,LTA (Others),03FCDB062C47182E,2022-02-16 13:57:18,27.777751370445664,103.8679569009465,1.333047552808555
kml_205,Kallang,LTA (Others),BA7A803DB7A94B23,2022-02-16 13:57:18,9.599172989263606,103.86833732681548,1.33253017635267
kml_206,Punggol,Land Transport Authority,DCC596772C5E9419,2022-02-16 13:57:18,87.82427308771341,103.90457250452157,1.4003951547132871
kml_207,Punggol,Land Transport Authority,05C40C4D6D474E02,2022-02-16 13:57:18,58.06233987265284,103.90623626204437,1.4022421938442653
kml_208,Punggol,LTA (Others),C2728E9C558DDCDD,2022-02-16 13:57:18,8.027003285950197,103.90558743724155,1.4007567691169056
kml_209,Pasir Ris,Town Council,0794DD045FB02FC1,2022-02-16 13:57:18,33.83763084760045,103.93629224981635,1.3790476928724165
kml_210,Punggol,LTA (Others),38D3D97221CC78AB,2022-02-16 13:57:18,8.711888579497163,103.90411538564001,1.400594810247085
kml_211,Punggol,LTA (Others),9E037007846EDA77,2022-02-16 13:57:18,4.132682959684844,103.904193417295,1.4005567970305401
kml_212,Punggol,LTA (Others),4F2DF7494715B241,2022-02-16 13:57:18,58.07663179857185,103.9146873015275,1.40089061495184
kml_213,Punggol,LTA (Others),35E80B8CEDCD4BE5,2022-02-16 13:57:18,140.86411843015355,103.91239283162551,1.3987629005287001
kml_214,Punggol,Land Transport Authority,00DBF3CC95A276C0,2022-02-16 13:57:18,50.06869165995658,103.91430516048288,1.3927409085478657
kml_215,Woodlands,Town Council,50F4D8618D10426F,2022-02-16 13:57:18,12.535198009461832,103.8021147751685,1.43507011572597
kml_216,Woodlands,Town Council,DE3DBFD7E5EEE61D,2022-02-16 13:57:18,7.654981929301603,103.8022598356725,1.43524799066882
kml_217,Bedok,Land Transport Authority,FB1E9536B29A3238,2022-02-16 13:57:18,57.31044085171263,103.92629583145799,1.3329883688176851
kml_218,Bedok,Land Transport Authority,22A540DF1A0A495F,2022-02-16 13:57:18,187.14254032095963,103.9337176893979,1.3245849670245036
kml_219,Bedok,Land Transport Authority,4DF2CDA995269E90,2022-02-16 13:57:18,34.41644289594461,103.92472586648852,1.3232898571634801
kml_220,Bedok,Land Transport Authority,E6D13F52B9106078,2022-02-16 13:57:18,23.827927603012615,103.925272449311,1.323443975644535
kml_221,Bedok,LTA (Others),E40A74D286B3D3B6,2022-02-16 13:57:18,34.48681544908496,103.92501597963124,1.323397423066911
kml_222,Bedok,Land Transport Authority,BFC83B22B798EA7B,2022-02-16 13:57:18,4.225393007360152,103.9245648974575,1.323224406658295
kml_223,Bedok,Land Transport Authority,A11F6F3EC8841F31,2022-02-16 13:57:18,124.61165021929288,103.9239021107447,1.323057786646912
kml_224,Bedok,Land Transport Authority,EADF820C8A61EBCF,2022-02-16 13:57:18,61.60864890359341,103.92325201771101,1.323280556180905
kml_225,Yishun,Land Transport Authority,BE8B2130E8529172,2022-02-16 13:57:18,4.003930530545795,103.83125727476282,1.4141683240240446
kml_226,Yishun,LTA (Others),83DF589F2FF208C2,2022-02-16 13:57:18,16.19324677590804,103.831217979723,1.414106270843235
kml_227,Jurong Lake District - Taman Jurong,Land Transport Authority,4E5F5C00DA7FD213,2022-02-16 13:57:18,74.73137876911963,103.72468576046728,1.3286031214509697
kml_228,Jurong Lake District - Taman Jurong,Land Transport Authority,0D110A73BEE8422F,2022-02-16 13:57:18,43.35574941214864,103.72480425955365,1.3278929006725246
kml_229,Jurong Lake District - Taman Jurong,LTA (Others),F6E8255950F5E6F0,2022-02-16 13:57:18,6.159404856107407,103.72475770717351,1.328111485002325
kml_230,Jurong Lake District - Taman Jurong,Land Transport Authority,B671F0575B2DAA51,2022-02-16 13:57:18,19.784990201456644,103.72494136734099,1.327495125886145
kml_231,Jurong Lake District - Taman Jurong,LTA (Others),32B718276FCE1ADB,2022-02-16 13:57:18,15.094089968490259,103.724884670314,1.327642157429965
kml_232,Jurong Lake District - Taman Jurong,Land Transport Authority,F7EA91B6DED77884,2022-02-16 13:57:18,9.184442947789531,103.7247446450735,1.3281796100869951
kml_233,Jurong Lake District - Taman Jurong,LTA (Others),1C42678F659C95E0,2022-02-16 13:57:18,5.413002660606576,103.72473211551149,1.3282444008088299
kml_234,Jurong Lake District - Taman Jurong,Land Transport Authority,A2C40D51FA129CD3,2022-02-16 13:57:18,79.28941236019958,103.72292707612958,1.3300604514150498
kml_235,Jurong Lake District - Taman Jurong,Land Transport Authority,DA97119D8325E6C6,2022-02-16 13:57:18,13.285579046815535,103.723120067298,1.33068004825141
kml_236,Sembawang,Land Transport Authority,256E3EE3BB7F80DA,2022-02-16 13:57:18,71.5813595522334,103.82266002586776,1.4469159008764627
kml_237,Hougang,Land Transport Authority,7BB37D9FCD30BEBF,2022-02-16 13:57:18,41.6026422874232,103.892686413001,1.378534684544235
kml_238,Sembawang,Land Transport Authority,FAC8F9D71DB4911B,2022-02-16 13:57:18,48.41073363807463,103.82252199687372,1.4499981724663633
kml_239,Central,Land Transport Authority,CC73D50A70C53EE3,2023-07-09 13:01:36,169.55568032993733,103.85165541160276,1.2813748965577318
kml_240,Central,Land Transport Authority,114A178C22C69513,2023-07-09 13:01:36,73.0922695081508,103.85056891949691,1.2808771677987258
kml_241,Central,Land Transport Authority,94724DB9F5BE8EA8,2023-07-09 13:01:36,63.353394614956834,103.8498642812706,1.2812857242458875
kml_242,Central,LTA (Others),711B9B5FEEC7AC69,2023-07-09 13:01:36,25.445698647359123,103.850178278615,1.2810658111396798
kml_243,Central,Land Transport Authority,DC9BC55D31486644,2023-07-09 13:01:36,26.964352415011447,103.84925243695432,1.2816138852628407
kml_244,Sengkang,Land Transport Authority,01DEE7326811D449,2023-07-09 13:01:36,22.69014869548691,103.884301650159,1.3905573835801501
kml_245,Sengkang,Land Transport Authority,F350DEB4D6FC53CA,2023-07-09 13:01:36,29.062633368302,103.8840990902445,1.390671285353075
kml_246,Sengkang,Land Transport Authority,9337A27CEC66E2E4,2023-07-09 13:01:36,29.003422021177023,103.88387106218066,1.3907963766247216
kml_247,Sengkang,Land Transport Authority,53AA1D994E4932D0,2023-07-09 13:01:36,58.80745074598828,103.88337996056046,1.3910925300220929
kml_248,Sengkang,Land Transport Authority,C259BB28B925BE40,2023-07-09 13:01:36,94.79900022436117,103.8827900591065,1.39144897345214
kml_249,Central,Land Transport Authority,7E5F78C2E83B6960,2023-07-09 13:01:36,89.51182979227619,103.84902774710844,1.2842131514760626
kml_250,Central,Land Transport Authority,29D8AB344693D1A0,2023-07-09 13:01:36,29.26960649366045,103.84854455458193,1.284522051605118
kml_251,Central,LTA (Others),DD437EBE2505D73D,2023-07-09 13:01:36,4.809121702521668,103.84867845771001,1.284453015780215
kml_252,Central,Land Transport Authority,8E54DCE3513D9018,2023-07-09 13:01:36,23.21047969327266,103.84943099089396,1.2838373289796852
kml_253,Marina Bay,LTA (Others),D0453E4906D59B12,2023-07-09 13:01:36,14.279382086558433,103.862876769644,1.2730901299344501
kml_254,Marina Bay,LTA (Others),55B6FDB01E3832DD,2023-07-09 13:01:36,39.561999302272,103.861665026563,1.2738594239665502
kml_255,Marina Bay,Land Transport Authority,BA073BE789CCE29C,2023-07-09 13:01:36,45.6373298514618,103.86121351076349,1.2738378828799253
kml_256,Central,Land Transport Authority,9778F3610659801E,2023-07-09 13:01:36,133.08039956031269,103.84783388227854,1.2785921251937267
kml_257,Central,Land Transport Authority,EFFB0F47535CE97F,2023-07-09 13:01:36,43.44485905505782,103.84713433630124,1.2773066782597997
kml_258,Central,Land Transport Authority,0058B876B7CEEA21,2023-07-09 13:01:36,9.359418335700498,103.847437009383,1.277950147304985
kml_259,Central,LTA (Others),118DD1476F845713,2023-07-09 13:01:36,5.571742034176282,103.847401990826,1.2778925611568497
kml_260,Central,LTA (Others),BDCCEA79760D702B,2023-07-09 13:01:36,12.403208063388789,103.84748805035301,1.27803408067952
kml_261,Central,Land Transport Authority,3EFB33C5A5097A73,2023-07-09 13:01:36,42.41574489497634,103.84729018017015,1.2777070440669769
kml_262,Central,LTA (Others),F3E83F49CE23834F,2023-07-09 13:01:36,5.195033617673916,103.8471876189525,1.277518508852935
kml_263,Central,Land Transport Authority,A4359D8AFFFD4569,2023-07-09 13:01:36,145.5820013338846,103.84856129173696,1.2797945822377457
kml_264,Central,Land Transport Authority,F0682472CE82212A,2023-07-09 13:01:36,32.48594760407662,103.84908421370785,1.2806192406988468
kml_265,Central,LTA (Others),F0D46E8EAD5AD1C1,2023-07-09 13:01:36,7.442415599027787,103.84898001442,1.280475845488025
kml_266,Central,Land Transport Authority,CE75FDFCE5EBD894,2023-07-09 13:01:36,12.261718188493525,103.848930876966,1.28040185607863
kml_267,Central,LTA (Others),C2FD54E27ED2AC9A,2023-07-09 13:01:36,75.35692980881826,103.84690326280325,1.2771610008240954
kml_268,Central,LTA (Others),A2C8797B73326F4A,2023-07-09 13:01:36,18.7481915857096,103.848211309266,1.2791603409902
kml_269,Central,Land Transport Authority,A7F4D78B53661E9A,2023-07-09 13:01:36,54.323238826306,103.84930871361897,1.2810462493752635
kml_270,Central,Land Transport Authority,687D7E3EDB0F6F36,2023-07-09 13:01:36,21.553974432614076,103.84954647999332,1.2813768702609796
kml_271,Central,Land Transport Authority,E8F2BFB4D1CB4F7A,2023-07-09 13:01:36,18.995920321868923,103.846196848338,1.276339946996385
kml_272,Central,Land Transport Authority,5315B3028E960AF8,2023-07-09 13:01:36,56.04768767221074,103.84893634839521,1.2818085454751398
kml_273,Central,Land Transport Authority,48D14791FC960255,2023-07-09 13:01:36,34.13796663749679,103.84858527720657,1.282006808760525
kml_274,Marina Bay,Land Transport Authority,652A71877D9EFBCC,2023-07-09 13:01:21,58.52884176615644,103.85701335502051,1.27617706453598
kml_275,Marina Bay,Land Transport Authority,B1FB38E4F1918E81,2023-07-09 13:01:36,236.9049245564459,103.86394589727826,1.273512403490208
kml_276,Marina Bay,LTA (Others),4E99F56F14D28BAE,2023-07-09 13:01:36,36.04809136774973,103.8562867693405,1.277164538606
kml_277,Marina Bay,LTA (Others),176B39BE30033DDF,2023-07-09 13:01:36,43.403544718926874,103.85620487512246,1.2774170990967193
kml_278,Marina Bay,Land Transport Authority,D1C9991C31738FCE,2023-07-09 13:01:36,225.79202859132872,103.86155356920406,1.274732198639131
kml_279,Marina Bay,Land Transport Authority,26320A68E36A3631,2023-07-09 13:01:36,128.02013192191436,103.856846086141,1.2769880713549646
kml_280,Marina Bay,Land Transport Authority,05061BC9D7B9805A,2023-07-09 13:01:36,176.69743265489052,103.8567947149812,1.2779790790801187
kml_281,Marina Bay,Land Transport Authority,4B5F7FFE008AB581,2023-07-09 13:01:36,60.77465802596494,103.85605014025121,1.2768465780343234
kml_282,Marina Bay,LTA (Others),525B0B311224C8A5,2023-07-09 13:01:36,42.061317436454914,103.86103674124593,1.2742829092979122
kml_283,Central,Land Transport Authority,306CB976A10888C6,2023-07-09 13:01:36,21.46279810450206,103.844642300324,1.2762389847137299
kml_284,Marina Bay,Land Transport Authority,6FA83401D45AEA23,2023-07-09 13:01:36,98.60101130196709,103.85528263313205,1.276297656277921
kml_285,Bedok,Land Transport Authority,19EB96616F1EAD0F,2023-07-09 13:01:36,185.7483962492018,103.91354674049805,1.3221832333960775
kml_286,Central,Land Transport Authority,4E2B99D79BD0910A,2023-07-09 13:01:36,36.789646084234725,103.84724079242015,1.2769992088706013
kml_287,Central,Land Transport Authority,E4ACF70A936DC9DC,2023-07-09 13:01:36,52.723590563633856,103.84376793547726,1.2763267964674938
kml_288,Central,Land Transport Authority,DD8884154FBB163B,2023-07-09 13:01:36,52.40426411243345,103.84432918852445,1.2762438259575772
kml_289,Central,LTA (Others),C9AB54122BF5B5C0,2023-07-09 13:01:36,5.61792581949033,103.8493539136075,1.2839368923805852
kml_290,Central,LTA (Others),2ED850986832AC13,2023-07-09 13:01:36,22.81380816765093,103.8495156592825,1.2836607625296603
kml_291,Central,Land Transport Authority,9769EABD249A34AE,2023-07-09 13:01:36,54.98321604247653,103.8477517773252,1.2849649423430485
kml_292,Central,LTA (Others),E8BEF2BA39387B28,2023-07-09 13:01:36,15.559669766078478,103.8440561766975,1.276331170065075
kml_293,Central,Land Transport Authority,056B4E08C33D905A,2023-07-09 13:01:36,58.1221120333737,103.8465400785837,1.2763830469299553
kml_294,Central,Land Transport Authority,E8156DB0746E5A78,2023-07-09 13:01:36,56.81647965595903,103.84682440032171,1.2767007311454583
kml_295,Central,Land Transport Authority,09565D047A359F09,2023-07-09 13:01:36,75.28280860241534,103.84505407629626,1.2762086716464793
kml_296,Central,Land Transport Authority,01AEEE3E75A9EBA3,2023-07-09 13:01:36,29.074432770339516,103.84551892628201,1.2762605814399248
kml_297,Central,Land Transport Authority,9D142A697BF98A7B,2023-07-09 13:01:36,51.92084207488162,103.8458803754465,1.276302897180765
kml_298,Central,Land Transport Authority,BAA62648F294E2B1,2023-07-09 13:01:36,15.207439059945058,103.85046020944948,1.2824932995245437
kml_299,Central,Land Transport Authority,5F6411E370A98FA9,2023-07-09 13:01:36,63.43414315034911,103.849759447755,1.2833781179293395
kml_300,Central,Land Transport Authority,4834DFA73377CB94,2023-07-09 13:01:36,34.43780667259141,103.85005939394053,1.2828918696190608
kml_301,Central,LTA (Others),25F63760B0F5EB15,2023-07-09 13:01:36,38.646549400958065,103.84966406623498,1.281559907017315
kml_302,Central,LTA (Others),68F31E2AF637E4BB,2023-07-09 13:01:36,22.038152668706044,103.850342440831,1.282383590883235
kml_303,Central,LTA (Others),6D7637D12F215C5E,2023-07-09 13:01:36,50.04082607558836,103.850304986965,1.2826467694487
kml_304,Central,Land Transport Authority,E4F6AEB4C151EE3D,2023-07-09 13:01:36,38.42854248287982,103.84817242811006,1.2847153496222654
kml_305,Marina Bay,Land Transport Authority,6E7C071CAFA58AE3,2023-07-09 13:01:36,163.3294235240833,103.86419639559801,1.2744621965083185
kml_306,Marina Bay,Land Transport Authority,48EF87095B24FBE2,2023-07-09 13:01:36,110.47281739573606,103.863849900258,1.274360250107275
kml_307,Central,LTA (Others),CC32F269B2AF66B0,2023-07-09 13:01:36,41.411974047957486,103.86471736303167,1.2740196318134038
kml_308,Central,LTA (Others),5B3D30B831850C32,2023-07-09 13:01:36,51.59601394370823,103.863235752394,1.274754159827225
kml_309,Central,LTA (Others),A6A10239B853FDE1,2023-07-09 13:01:36,29.290277265391357,103.863502083258,1.274739012213315
kml_310,Central,LTA (Others),DCE92BB5F74DB654,2023-07-09 13:01:36,8.221839723194115,103.8480001271965,1.284826369195005
kml_311,Central,Land Transport Authority,85A67BA51F896822,2023-07-09 13:01:36,40.7612166013832,103.84732932563762,1.2851850120621535
kml_312,Central,LTA (Others),16BC4E8B6D4EF54C,2023-07-09 13:01:36,5.639795147962717,103.84751343019649,1.285097597318925
kml_313,Central,LTA (Others),D910CBE3B8AC18E4,2023-07-09 13:01:36,18.269472072272745,103.8483440107155,1.28456384950297
kml_314,Central,Land Transport Authority,005AC56D87C869E4,2023-07-09 13:01:36,161.9665566512438,103.8464232575276,1.2844279108499683
kml_315,Central,Land Transport Authority,CF66000130E0393E,2023-07-09 13:01:36,37.87143341790499,103.84692353180152,1.2852864552525916
kml_316,Central,Land Transport Authority,4A145199DED63059,2023-07-09 13:01:36,68.4831536603247,103.84733287357727,1.2859541739937113
kml_317,Central,Land Transport Authority,6AAD248145AF7560,2023-07-09 13:01:36,12.93356858248003,103.84752328613435,1.2862676143437344
kml_318,Central,LTA (Others),17A5DF558A7D6CE1,2023-07-09 13:01:36,17.986907325813473,103.8467680520015,1.28510937123006
kml_319,Central,LTA (Others),86DB85BA8FF625AA,2023-07-09 13:01:36,33.10701019947483,103.8470673387265,1.28531693809822
kml_320,Central,LTA (Others),B8BF3DC7DBBB7B8F,2023-07-09 13:01:36,35.87515126114376,103.847072541245,1.28556235828054
kml_321,Central,Land Transport Authority,F6C5D91C7E110FEF,2023-07-09 13:01:36,139.29060849977404,103.84665496210093,1.286830604261862
kml_322,Central,Land Transport Authority,6C3015BB9F5A5487,2023-07-09 13:01:36,33.91647118086646,103.84743048567431,1.2864140613535813
kml_323,Central,LTA (Others),614116E78B6D1086,2023-07-09 13:01:36,11.425234829385904,103.847252959722,1.28651230849491
kml_324,Central,Land Transport Authority,97D8EE5B3BA0AA8B,2023-07-09 13:01:36,49.200947428802706,103.8457302535393,1.2877977258648
kml_325,Central,Land Transport Authority,7CCC486EE1DAC4B2,2023-07-09 13:01:36,55.57652881861685,103.84529464829521,1.2881228604380188
kml_326,Central,LTA (Others),EE6735037FD83566,2023-07-09 13:01:36,8.045314364415868,103.8455183175005,1.2879443163488
kml_327,Central,LTA (Others),0C293934E2A7524B,2023-07-09 13:01:36,92.95216928478357,103.84586966762085,1.2873519684556938
kml_328,Central,LTA (Others),3E71FBB853F2B489,2023-07-09 13:01:36,30.37855503242803,103.8521764780695,1.282086315030795
kml_329,Marina Bay,Land Transport Authority,015130CDF19391F7,2023-07-09 13:01:36,18.869557520071698,103.862293361511,1.2756800634890801
kml_330,Marina Bay,Land Transport Authority,A7675022326B8F7F,2023-07-09 13:01:36,137.61302252815082,103.8625291108379,1.275229603102274
kml_331,Marina Bay,Land Transport Authority,D55743FAD6B5CD75,2023-07-09 13:01:36,88.75634185818154,103.85558083444094,1.2760945359839793
kml_332,Marina Bay,Land Transport Authority,5B988EC6768BD107,2023-07-09 13:01:36,64.86541703474983,103.85576300443346,1.2770542772193763
kml_333,Marina Bay,LTA (Others),E4D9AC20F35370FA,2023-07-09 13:01:36,17.67760336932162,103.85556541843401,1.276739751681855
kml_334,Marina Bay,LTA (Others),B5491A37254017D9,2023-07-09 13:01:36,15.476727351716473,103.856810335928,1.2759150782328001
kml_335,Marina Bay,LTA (Others),B9DAC2D1369EC0FE,2023-07-09 13:01:36,15.371085549641942,103.8562712959105,1.275116575942835
kml_336,Marina Bay,LTA (Others),8797D1968BE1B045,2023-07-09 13:01:36,39.622424378836214,103.854794060371,1.275202979573325
kml_337,Central,Land Transport Authority,BFF777B8CA1F705A,2023-07-09 13:01:36,69.67841004658695,103.8554979360439,1.2743537027633005
kml_338,Central,Land Transport Authority,F0D190D4D0CBEAFB,2023-07-09 13:01:36,90.5143073519085,103.85354457695149,1.27560975272708
kml_339,Central,Land Transport Authority,6F6368D6FE4661C6,2023-07-09 13:01:36,58.91576272946294,103.85279808380278,1.2760982320772623
kml_340,Central,Land Transport Authority,89FB06B7F1EC26EF,2023-07-09 13:01:36,113.16275838704998,103.85044096664028,1.2776308522064865
kml_341,Central,LTA (Others),8A2A7EF2AF37C8B0,2023-07-09 13:01:36,45.32134972059419,103.862063230301,1.275854493645135
kml_342,Central,LTA (Others),62247AAB731D52E3,2023-07-09 13:01:36,25.923977872713294,103.8621260448315,1.275659964964285
kml_343,Marina Bay,Land Transport Authority,7CDD0F665F37994C,2023-07-09 13:01:36,33.4394713605935,103.86269245510067,1.2732003391970481
kml_344,Marina Bay,Land Transport Authority,3B99F8251FFBFF30,2023-07-09 13:01:36,47.370986226039996,103.8619943600435,1.273648114089915
kml_345,Marina Bay,Land Transport Authority,85C19B670F9CBC28,2023-07-09 13:01:36,121.29105413359201,103.86226001043015,1.2731282628296756
kml_346,Central,LTA (Others),E31C9A0001A8D126,2023-07-09 13:01:36,41.73073128519766,103.86087169318601,1.274030332260765
kml_347,Central,LTA (Others),9A5549D1FC3F1579,2023-07-09 13:01:36,32.718081071346255,103.86112240931404,1.2740731191895742
kml_348,Central,LTA (Others),238173E5B2FCC245,2023-07-09 13:01:36,51.7317181018266,103.86236879287,1.27340565190925
kml_349,Central,LTA (Others),6E237C8BDC5537F1,2023-07-09 13:01:36,64.71353088050188,103.862834914679,1.27282695570225
kml_350,Central,Land Transport Authority,3EADAB6CDD6C1415,2023-07-09 13:01:36,80.06706718503379,103.85143646978716,1.2773166953823771
kml_351,Central,Land Transport Authority,480827DF8B38524E,2023-07-09 13:01:36,70.16407959555322,103.85355941870259,1.2759421154297146
kml_352,Central,Land Transport Authority,1C26CAE4A278C4A6,2023-07-09 13:01:36,107.44874426268949,103.85422815923893,1.2755079289288092
kml_353,Central,Land Transport Authority,33D165761472A9AE,2023-07-09 13:01:36,134.40357217875695,103.85540517732647,1.2747466732792978
kml_354,Central,Land Transport Authority,33D165761472A9AE,2023-07-09 13:01:36,134.40357217875695,103.85540517732647,1.2747466732792978
kml_355,Marina Bay,Land Transport Authority,1CA091855B7611F9,2023-07-09 13:01:36,96.64245552391576,103.85657386723413,1.2754966500713731
kml_356,Marina Bay,Land Transport Authority,FD87160D3080D7EC,2023-07-09 13:01:36,75.76020125180902,103.85610320021674,1.2747606971727967
kml_357,Marina Bay,LTA (Others),A4E22C62A0BE8B60,2023-07-09 13:01:36,23.827546431476506,103.85584602333199,1.276526581374125
kml_358,Central,Land Transport Authority,470F1DB6D03756A5,2023-07-09 13:01:36,71.63252074836657,103.85125648973818,1.2771031424775239
kml_359,Central,Land Transport Authority,412189EE1A63FE71,2023-07-09 13:01:36,104.9402818943947,103.85210213876806,1.2765535654684312
kml_360,Marina Bay,LTA (Others),9296C6AA25C7C485,2023-07-09 13:01:36,36.690593417332614,103.8557816221225,1.274303929279725
kml_361,Marina Bay,LTA (Others),B8BA4A6F7C0EC1A3,2023-07-09 13:01:36,27.578991239245457,103.85309298051,1.27588422741184
kml_362,Marina Bay,LTA (Others),38F2C5F00A1A6E14,2023-07-09 13:01:36,15.379565237462758,103.8525111577605,1.276229272836755
kml_363,Marina Bay,LTA (Others),DE6E1AC3E7E9C9DB,2023-07-09 13:01:36,27.036867196994958,103.85161254324251,1.2768437551420448
kml_364,Marina Bay,LTA (Others),5163FC223585E5AF,2023-07-09 13:01:36,20.40694776328073,103.850899031523,1.277273710606825
kml_365,Marina Bay,LTA (Others),49E636241A88D1CA,2023-07-09 13:01:36,57.704984631100736,103.8616036167285,1.273584502239065
kml_366,Central,Land Transport Authority,167AA2E56AFFBA48,2023-07-09 13:01:36,36.025606952956636,103.85488373381386,1.2747481357239479
kml_367,Central,Land Transport Authority,F7CB6B1F8B47B03E,2023-07-09 13:01:36,18.586919159577057,103.8551289446865,1.274596803099115
kml_368,Central,Land Transport Authority,22184AD4306FA9E6,2023-07-09 13:01:36,5.084138194070068,103.8552183575215,1.27453885425048
kml_369,Central,Land Transport Authority,5C102DBCE5AFFA8C,2023-07-09 13:01:36,4.995153471722735,103.85503986790052,1.2746545339916349
kml_370,Central,Land Transport Authority,954B058C95C5CCD1,2023-07-09 13:01:36,55.25055962231666,103.85433653175,1.27506289498039
kml_371,Central,LTA (Others),674579CC3633DFAD,2023-07-09 13:01:36,26.616232173991886,103.854639818359,1.27485347050325
kml_372,Central,LTA (Others),E6CFC9E6CA19D8B0,2023-07-09 13:01:36,34.00454927584208,103.85400587404548,1.27529121952491
kml_373,Sengkang,LTA (Others),3D5A91C4285903E9,2023-07-09 13:01:36,19.261167367605037,103.89740042098599,1.39052160277893
kml_374,Sengkang,Land Transport Authority,C93B0BFA7ED91736,2023-07-09 13:01:36,185.53420049852141,103.89861591822859,1.394023313222988
kml_375,Sengkang,LTA (Others),CAFF320480EE8DB8,2023-07-09 13:01:36,11.480354729010255,103.8983283786345,1.39318751117545
kml_376,Sengkang,Land Transport Authority,E27A5B7057304B29,2023-07-09 13:01:36,126.37139384565518,103.89811034433816,1.3926061496858906
kml_377,Sengkang,Land Transport Authority,FCB13C7BB1F870AA,2023-07-09 13:01:36,20.585743639260624,103.89772043849644,1.3916157018431814
kml_378,Sengkang,Land Transport Authority,10665F5BC8FBC708,2023-07-09 13:01:36,85.15766137356239,103.89761131216292,1.3911571094851178
kml_379,Sengkang,Land Transport Authority,CFF027CEA760B6D1,2023-07-09 13:01:36,25.42883916767281,103.89747038212879,1.3907090050371274
kml_380,Sengkang,Land Transport Authority,6BE9E712BE37B1D3,2023-07-09 13:01:36,57.14695736230401,103.89728395468602,1.3902011673117907
kml_381,Sengkang,Land Transport Authority,D007BE8CB470E452,2023-07-09 13:01:36,20.827039982783425,103.89705766516212,1.3895882770392358
kml_382,Sengkang,Land Transport Authority,20DFE5B5AE074651,2023-07-09 13:01:36,47.2194562633053,103.89698709177175,1.3892930681923588
kml_383,Sengkang,LTA (Others),D553273027F6A66C,2023-07-09 13:01:36,14.713880783161105,103.896898656212,1.3890275422353748
kml_384,Sengkang,Land Transport Authority,37442700A6866A77,2023-07-09 13:01:36,90.33545563837683,103.89672949798357,1.3885859400231264
kml_385,Sengkang,Land Transport Authority,0D00EBB567C781C3,2023-07-09 13:01:36,22.044451455735178,103.89641446087121,1.3878203104735987
kml_386,Sengkang,Land Transport Authority,A3B837D176921E4E,2023-07-09 13:01:36,91.04436712625612,103.89629903393546,1.3873290449884768
kml_387,Sengkang,Land Transport Authority,C6E21165574625A3,2023-07-09 13:01:36,11.039149857172687,103.8961671373945,1.386888362621485
kml_388,Sengkang,Land Transport Authority,722589E9DE26FB5B,2023-07-09 13:01:36,27.909026143912342,103.896110666026,1.38672168494129
kml_389,Sengkang,LTA (Others),F366843B14CF15C4,2023-07-09 13:01:36,11.207682586304303,103.896055232038,1.38655383562922
kml_390,Sengkang,Land Transport Authority,643CD2410B69332B,2023-07-09 13:01:36,67.85121915004672,103.8959156226707,1.386235235624568
kml_391,Sengkang,Land Transport Authority,8045EEB401905564,2023-07-09 13:01:36,72.94002355324486,103.88644478335483,1.3912995405578772
kml_392,Sengkang,LTA (Others),051FB9CED1FC3DD8,2023-07-09 13:01:36,6.391360955427653,103.8862463333715,1.39100430511981
kml_393,Sengkang,Land Transport Authority,369A232E866D9C46,2023-07-09 13:01:36,19.49643825731829,103.8861885444655,1.3909027531574
kml_394,Sengkang,Land Transport Authority,A77290E15EE9FABC,2023-07-09 13:01:36,51.69423068470857,103.88603924929133,1.390652626289145
kml_395,Sengkang,LTA (Others),A372D08F13D7E8C8,2023-07-09 13:01:36,6.863033470233222,103.8859015012345,1.390428436651015
kml_396,Sengkang,Land Transport Authority,1F241ED20DBBADEB,2023-07-09 13:01:36,78.09448490926857,103.88572795258166,1.3900879474804082
kml_397,Sengkang,Land Transport Authority,33BC3E728C056EB9,2023-07-09 13:01:36,355.54385726176133,103.88687631984544,1.3889088054920773
kml_398,Sengkang,Land Transport Authority,644B256665F4A51B,2023-07-09 13:01:36,14.530384749925835,103.88527776102536,1.3899436347387049
kml_399,Sengkang,Land Transport Authority,21047F092D790306,2023-07-09 13:01:36,110.60843027444533,103.88479785670926,1.3902255496587979
kml_400,Central,LTA (Others),1C5E459DF7E10036,2023-07-09 13:01:36,14.629293944279981,103.8499470720885,1.283081528056105
kml_401,Central,Land Transport Authority,574CF2608419B198,2023-07-09 13:01:36,78.722180900268,103.85001482179855,1.2821470769582064
kml_402,Central,Land Transport Authority,28F0B6A3629ADEDC,2023-07-09 13:01:36,19.329546164025523,103.84977158352642,1.2817869524734713
kml_403,Marina Bay,Land Transport Authority,494EA6E56C6A786F,2023-07-09 13:01:36,29.415939109552188,103.8625575382585,1.275508790508625
kml_404,Marina Bay,LTA (Others),921CEF22C26DEC68,2023-07-09 13:01:36,10.829702684689037,103.8624055335285,1.275607339525415
kml_405,Marina Bay,Land Transport Authority,2983F119736504CC,2023-07-09 13:01:36,25.32567256322739,103.86302976629175,1.272998699615326
kml_406,Central,LTA (Others),394559CBC990D219,2023-07-09 13:01:36,8.032581905418208,103.8494612450065,1.2812778133868998
kml_407,Central,LTA (Others),94AFE36AD421AC4C,2023-07-09 13:01:36,14.779989985206614,103.84921552888349,1.2807648858372649
kml_408,Central,Land Transport Authority,AF346FE617082A20,2023-07-09 13:01:36,33.84647796215582,103.8480210602493,1.2763296681520155
kml_409,Central,Land Transport Authority,DB161C61BA7C3983,2023-07-09 13:01:36,91.88908438041341,103.84859060164142,1.2764258804965107
kml_410,Central,LTA (Others),68D5E94DD83F0893,2023-07-09 13:01:36,40.09019318105971,103.848293895963,1.27618498666387
kml_411,Central,Land Transport Authority,D0DAE45CFCD9EEF6,2023-07-09 13:01:36,133.3465681925866,103.85034462471774,1.2793173077189177
kml_412,Central,Land Transport Authority,AE31D5F7224D798C,2023-07-09 13:01:36,50.18079155682031,103.8498871866219,1.2785587146152995
kml_413,Central,LTA (Others),8647AA28E1EDE69D,2023-07-09 13:01:36,6.657873825097695,103.8500155223735,1.2787788162518599
kml_414,Yishun,Land Transport Authority,6E4098F5A67362C3,2022-02-16 13:57:18,103.80637726894597,103.83433659665198,1.4180246892620703
kml_415,Sembawang,Land Transport Authority,36B6530F5D239513,2022-02-16 13:57:18,21.240653123987165,103.8222911655305,1.4442051673398553
kml_416,Sembawang,Land Transport Authority,F363671ECAF45573,2022-02-16 13:57:18,21.171609613692905,103.82126885420801,1.4470732150047976
kml_417,Sembawang,Land Transport Authority,E016AD0331420AB6,2022-02-16 13:57:18,92.85224574214594,103.81907803551694,1.4564062115906387
kml_418,Sembawang,Land Transport Authority,0C5FC299F29D8D3C,2022-02-16 13:57:18,29.61633161782122,103.82327313057763,1.4454648532688785
kml_419,Sembawang,Land Transport Authority,298CF8730E264CCA,2022-02-16 13:57:18,39.02695019099616,103.81977566414731,1.4468956447142252
kml_420,Sengkang,Land Transport Authority,AFFD5927F2F35879,2022-02-16 13:57:18,34.87329962001948,103.88649488784911,1.3948069255896753
kml_421,Yishun,Land Transport Authority,E7349B61C7E709FB,2022-02-16 13:57:18,25.503957276324208,103.83888699135,1.41828713865029
kml_422,Jurong Lake District - Taman Jurong,Land Transport Authority,C22582A064B4EFFF,2022-02-16 13:57:18,17.566260927280215,103.72188861005903,1.335661762555095
kml_423,Jurong Lake District - Taman Jurong,Land Transport Authority,29D31807F10970E9,2022-02-16 13:57:18,11.254459440300977,103.7217242398595,1.3356126382005749
kml_424,Jurong Lake District - Taman Jurong,Land Transport Authority,5DC36523FC1AEF8A,2022-02-16 13:57:18,7.863402923292005,103.7215822024915,1.335610777309985
kml_425,Jurong Lake District - Taman Jurong,LTA (Others),691A5AAF1C000802,2022-02-16 13:57:18,10.838953396232077,103.721499299946,1.3356199749545
kml_426,Yishun,Land Transport Authority,79AF479C1EE48FEC,2022-02-16 13:57:18,77.07955469065948,103.8440956902855,1.4344526141139768
kml_427,Yishun,Land Transport Authority,5D9DE5976C9DD2FD,2022-02-16 13:57:18,64.08338461247061,103.84360591633285,1.4349695021270552
kml_428,Yishun,Land Transport Authority,0C5760DA73DC53D5,2022-02-16 13:57:18,17.489450717639652,103.84381012707851,1.434765371669945
kml_429,Tampines,LTA (Others),D13FD2BF9652621E,2022-02-16 13:57:18,5.906181021596889,103.93887815759147,1.355640267156955
kml_430,Tampines,Land Transport Authority,107CAD2FCC14AE0D,2022-02-16 13:57:18,72.13100337055812,103.93893883634648,1.354190121821975
kml_431,Pasir Ris,LTA (Others),CE467A9B4507E6F8,2022-02-16 13:57:18,59.05891654230835,103.95048244682057,1.3725974394986535
kml_432,Bedok,Land Transport Authority,E2B415B9FC9F3B93,2022-02-16 13:57:18,175.79049264601346,103.9339573870795,1.319355523260845
kml_433,Toa Payoh,LTA (Others),94234ED7016959E8,2022-02-16 13:57:18,7.643690721910852,103.855539870177,1.33603168830301
kml_434,Toa Payoh,Land Transport Authority,D076FAD90B90F9A6,2022-02-16 13:57:18,37.52370478749736,103.85539184262726,1.336171395022547
kml_435,Toa Payoh,LTA (Others),4357A8CD01A002A2,2022-02-16 13:57:18,7.172438774266853,103.855245549116,1.336309825542635
kml_436,Toa Payoh,Land Transport Authority,A4E20DDE383A0782,2022-02-16 13:57:18,9.217428563620425,103.85520358158695,1.3363597132485845
kml_437,Toa Payoh,Land Transport Authority,AA312CFFF00DE738,2022-02-16 13:57:18,27.917366570207523,103.8550910237325,1.336472262539065
kml_438,Toa Payoh,Land Transport Authority,37CC09B923693199,2022-02-16 13:57:18,6.351017269461501,103.85497631247699,1.336575608906255
kml_439,Toa Payoh,LTA (Others),343BFBCC47EED3B2,2022-02-16 13:57:18,11.53656961048682,103.8549158017945,1.33662881003846
kml_440,Toa Payoh,Land Transport Authority,3E8CC4D4EC7942E3,2022-02-16 13:57:18,10.220911376227678,103.8548420307375,1.33669334432977
kml_441,Toa Payoh,Land Transport Authority,63EBEABC14C73B1A,2022-02-16 13:57:18,43.027395257616675,103.854663467951,1.336853583451055
kml_442,Toa Payoh,Land Transport Authority,232DA33F7F2FCF69,2022-02-16 13:57:18,163.85948849254893,103.85089635998553,1.331222249359931
kml_443,Pasir Ris,LTA (Others),D8CB9D79D80DAC5F,2022-02-16 13:57:18,2.9380875264316555,103.9535815643695,1.3694212965361099
kml_444,Woodlands,Town Council (Others),A21FAC2870381B72,2022-02-16 13:57:18,7.653728330895841,103.802710704956,1.439190882057155
kml_445,Yishun,Land Transport Authority,80614C3BBDDDF8A0,2022-02-16 13:57:18,10.965551653711836,103.83906381598172,1.414342423011166
kml_446,Punggol,Land Transport Authority,92E07B4B33E6F50A,2022-02-16 13:57:18,3.9069599431348356,103.907237672175,1.40242334171438
kml_447,Punggol,Land Transport Authority,023BA50D255AF224,2022-02-16 13:57:18,20.11864025471298,103.9078404889755,1.4020154692242395
kml_448,Punggol,Land Transport Authority,DC6672EB37236937,2022-02-16 13:57:18,76.69092859329821,103.9095871947906,1.4007486288742623
kml_449,Punggol,Land Transport Authority,756C08C42EED8C88,2022-02-16 13:57:18,12.852674116030848,103.9099294916935,1.400495346206435
kml_450,Punggol,Land Transport Authority,5360ACFF48617029,2022-02-16 13:57:18,72.6363315049726,103.91119448676885,1.399595055855542
kml_451,Punggol,Land Transport Authority,E72A940AC32AF835,2022-02-16 13:57:18,11.753614758737253,103.91009716040449,1.400377705186645
kml_452,Jurong Lake District - Taman Jurong,Land Transport Authority,0D9909CF6B023DE8,2022-11-30 14:41:12,22.16214671120825,103.72126883469271,1.3265876557018494
kml_453,Jurong Lake District - Taman Jurong,Land Transport Authority,A08EBC99CBDF7F1C,2022-11-30 14:41:12,8.429962002690868,103.72332370698338,1.3329531251825404
kml_454,Jurong Lake District - Taman Jurong,Land Transport Authority,FF6DDB07F55ECFC8,2022-11-30 14:41:12,8.143988716609151,103.72114091857539,1.3266127096108762
kml_455,Jurong Lake District - Taman Jurong,LTA (Others),BE2B122F1A8DB3E2,2022-11-30 14:41:12,24.59701122594004,103.72202876234554,1.3356011083363397
kml_456,Jurong Lake District - Taman Jurong,Land Transport Authority,108F371566BB0019,2022-11-30 14:41:12,46.82474558095661,103.72266983575764,1.3268723810726348
kml_457,Jurong Lake District - Taman Jurong,Land Transport Authority,E98EFE1C7E10A595,2022-11-30 14:41:12,8.167790026953222,103.72107723255792,1.3266479203350248
kml_458,Jurong Lake District - Taman Jurong,Land Transport Authority,37A5A50F874988AB,2022-11-30 14:41:12,51.57004631101563,103.72017732785828,1.327165120839762
kml_459,Jurong Lake District - Taman Jurong,LTA (Others),654BA103891D4EDA,2022-11-30 14:41:12,20.67197804630326,103.7226814222676,1.3271221558879591
kml_460,Jurong Lake District - Taman Jurong,Land Transport Authority,49D806AA5FC00138,2022-11-30 14:41:12,204.28853867371063,103.7204406893905,1.3280732823547063
kml_461,Jurong Lake District - Taman Jurong,Land Transport Authority,070385FCE0F57054,2022-11-30 14:41:12,55.51788827377532,103.7246480422621,1.3375675818825143
kml_462,Jurong Lake District - Taman Jurong,Land Transport Authority,25A73577E7DD57D9,2022-11-30 14:41:12,126.84347727009619,103.72177878445692,1.3435126631363707
kml_463,Jurong Lake District - Taman Jurong,Land Transport Authority,B1F62C8A9DFBE95E,2022-11-30 14:41:12,45.44255017110414,103.7244176827495,1.337960849416665
kml_464,Jurong Lake District - Taman Jurong,Land Transport Authority,563480726CDAE153,2022-11-30 14:41:12,25.213476699825925,103.720947110021,1.33563596496588
kml_465,Yishun,Land Transport Authority,5F270898128D9C01,2022-02-16 13:57:18,92.22706011070552,103.83903409734457,1.4137723071058108
kml_466,Pasir Ris,LTA (Others),EEBC3BDDD5C8EFBD,2022-02-16 13:57:18,7.1482687404821,103.950841671593,1.36993807876521
kml_467,Yishun,LTA (Others),7B43AA57BCEB4341,2022-02-16 13:57:18,11.283863804616184,103.8392681933925,1.4147703042535351
kml_468,Pasir Ris,LTA (Others),4FED9AF69D51D5BB,2022-02-16 13:57:18,25.001140577495246,103.95112854737127,1.3698639959273187
kml_469,Pasir Ris,LTA (Others),02E933BFFA675D18,2022-02-16 13:57:18,4.8478111209285615,103.953828097075,1.36940694450997
kml_470,Jurong Lake District - Taman Jurong,Land Transport Authority,6ACE0CABB874E2F6,2022-11-30 14:41:12,35.12136859083955,103.721488096516,1.334243063510875
kml_471,Jurong Lake District - Taman Jurong,Land Transport Authority,D72BA1493A339C08,2022-11-30 14:41:12,39.45659500593206,103.72386543424656,1.3344605441405402
kml_472,Jurong Lake District - Taman Jurong,Land Transport Authority,518B95730795827B,2022-11-30 14:41:12,152.03759045920907,103.72374213704182,1.3396061475878205
kml_473,Jurong Lake District - Taman Jurong,Land Transport Authority,E1578EFB3E4BCD24,2022-11-30 14:41:12,62.14752990544112,103.72198459780543,1.3443866771684267
kml_474,Jurong Lake District - Taman Jurong,LTA (Others),921DE0DF9300CEC8,2022-11-30 14:41:12,34.705847109242015,103.72272322073371,1.3343025119589866
kml_475,Jurong Lake District - Taman Jurong,Land Transport Authority,121F6634F922DF9A,2022-11-30 14:41:12,46.97923375327839,103.72195698117545,1.3453734641776027
kml_476,Jurong Lake District - Taman Jurong,Land Transport Authority,FA3D5B4C91947078,2022-11-30 14:41:12,62.1728807901315,103.72298604735545,1.3316316560608688
kml_477,Jurong Lake District - Taman Jurong,LTA (Others),4F41E6A2E710BABB,2022-11-30 14:41:12,8.59652928808037,103.721100442733,1.33858477621131
kml_478,Jurong Lake District - Taman Jurong,LTA (Others),276CFBECDA4486B6,2022-11-30 14:41:12,10.181154356470328,103.722664012586,1.331672335352235
kml_479,Jurong Lake District - Taman Jurong,LTA (Others),9477FA748B368290,2022-11-30 14:41:12,8.565163512203002,103.721696819312,1.3265860620163799
kml_480,Tampines,Land Transport Authority,15B4EE3FE8207E7A,2022-02-16 13:57:18,17.831799850050356,103.948737088495,1.358918596277525
kml_481,Tampines,Land Transport Authority,72D7E22F5656752B,2022-02-16 13:57:18,191.10781597621877,103.93703358275444,1.355642681431296
kml_482,Tampines,Land Transport Authority,65A98EE09A223CAF,2022-02-16 13:57:18,13.735674561347597,103.95694086196583,1.3561937617827156
kml_483,Tampines,Land Transport Authority,006C6FAFDC1CF0A6,2022-02-16 13:57:18,18.456646673571232,103.94174461118249,1.348601380557
kml_484,Pasir Ris,Land Transport Authority,351975E655553D79,2022-02-16 13:57:18,47.81974424696002,103.96013663350351,1.363951458220546
kml_485,Pasir Ris,Land Transport Authority,CF8789F3129DF26B,2022-02-16 13:57:18,41.58145615238793,103.94159840546841,1.3747021342555035
kml_486,Pasir Ris,Land Transport Authority,F64E76FFBBA43778,2022-02-16 13:57:18,14.578439861650835,103.95446583061951,1.3694199091527899
kml_487,Pasir Ris,Land Transport Authority,F5242CE4C0B57E9B,2022-02-16 13:57:18,36.10649164992718,103.959317788235,1.3645843471458101
kml_488,Pasir Ris,Land Transport Authority,F0BBD667E2FEC4CE,2022-02-16 13:57:18,12.553382427512787,103.9397550744525,1.3760701343663349
kml_489,Yishun,Land Transport Authority,16049E711E06E1BC,2022-02-16 13:57:18,118.41332288206024,103.83156415591199,1.4218081769945101
kml_490,Pasir Ris,Land Transport Authority,6A8C5258E436DBFC,2022-02-16 13:57:18,23.684868688547173,103.95370111366104,1.3694191231323107
kml_491,Pasir Ris,Land Transport Authority,B54438DE0C1F7A1A,2022-02-16 13:57:18,36.766720071412706,103.95519078027105,1.369409337784947
kml_492,Pasir Ris,Land Transport Authority,8657F48BCCD19F32,2022-02-16 13:57:18,6.826744290481177,103.95691615966702,1.3701737673327339
kml_493,Pasir Ris,Land Transport Authority,EFA08EC563E87E11,2022-02-16 13:57:18,0.2421047065402802,103.9408707848925,1.37529879110376
kml_494,Pasir Ris,Land Transport Authority,5C19338BAC84B32F,2022-02-16 13:57:18,34.684670885250284,103.94311095180397,1.37392828524828
kml_495,Pasir Ris,Town Council (Others),C683B0B8F253DA3F,2022-02-16 13:57:18,20.651748050857222,103.959112350163,1.3668787685435
kml_496,Tampines,LTA (Others),BFC18DE8F312418A,2022-02-16 13:57:18,1.483024160232629,103.957896065838,1.35674312109988
kml_497,Tampines,LTA (Others),42B0F0D51A200920,2022-02-16 13:57:18,1.4627998199407977,103.95820383752951,1.3570548161851148
kml_498,Tampines,LTA (Others),20944252BAC1D4DF,2022-02-16 13:57:18,18.366344104076664,103.95532630746351,1.35786416745081
kml_499,Tampines,LTA (Others),8E96CA100698AD97,2022-02-16 13:57:18,1.8752069360071892,103.9553319352485,1.35812561378847
kml_500,Tampines,LTA (Others),5D00D9AF766DB1EE,2022-02-16 13:57:18,24.89662690908658,103.95531156616701,1.358627662969305
kml_501,Tampines,LTA (Others),72086D97A843ABFD,2022-02-16 13:57:18,1.4833000303316681,103.95532734692598,1.35908789124217
kml_502,Punggol,LTA (Others),E4520304E2B22B0B,2022-02-16 13:57:18,3.2771535901071207,103.911732217169,1.396628566444195
kml_503,Punggol,LTA (Others),97C454B38E1CF164,2022-02-16 13:57:18,6.468704191655958,103.912247457497,1.397347733541255
kml_504,Jurong Lake District - Taman Jurong,LTA (Others),814CC63DBB7DBBE8,2022-02-16 13:57:18,1.9454419387323503,103.72616404685951,1.351432781638605
kml_505,Jurong Lake District - Taman Jurong,Land Transport Authority,429D839C0F6E327C,2022-02-16 13:57:18,10.115395203220494,103.72616245205661,1.3513785114210588
kml_506,Jurong Lake District - Taman Jurong,Land Transport Authority,71293E4EF9403B29,2022-02-16 13:57:18,68.95747551292231,103.72713121249764,1.3497798453176841
kml_507,Jurong Lake District - Taman Jurong,LTA (Others),7B180124FEACF098,2022-02-16 13:57:18,6.627756820826468,103.72679224252201,1.34978787514737
kml_508,Jurong Lake District - Taman Jurong,Land Transport Authority,8AAA5BC2FE0EF99D,2022-02-16 13:57:18,81.19995403841499,103.72983021290588,1.349733864717277
kml_509,Jurong Lake District - Taman Jurong,LTA (Others),A836D13F944B448E,2022-02-16 13:57:18,30.12410760724014,103.7192184790405,1.35077718516856
kml_510,Jurong Lake District - Taman Jurong,Land Transport Authority,AB1E197F4209E7A7,2022-02-16 13:57:18,26.443777867682456,103.71775238033649,1.3523530748509751
kml_511,Jurong Lake District - Taman Jurong,Land Transport Authority,7E7C0595ABEBD8C1,2022-02-16 13:57:18,31.86454880820539,103.7199980372135,1.3529404880703848
kml_512,Jurong Lake District - Taman Jurong,LTA (Others),5834EFAAD9AF6800,2022-02-16 13:57:18,10.535857589329245,103.72086819011399,1.3530392942657299
kml_513,Jurong Lake District - Taman Jurong,Land Transport Authority,A6EB73D0C1F2EEBA,2022-02-16 13:57:18,41.49150585648715,103.72226435207229,1.3530405905700988
kml_514,Jurong Lake District - Taman Jurong,LTA (Others),1EC80138DAA4EED6,2022-02-16 13:57:18,5.763431249318876,103.72205300625201,1.35304847290787
kml_515,Jurong Lake District - Taman Jurong,Land Transport Authority,3FF95CEC5D19705A,2022-02-16 13:57:18,102.28242373149519,103.72288166617186,1.352949534441103
kml_516,Jurong Lake District - Taman Jurong,LTA (Others),EF2DD2278E870CD8,2022-02-16 13:57:18,3.2213966509956955,103.73058597906751,1.3493109567463
kml_517,Jurong Lake District - Taman Jurong,Land Transport Authority,AC59027D849BA441,2022-02-16 13:57:18,33.127946089077206,103.73167891218831,1.3480012847744396
kml_518,Jurong Lake District - Taman Jurong,Land Transport Authority,F31C1B5A533D81DA,2022-02-16 13:57:18,29.3008222062796,103.73168041244023,1.3478717294919156
kml_519,Jurong Lake District - Taman Jurong,Land Transport Authority,2FA89D8879887D08,2022-02-16 13:57:18,81.04482533054767,103.73216576732771,1.3479640999526217
kml_520,Jurong Lake District - Taman Jurong,Land Transport Authority,C138FFF170BC7725,2022-02-16 13:57:18,16.547156430085668,103.73277532754788,1.3480570749255048
kml_521,Jurong Lake District - Taman Jurong,LTA (Others),B7433A0FC1F710CB,2022-02-16 13:57:18,20.19040847713127,103.731547805604,1.3479112003978002
kml_522,Jurong Lake District - Taman Jurong,LTA (Others),B7723DD957B1675A,2022-02-16 13:57:18,22.33175817321679,103.7326154862345,1.348035344928825
kml_523,Jurong Lake District - Taman Jurong,Land Transport Authority,A4860A2926D41CB5,2022-02-16 13:57:18,58.30972414726981,103.73310697699495,1.3478614107036029
kml_524,Jurong Lake District - Taman Jurong,Land Transport Authority,DCEF0151D1F320D6,2022-02-16 13:57:18,142.10961167129952,103.73374855017988,1.3471494874366374
kml_525,Sembawang,LTA (Others),85C785F1D7D050BC,2022-02-16 13:57:18,24.072763419209373,103.82736731470771,1.4443018106023577
kml_526,Tampines,LTA (Others),DF97059C083AF3CD,2022-02-16 13:57:18,28.10103418135312,103.9348201287475,1.355618012168005
kml_527,Tampines,LTA (Others),F13A351D5C6B9E8F,2022-02-16 13:57:18,3.7956112214468787,103.934389082921,1.35567492288248
kml_528,Tampines,LTA (Others),AD83D650778B726D,2022-02-16 13:57:18,3.4051567532152363,103.9336815629845,1.3559295926255102
kml_529,Tampines,Town Council (Others),C22676A84DDC1A6E,2022-02-16 13:57:18,340.3766112149604,103.9365464144107,1.3543818788456314
kml_530,Sembawang,Town Council,E79C40988E4695E6,2022-02-16 13:57:18,131.82332690727128,103.8192381070401,1.4468583385407978
kml_531,Sembawang,Town Council (Others),CB41A643BA339146,2022-02-16 13:57:18,62.31652697403875,103.819926832214,1.4452145987252794
kml_532,Sembawang,Town Council (Others),599C69D8FBABC184,2022-02-16 13:57:18,37.6241688939637,103.81972008336808,1.4456367518128543
kml_533,Sembawang,Town Council (Others),BFAB7458C399AF74,2022-02-16 13:57:18,8.944757263020662,103.819616476692,1.452735404983465
kml_534,Sembawang,Town Council (Others),50BA8F80E8AFFA40,2022-02-16 13:57:18,8.107087436762919,103.81956503829849,1.45342963894258
kml_535,Punggol,LTA (Others),55951B01211FBF74,2022-02-16 13:57:18,9.824355079577785,103.91210348176851,1.394529836186135
kml_536,Punggol,LTA (Others),8219BB3076DF52DF,2022-02-16 13:57:18,2.1588671044096173,103.9121716800525,1.3944682363522
kml_537,Punggol,LTA (Others),AE5E1D7D3C647DF6,2022-02-16 13:57:18,39.41975809546542,103.912576530232,1.3941328495135399
kml_538,Punggol,LTA (Others),B8D04C911852D160,2022-02-16 13:57:18,27.557457186944788,103.90890751868126,1.4012733105290351
kml_539,Punggol,Land Transport Authority,6573EDDB5B4F401A,2022-02-16 13:57:18,51.39816448096503,103.90051609323025,1.4063963723696766
kml_540,Punggol,Land Transport Authority,46B569F5F37F3FC0,2022-02-16 13:57:18,31.661732188368067,103.9018237024505,1.4057119331794898
kml_541,Punggol,Land Transport Authority,BC5BC8D1C57C1410,2022-02-16 13:57:18,66.372640542284,103.90297125116584,1.4051034625981522
kml_542,Punggol,Land Transport Authority,C789093D1EA0FBE3,2022-02-16 13:57:18,66.46218875190668,103.90350364618389,1.4048365553044926
kml_543,Punggol,Land Transport Authority,CD8A4D3203A6248B,2022-02-16 13:57:18,137.3053904880689,103.90084840486033,1.402213252068519
kml_544,Punggol,Land Transport Authority,28A66745C59A6F2B,2022-02-16 13:57:18,59.14551266251902,103.90172328071276,1.4018555292643116
kml_545,Punggol,Land Transport Authority,E99EB991A1091AE0,2022-02-16 13:57:18,75.8963850693818,103.89901181640298,1.4029205289970184
kml_546,Punggol,Land Transport Authority,A02468F36560E38F,2022-02-16 13:57:18,40.543557119472965,103.89844722930235,1.4030935539317748
kml_547,Punggol,Land Transport Authority,5E806D22A7ACFE02,2022-02-16 13:57:18,83.98514526787294,103.8974208941647,1.4033888456622832
kml_548,Punggol,Land Transport Authority,E29F0964A06A173D,2022-02-16 13:57:18,13.083338396634014,103.89822036515949,1.4031752172506549
kml_549,Tampines,Land Transport Authority,3F97D346189FEDCA,2022-02-16 13:57:18,192.15690759009945,103.9306566040681,1.352602263770624
kml_550,Punggol,Land Transport Authority,752A15BAFBC1B230,2022-02-16 13:57:18,97.11048399011328,103.89962982617455,1.4100438640777966
kml_551,Punggol,Land Transport Authority,53DA3C475C6A9DCE,2022-02-16 13:57:18,25.3577994059369,103.8990338354505,1.4088864613076713
kml_552,Punggol,Land Transport Authority,8DFCC57F9D8BDB87,2022-02-16 13:57:18,32.264031143463406,103.89933054949874,1.4094750266241247
kml_553,Punggol,Land Transport Authority,2401D7D74A309E4D,2022-02-16 13:57:18,32.68260352678111,103.89886421792055,1.4086030359104518
kml_554,Punggol,Land Transport Authority,3AB1819604A615B3,2022-02-16 13:57:18,89.56042772904013,103.89847887432437,1.4078663292094522
kml_555,Punggol,Land Transport Authority,2446F19392FA0095,2022-02-16 13:57:18,96.3735210577786,103.89814150763705,1.4071017218845867
kml_556,Punggol,Land Transport Authority,4D2A491A63EA1D27,2022-02-16 13:57:18,175.3544147156094,103.89881534653132,1.4065881982716733
kml_557,Punggol,Land Transport Authority,AD33561405105991,2022-02-16 13:57:18,68.87884362102476,103.8999324719107,1.406504184582104
kml_558,Punggol,LTA (Others),059850674AF24623,2022-02-16 13:57:18,6.315563013821645,103.90551305816601,1.4036144694812749
kml_559,Sembawang,LTA (Others),33C6028CD9697CE1,2022-02-16 13:57:18,9.155969693343268,103.8243253883305,1.441810917316865
kml_560,Toa Payoh,Land Transport Authority,B86C90077055CC39,2022-02-16 13:57:18,1.5541719421076037,103.85160679194,1.33339666953127
kml_561,Sembawang,LTA (Others),4C78F9594B000AEE,2022-02-16 13:57:18,53.70864909642725,103.82088683937874,1.4432917816071
kml_562,Sembawang,LTA (Others),EEEA03CF3C52EBD4,2022-02-16 13:57:18,10.620470792543617,103.8255945234685,1.44513801413884
kml_563,Sembawang,LTA (Others),BAE207977E6FB01D,2022-02-16 13:57:18,19.85767633956068,103.82393914552819,1.4438958742723402
kml_564,Pasir Ris,Land Transport Authority,3A6F8B48C065EDAA,2022-02-16 13:57:18,123.11840006862147,103.94365887164358,1.3783012369226337
kml_565,Ang Mo Kio,Land Transport Authority,E53036EEDFF94BEB,2022-02-16 13:57:18,28.248285354059362,103.83679854524489,1.3705474879778565
kml_566,Ang Mo Kio,Land Transport Authority,597CEEC0F06F03FF,2022-02-16 13:57:18,11.218491097419518,103.83726357354725,1.3696172491145706
kml_567,Punggol,Land Transport Authority,683173581C7FE152,2022-02-16 13:57:18,41.364991387437065,103.90502049807365,1.4039263495809482
kml_568,Punggol,Land Transport Authority,6A301FF95BA45B14,2022-02-16 13:57:18,12.174111887264054,103.90414551357344,1.4044416670600424
kml_569,Punggol,LTA (Others),67C7EFE2F7ECD2B0,2022-02-16 13:57:18,61.41213021619956,103.90511906356464,1.4000977569247337
kml_570,Punggol,LTA (Others),5175456E99575D16,2022-02-16 13:57:18,55.01815778196196,103.90729192424983,1.398477350449779
kml_571,Punggol,LTA (Others),44ACA5CFB6D30DEF,2022-02-16 13:57:18,53.50471172365948,103.91102077935297,1.3954134459610095
kml_572,Punggol,LTA (Others),65759B67415511DF,2022-02-16 13:57:18,3.1227282279294877,103.915584491793,1.394101140484215
kml_573,Punggol,LTA (Others),CD61761DA20DFDD3,2022-02-16 13:57:18,67.3751570262672,103.91657174048609,1.3955041425435362
kml_574,Bedok,LTA (Others),0CEB24AA45FB8A72,2022-02-16 13:57:18,10.45677243564528,103.935261028693,1.327167917251975
kml_575,Bedok,LTA (Others),1D49A50862043D6C,2022-02-16 13:57:18,7.280468616277419,103.9351647551695,1.3276224179959
kml_576,Bedok,LTA (Others),F8D98DE84EA924EA,2022-02-16 13:57:18,7.860116502168468,103.934896026012,1.3289289680142802
kml_577,Bedok,LTA (Others),306C644C517D7D5E,2022-02-16 13:57:18,1.8887944251050934,103.9348608886735,1.3291420139158499
kml_578,Yishun,LTA (Others),00AF2BE6A92B384B,2022-02-16 13:57:18,38.874822518854394,103.8399759926263,1.4165034052724428
kml_579,Yishun,Land Transport Authority,8284484EF5E1129D,2022-02-16 13:57:18,193.9723268410815,103.84152841865377,1.4177992789128322
kml_580,Yishun,LTA (Others),BD6BD8AFBE9B7A36,2022-02-16 13:57:18,48.63047058809645,103.84053295757427,1.4180797824397848
kml_581,Yishun,Land Transport Authority,5A66E02136C49955,2022-02-16 13:57:18,131.8679540338781,103.8390957049421,1.4150547836635834
kml_582,Yishun,LTA (Others),C7692C3B7E38B724,2022-02-16 13:57:18,29.850809039684602,103.83882516560818,1.4143843565595664
kml_583,Yishun,Land Transport Authority,4BAC13C02570CADF,2022-02-16 13:57:18,129.76600504022932,103.84027413249885,1.4171666150609092
kml_584,Bedok,LTA (Others),16AE922CEBCE1460,2022-02-16 13:57:18,41.77532246418883,103.93479411359495,1.3295702742720592
kml_585,Bedok,LTA (Others),0E2FB59853E9D9C1,2022-02-16 13:57:18,3.4383853720094346,103.93576375242,1.324867510286405
kml_586,Bedok,LTA (Others),6F19D7030AD02CD6,2022-02-16 13:57:18,40.9696710301758,103.93556475138857,1.3247972057003528
kml_587,Bedok,LTA (Others),7ED62DB3D5CF3D39,2022-02-16 13:57:18,20.156194938820175,103.93280637633099,1.32448586318652
kml_588,Bedok,LTA (Others),7A708248864148C7,2022-02-16 13:57:18,612.1621934262288,103.92923801350274,1.324131774109421
kml_589,Bedok,LTA (Others),2B13D1CE932F4DC0,2022-02-16 13:57:18,5.821806583797561,103.923350666624,1.32299399008061
kml_590,Bedok,LTA (Others),44FA2AE4F6624CDB,2022-02-16 13:57:18,13.557857462376749,103.92305085291301,1.324203251240635
kml_591,Bedok,LTA (Others),37952A73FB9572E5,2022-02-16 13:57:18,17.514835287785324,103.92311013291952,1.3244848705908652
kml_592,Bedok,LTA (Others),4967D5F9BFED22C0,2022-02-16 13:57:18,25.36954323962917,103.92329340790451,1.3253041435295652
kml_593,Bedok,LTA (Others),0672179B8DDFB9A7,2022-02-16 13:57:18,243.4538316320582,103.92427046331174,1.3270267575432657
kml_594,Bedok,LTA (Others),A4D9A5C51B660B80,2022-02-16 13:57:18,40.45577139646202,103.92687441790099,1.326500826926005
kml_595,Bedok,LTA (Others),41E93BB6F1BA14C1,2022-02-16 13:57:18,9.494622504134025,103.9278396317315,1.32646652912532
kml_596,Bedok,LTA (Others),24CD2ABFD28485AA,2022-02-16 13:57:18,7.1853210629372075,103.929221179474,1.32637720232175
kml_597,Bedok,LTA (Others),A71CC149121879AF,2022-02-16 13:57:18,7.756033143914218,103.92893706836401,1.326334820898635
kml_598,Bedok,LTA (Others),12843D6010DE24E5,2022-02-16 13:57:18,243.41373862122714,103.93058137032207,1.3269617075227529
kml_599,Tampines,LTA (Others),4B9E0921E9BF33B2,2022-02-16 13:57:18,1.5991153234772517,103.9551623340985,1.360718238319085
kml_600,Tampines,LTA (Others),FBC116535D415BBD,2022-02-16 13:57:18,1.6181506086358106,103.9551081721535,1.36077110330838
kml_601,Tampines,LTA (Others),211A85E7AD473FBA,2022-02-16 13:57:18,1.990303217043218,103.9549591167565,1.36092172608706
kml_602,Tampines,LTA (Others),B926183E719D6A1D,2022-02-16 13:57:18,22.33947328923639,103.95456399117799,1.361317039254415
kml_603,Pasir Ris,LTA (Others),282FFC8E9E013B7D,2022-02-16 13:57:18,2.878640328380521,103.94127324786601,1.37494536327988
kml_604,Pasir Ris,LTA (Others),62484DA3DC0EB42A,2022-02-16 13:57:18,1.7269320181941816,103.941442219285,1.374818802245205
kml_605,Pasir Ris,LTA (Others),8FE6A6EC809E0454,2022-02-16 13:57:18,368.8700847673016,103.94137465101151,1.376656222551502
kml_606,Pasir Ris,LTA (Others),A0EFAD84814D7FF6,2022-02-16 13:57:18,28.356117095579297,103.94158279347423,1.3784398450189548
kml_607,Pasir Ris,LTA (Others),2E8ADFE77E365B06,2022-02-16 13:57:18,82.87333023189491,103.94169002893564,1.3789291948159934
kml_608,Pasir Ris,LTA (Others),3F107561A91761AD,2022-02-16 13:57:18,2.9277845736466093,103.94240352888286,1.3788800947781978
kml_609,Pasir Ris,LTA (Others),2F7FD3ADABD0612A,2022-02-16 13:57:18,14.643645187925907,103.942703073844,1.3786555723343699
kml_610,Pasir Ris,LTA (Others),1CE54DE761ED45DA,2022-02-16 13:57:18,4.793905407910022,103.9431865198355,1.378319495146275
kml_611,Pasir Ris,LTA (Others),5B80A3D671B367A4,2022-02-16 13:57:18,5.9449562554178215,103.9430390900815,1.378433651078645
kml_612,Pasir Ris,LTA (Others),499EB475021C4A8D,2022-02-16 13:57:18,2.213308928304417,103.94367136366249,1.377939977201385
kml_613,Pasir Ris,LTA (Others),94C8555421E4BE9F,2022-02-16 13:57:18,11.92368737000127,103.94340498068999,1.37814470110776
kml_614,Pasir Ris,LTA (Others),0591A671DF060C3B,2022-02-16 13:57:18,2.104677715277095,103.94389827351799,1.37778039455888
kml_615,Pasir Ris,LTA (Others),F8CE836A7205E998,2022-02-16 13:57:18,1.5984526360615567,103.94413107362101,1.377623863392615
kml_616,Pasir Ris,LTA (Others),A7F0D9304DF7C61B,2022-02-16 13:57:18,1.5744042967502163,103.94487669962251,1.37719541106685
kml_617,Pasir Ris,LTA (Others),BB6AB985C753C688,2022-02-16 13:57:18,10.958499533347922,103.9421423528665,1.3743360585584448
kml_618,Pasir Ris,LTA (Others),87886336513DDC62,2022-02-16 13:57:18,3.019638285852837,103.94176446366706,1.374593740915097
kml_619,Pasir Ris,LTA (Others),6F476421580DCC2E,2022-02-16 13:57:18,2.7096684024286475,103.94203891631,1.37439855972899
kml_620,Pasir Ris,LTA (Others),8613B3FDBBBA022D,2022-02-16 13:57:18,2.5635678448966344,103.94501096953849,1.377108241377545
kml_621,Pasir Ris,LTA (Others),7185E279B90B3BA4,2022-02-16 13:57:18,4.545342552873879,103.9452268031525,1.3769812311143301
kml_622,Pasir Ris,LTA (Others),7AD375EF625353E8,2022-02-16 13:57:18,3.032898795316797,103.945540137364,1.37681149458581
kml_623,Pasir Ris,LTA (Others),9AA472B1948DA27A,2022-02-16 13:57:18,14.02213216047369,103.9460372520025,1.37653136325305
kml_624,Pasir Ris,LTA (Others),BDA8A281AACF7C62,2022-02-16 13:57:18,1.5053512029089327,103.9462757939305,1.37641784671986
kml_625,Pasir Ris,LTA (Others),7EBB3558B9568F8E,2022-02-16 13:57:18,1.8005213764880919,103.9465015672785,1.376297762841135
kml_626,Pasir Ris,LTA (Others),DBE05647DD60DCC3,2022-02-16 13:57:18,66.84530416027164,103.94669491586636,1.37591255884944
kml_627,Pasir Ris,LTA (Others),37CF31280C5EDA4B,2022-02-16 13:57:18,1.5702043716812462,103.961431360129,1.36648520701361
kml_628,Pasir Ris,LTA (Others),13EFE9A3337F48F2,2022-02-16 13:57:18,2.441378174279479,103.96129366151399,1.36668079444728
kml_629,Pasir Ris,LTA (Others),686CABCA18B0C576,2022-02-16 13:57:18,2.2857253295041176,103.96183397958401,1.3660784467446199
kml_630,Pasir Ris,LTA (Others),DBD918FCAA96C673,2022-02-16 13:57:18,186.49373464273816,103.96296886299837,1.3661240354202047
kml_631,Pasir Ris,LTA (Others),73BB11B9D0AC8D23,2022-02-16 13:57:18,7.291125580144649,103.96453061032,1.36733472877625
kml_632,Pasir Ris,LTA (Others),8CD6C1A877868BEC,2022-02-16 13:57:18,2.8413352134329375,103.9640107691425,1.366796293875955
kml_633,Pasir Ris,LTA (Others),EA3DAEB0F8D6BDDF,2022-02-16 13:57:18,6.987764501200118,103.9642157146805,1.367011206972975
kml_634,Pasir Ris,LTA (Others),98B8362CC841A8C7,2022-02-16 13:57:18,33.46150306252378,103.96485387412336,1.3676304954822993
kml_635,Ang Mo Kio,Land Transport Authority,64FBDDBE3FD36CE0,2022-02-16 13:57:18,175.0652633741866,103.83706758131515,1.3725786144764454
kml_636,Ang Mo Kio,Land Transport Authority,A0C95E889C67475D,2022-02-16 13:57:18,4.070814928014281,103.83639101154,1.38258210267434
kml_637,Ang Mo Kio,Land Transport Authority,9FA6FCB609102B92,2022-02-16 13:57:18,21.957758861197195,103.83630704178297,1.3824539267922251
kml_638,Sembawang,LTA (Others),4B11B4AF700B4370,2022-02-16 13:57:18,1.1731081877816931,103.827144674013,1.44446955713713
kml_639,Tampines,Town Council (Others),7322ADFDDB7D0B8A,2022-02-16 13:57:18,181.69731493391058,103.94683450260885,1.3537278891189688
kml_640,Tampines,Town Council (Others),DF2F36A2D68CA182,2022-02-16 13:57:18,453.50779473032475,103.94968982264331,1.3535799673248483
kml_641,Tampines,Town Council,42D17D9E6DFA7518,2022-02-16 13:57:18,436.1275644509478,103.935206141028,1.35164440656551
kml_642,Tampines,Town Council,14A1150AEE462D38,2022-02-16 13:57:18,17.456567077346513,103.95171401542548,1.3534080705299
kml_643,Tampines,Town Council,255FB21F13DB7389,2022-02-16 13:57:18,143.90554819765728,103.94671009568718,1.3457260277667893
kml_644,Sembawang,LTA (Others),D7B54E8FDD29BDB7,2022-02-16 13:57:18,56.99232363472194,103.81837827077668,1.449165812196493
kml_645,Sembawang,LTA (Others),EC804D9E23C036ED,2022-02-16 13:57:18,36.02693826414068,103.81837390366263,1.4489649885664915
kml_646,Sembawang,LTA (Others),3AE812103D092D29,2022-02-16 13:57:18,47.18644073892579,103.82137463535231,1.4499066715353397
kml_647,Tampines,Town Council (Others),3AD61EF2BBA0BD8E,2022-02-16 13:57:18,8.239850228381881,103.95337042778701,1.35387145670665
kml_648,Tampines,Town Council (Others),B0D59F56AD354E30,2022-02-16 13:57:18,34.133175166024024,103.952733781161,1.3537761920995255
kml_649,Tampines,Town Council (Others),E9C14DBF61E198CE,2022-02-16 13:57:18,19.64569233307298,103.947634055729,1.353567088007165
kml_650,Tampines,Town Council (Others),F9C41838AA385858,2022-02-16 13:57:18,20.381153736986658,103.9346034553455,1.353257368936145
kml_651,Tampines,Town Council (Others),245DD238DBDC5C16,2022-02-16 13:57:18,8.333611044997177,103.9342635838245,1.35243063442876
kml_652,Tampines,Town Council (Others),AD8971FA8BCEFF62,2022-02-16 13:57:18,7.627849392621991,103.933876830472,1.35150448472424
kml_653,Tampines,Town Council (Others),7796F05F6D63FF39,2022-02-16 13:57:18,10.46948935001748,103.9359880543075,1.35042143386008
kml_654,Tampines,LTA (Others),5CBA0C1502CF247F,2022-02-16 13:57:18,38.075189508932986,103.95515494876402,1.3529576034859652
kml_655,Bukit Batok,Town Council (Others),CA2D7EB248433D7C,2022-02-16 13:57:18,161.3502222669855,103.74620185004481,1.3613385070646897
kml_656,Bukit Batok,Town Council (Others),69B8C85D754A2DA1,2022-02-16 13:57:18,145.42196465471685,103.74731117735472,1.3618314418398085
kml_657,Bukit Batok,Town Council (Others),D14EFDE66C493272,2022-02-16 13:57:18,251.8187189360822,103.74831624021827,1.3609417398735602
kml_658,Bukit Batok,Town Council (Others),1B94CE9196914A21,2022-02-16 13:57:18,10.674857922308417,103.7480069354165,1.3618295827629052
kml_659,Pasir Ris,Town Council,FC2819FBCCF5C864,2022-02-16 13:57:18,4.323986280945763,103.93721968035494,1.3779965539891765
kml_660,Pasir Ris,Town Council (Others),7C94328685596AF1,2022-02-16 13:57:18,13.177369676417971,103.9362099143736,1.378884256495604
kml_661,Pasir Ris,Town Council,28863D51E5AC666B,2022-02-16 13:57:18,70.78644414503148,103.93654100071133,1.3776333238820737
kml_662,Jurong Lake District - Taman Jurong,Land Transport Authority,7BF0B282D9CF7FA2,2022-02-16 13:57:18,38.389497890425886,103.72141126050495,1.346040874188378
kml_663,Jurong Lake District - Taman Jurong,LTA (Others),5DB6720612600C28,2022-02-16 13:57:18,19.462883572251787,103.72130394103935,1.3462791077129597
kml_664,Jurong Lake District - Taman Jurong,Land Transport Authority,C9EC8BCBF7295DDB,2022-02-16 13:57:18,145.30136435959085,103.72042245452376,1.3464530148281215
kml_665,Jurong Lake District - Taman Jurong,LTA (Others),0A8590EF0B3386CE,2022-02-16 13:57:18,9.216197706734423,103.7198178614355,1.3461106175212052
kml_666,Jurong Lake District - Taman Jurong,LTA (Others),495737E09C64629F,2022-02-16 13:57:18,1.7761882455584492,103.7261268985225,1.351719377544615
kml_667,Yishun,LTA (Others),40658AF2D3625B5B,2022-02-16 13:57:18,52.95547311815555,103.8438054097255,1.43106530201152
kml_668,Jurong Lake District - Taman Jurong,Land Transport Authority,F2B1866C8171CEC9,2022-02-16 13:57:18,30.280070222516635,103.72615344431789,1.3515774120183017
kml_669,Sembawang,Town Council (Others),D2BFF2A3B5B61912,2022-02-16 13:57:18,9.299149488585208,103.81724313854274,1.452235802461584
kml_670,Toa Payoh,Land Transport Authority,524525D10D9B7E3B,2022-02-16 13:57:18,113.67061444281102,103.85210260377707,1.3334973812420663
kml_671,Ang Mo Kio,Land Transport Authority,A487F6C6B69FF136,2022-02-16 13:57:18,31.721127916718846,103.83624331940999,1.38547296445057
kml_672,Woodlands,Town Council,F8C7B04B1BDD7219,2022-02-16 13:57:18,95.122064063071,103.80117288182507,1.4413751659246186
kml_673,Punggol,LTA (Others),CA0FB4A40D935FCF,2022-02-16 13:57:18,4.54719208904258,103.9071953630645,1.4044623575743551
kml_674,Punggol,LTA (Others),8BE25D4E6B796874,2022-02-16 13:57:18,5.337760464331177,103.9072047426225,1.402448176576065
kml_675,Punggol,LTA (Others),57E0813046CC0AB8,2022-02-16 13:57:18,4.897922444103009,103.90726860468101,1.4024002084751952
kml_676,Punggol,LTA (Others),B1E2D52EBC64450A,2022-02-16 13:57:18,121.49739685855664,103.90834811592589,1.4016365529316699
kml_677,Punggol,LTA (Others),CBE45DAC671A6D1B,2022-02-16 13:57:18,2.8542940453671637,103.909871780238,1.400534290889445
kml_678,Punggol,LTA (Others),47608FE919527FE8,2022-02-16 13:57:18,10.39150381716791,103.9100153266765,1.40043451771972
kml_679,Punggol,LTA (Others),CA0CB0F0E283098D,2022-02-16 13:57:18,3.0788398278363505,103.9101514384005,1.40033954017352
kml_680,Punggol,LTA (Others),1573D0B0F03892F9,2022-02-16 13:57:18,3.095022653020191,103.910688450724,1.39998553428838
kml_681,Punggol,LTA (Others),B6C4B0EFCBC0251A,2022-02-16 13:57:18,8.37051749947252,103.9114900588115,1.39938248040944
kml_682,Yishun,Land Transport Authority,0336C75AC1995EEE,2022-02-16 13:57:18,7.2862395352114255,103.839013104631,1.41420608082602
kml_683,Punggol,LTA (Others),88B7F044819B46AD,2022-02-16 13:57:18,4.288414443865096,103.913522908471,1.399135261121175
kml_684,Punggol,LTA (Others),E2CA196193CED1F5,2022-02-16 13:57:18,6.484614144634731,103.91368406807851,1.39936242255684
kml_685,Punggol,LTA (Others),A97D31A7445539C1,2022-02-16 13:57:18,6.517357504928908,103.9139727482145,1.39976694598638
kml_686,Punggol,LTA (Others),FE0C814B5E3D5C42,2022-02-16 13:57:18,6.8681092979193155,103.9141468718195,1.400009683233875
kml_687,Yishun,LTA (Others),6097E59FFE9B7D2B,2022-02-16 13:57:18,28.396745051185388,103.83888463948382,1.4142305409357359
kml_688,Punggol,LTA (Others),5D7AB9B5EDA12296,2022-02-16 13:57:18,6.07443009843225,103.91438861070749,1.4013297633138948
kml_689,Yishun,LTA (Others),F54DBD4B3A049D00,2022-02-16 13:57:18,27.199060865486068,103.83895319503073,1.4143797783957197
kml_690,Punggol,LTA (Others),F724E1D7C5A41495,2022-02-16 13:57:18,97.24431743058244,103.9023193605903,1.405425480396724
kml_691,Yishun,Land Transport Authority,A0DB653552E114D4,2022-02-16 13:57:18,11.219475690573727,103.83920182169693,1.4133444560993533
kml_692,Yishun,Land Transport Authority,29A9FA7E702BB79A,2022-02-16 13:57:18,17.53709847586909,103.839518640293,1.415379252980205
kml_693,Yishun,LTA (Others),3AA655117C45A41A,2022-02-16 13:57:18,29.58101815472808,103.839350361177,1.415316377520255
kml_694,Yishun,Land Transport Authority,928CC53B95FB8FBE,2022-02-16 13:57:18,10.022169929063331,103.83947251843263,1.4152636026712124
kml_695,Tampines,Land Transport Authority,75B321C39928318E,2022-02-16 13:57:18,174.5567074188274,103.93847478749593,1.3474865194437642
kml_696,Punggol,LTA (Others),31158FD673E65C3A,2022-02-16 13:57:18,8.117575912059982,103.9068801270995,1.403854379069845
kml_697,Tampines,Land Transport Authority,1B6A63694203A742,2022-02-16 13:57:18,368.2135573782723,103.93195817915587,1.3549960212313081
kml_698,Bishan,Land Transport Authority,86CCBE20A1782BAF,2022-02-16 13:57:18,204.1888344856199,103.8502323161936,1.3511873978979396
kml_699,Sembawang,Land Transport Authority,6FC611FCD94A0E4E,2022-02-16 13:57:18,198.75564270088603,103.83022241207772,1.4464262363495668
kml_700,Sembawang,Land Transport Authority,D667A6115F1C5B5D,2022-02-16 13:57:18,191.843967292384,103.83431196483114,1.445522307740241
kml_701,Sembawang,Land Transport Authority,EEC9A2A25DD1F3AC,2022-02-16 13:57:18,45.28132522893701,103.83296534473307,1.4476693812327943
kml_702,Sembawang,Land Transport Authority,20A9B35162A841BB,2022-02-16 13:57:18,114.58572224564728,103.83253422081081,1.448360037789324
kml_703,Sembawang,Land Transport Authority,BA16730B5D91185B,2022-02-16 13:57:18,151.67948859797232,103.8316531281413,1.4494908884064244
kml_704,Sembawang,Land Transport Authority,36830A53447168A9,2022-02-16 13:57:18,221.87452606114766,103.83044722033395,1.450779049911089
kml_705,Sembawang,Land Transport Authority,3C6DD049C2E0E938,2022-02-16 13:57:18,21.991111868867446,103.82986511744147,1.4436864780345482
kml_706,Sembawang,Land Transport Authority,F0E0C27C07A8AF0F,2022-02-16 13:57:18,34.64831588417027,103.83053730711323,1.4425325078465696
kml_707,Sembawang,Land Transport Authority,D58EF78816164591,2022-02-16 13:57:18,32.831089757814055,103.8304596178675,1.44279845339017
kml_708,Sembawang,Land Transport Authority,507DB0AD49AB5C44,2022-02-16 13:57:18,99.22565453889052,103.83020784455331,1.4433126408746386
kml_709,Sembawang,LTA (Others),B711E55172199310,2022-02-16 13:57:18,10.499591197799347,103.8328318299155,1.44788281184431
kml_710,Sembawang,LTA (Others),8238AF7293FA5A05,2022-02-16 13:57:18,26.474824399397473,103.832167320347,1.44887877510364
kml_711,Sembawang,LTA (Others),F9C84021B9EBD9AB,2022-02-16 13:57:18,10.33231212024438,103.83111471329498,1.449977615055245
kml_712,Sembawang,Land Transport Authority,5D3DAD1A8427A209,2022-02-16 13:57:18,146.19346300287611,103.830187821596,1.4445334250195776
kml_713,Sembawang,Land Transport Authority,E14F950CBD5B065A,2022-02-16 13:57:18,121.11498586520048,103.83185991730036,1.4437148823256243
kml_714,Sembawang,Land Transport Authority,C876FC4AF2478B97,2022-02-16 13:57:18,54.97071567202024,103.83142965468153,1.4444677417955758
kml_715,Sembawang,Land Transport Authority,2C5358E17FA1B110,2022-02-16 13:57:18,289.30064452974676,103.83222716417191,1.4457696841786718
kml_716,Sembawang,LTA (Others),86924002497582E6,2022-02-16 13:57:18,8.367695804987378,103.83074067185352,1.44490966277633
kml_717,Sembawang,LTA (Others),E1AF3751A7E0BDA6,2022-02-16 13:57:18,49.27330751164256,103.83377218419012,1.4463970838137739
kml_718,Bishan,Land Transport Authority,F1D7CC1FDB4BEB32,2022-02-16 13:57:18,120.62023403951132,103.85609107894588,1.3350081505340639
kml_719,Toa Payoh,Land Transport Authority,35879E2C33BE69DC,2022-02-16 13:57:18,9.451000541967352,103.85589292810802,1.33555779989214
kml_720,Toa Payoh,LTA (Others),61164606066B1DF0,2022-02-16 13:57:18,11.890117340043746,103.8558418647105,1.3356388666901153
kml_721,Toa Payoh,Land Transport Authority,AD1BF92D37F95A05,2022-02-16 13:57:18,45.25815989898672,103.85569076051551,1.3358473882328596
kml_722,Tampines,LTA (Others),5027BFC4339D5AE2,2022-02-16 13:57:18,1.22910010049236,103.94760326845902,1.35861966283056
kml_723,Jurong Lake District - Taman Jurong,LTA (Others),291C84CA431EADD8,2022-02-16 13:57:18,2.9608914183783375,103.7300869310215,1.3439964540922202
kml_724,Jurong Lake District - Taman Jurong,Land Transport Authority,3A7F28DB4AE2AD65,2022-02-16 13:57:18,63.18315944568356,103.73079805721927,1.3437256549591645
kml_725,Jurong Lake District - Taman Jurong,Land Transport Authority,B9F253E3C05746D3,2022-02-16 13:57:18,47.361303041225035,103.73122983293095,1.3434886623079263
kml_726,Jurong Lake District - Taman Jurong,Land Transport Authority,BE2EE8BE288D07B0,2022-02-16 13:57:18,41.672054556114894,103.73156997849107,1.3432987210974596
kml_727,Jurong Lake District - Taman Jurong,Land Transport Authority,A89C4AD1C4CE8869,2022-02-16 13:57:18,32.71706900739738,103.7221906043805,1.349382863836405
kml_728,Jurong Lake District - Taman Jurong,LTA (Others),7D4B31D83DE5BAD7,2022-02-16 13:57:18,1.6298097645927263,103.7223386335305,1.3493389918663752
kml_729,Jurong Lake District - Taman Jurong,Land Transport Authority,CA738D7A4FD109B8,2022-02-16 13:57:18,17.172668906872453,103.72241961753922,1.3493147998282815
kml_730,Jurong Lake District - Taman Jurong,LTA (Others),BB12C9DB06968EC8,2022-02-16 13:57:18,1.9514949613716417,103.72250194023951,1.349290036707795
kml_731,Jurong Lake District - Taman Jurong,Land Transport Authority,3F1EB084D42F6B8F,2022-02-16 13:57:18,10.466323767473305,103.72255539052502,1.3492739433090448
kml_732,Jurong Lake District - Taman Jurong,LTA (Others),9F4682FE63E57164,2022-02-16 13:57:18,1.4952439103638013,103.72260687697852,1.349258441273205
kml_733,Jurong Lake District - Taman Jurong,Land Transport Authority,4BFE5C916A3C5778,2022-02-16 13:57:18,28.206002199508994,103.72273164794501,1.3492117110220994
kml_734,Jurong Lake District - Taman Jurong,LTA (Others),3D9C8314B3153127,2022-02-16 13:57:18,1.758275162768983,103.7228516848825,1.3491515142905048
kml_735,Jurong Lake District - Taman Jurong,LTA (Others),B174FA81516D0B5A,2022-02-16 13:57:18,1.791048701068679,103.72332406082913,1.347566006397527
kml_736,Jurong Lake District - Taman Jurong,LTA (Others),A3631B6C2E8B0D57,2022-02-16 13:57:18,3.706481664275045,103.7233112192755,1.347481570150255
kml_737,Jurong Lake District - Taman Jurong,LTA (Others),DB26E4B3B1F52419,2022-02-16 13:57:18,1.7534455532382598,103.7241253282025,1.346610807823295
kml_738,Jurong Lake District - Taman Jurong,LTA (Others),31A6BFABD6037D5E,2022-02-16 13:57:18,6.41122603880905,103.725957361082,1.3475373217511
kml_739,Jurong Lake District - Taman Jurong,Land Transport Authority,73007D913F21C099,2022-02-16 13:57:18,6.47987803529289,103.7254612607475,1.34898956487917
kml_740,Jurong Lake District - Taman Jurong,Land Transport Authority,9257A4C9E29B23C6,2022-02-16 13:57:18,29.327477614656736,103.7255269959405,1.349325032612
kml_741,Jurong Lake District - Taman Jurong,LTA (Others),D46D9399A0EE5190,2022-02-16 13:57:18,7.5899413404754625,103.7254740234275,1.349051506615385
kml_742,Jurong Lake District - Taman Jurong,Land Transport Authority,CFE675957863C3AC,2022-02-16 13:57:18,10.778944753109322,103.72549272656649,1.34913224218054
kml_743,Jurong Lake District - Taman Jurong,LTA (Others),1787F5F5D48A979E,2022-02-16 13:57:18,1.6030700984618804,103.725502523398,1.349187356297195
kml_744,Jurong Lake District - Taman Jurong,Land Transport Authority,BD0AE138DA4F5D1D,2022-02-16 13:57:18,21.49825233059403,103.7255786284602,1.3495786825148668
kml_745,Jurong Lake District - Taman Jurong,LTA (Others),AEC9908AE1DCA13E,2022-02-16 13:57:18,3.252650869226037,103.7255527733205,1.3494700515067901
kml_746,Jurong Lake District - Taman Jurong,Land Transport Authority,B9C3770AA473B639,2022-02-16 13:57:18,20.647839464287614,103.72566730465174,1.3498480077976802
kml_747,Jurong Lake District - Taman Jurong,Land Transport Authority,5A5340E2621A50DB,2022-02-16 13:57:18,6.638760097353534,103.72561701614501,1.3497006397617
kml_748,Jurong Lake District - Taman Jurong,LTA (Others),D0D04B11841F6CBB,2022-02-16 13:57:18,3.6049923256524896,103.7256326743555,1.34974419683441
kml_749,Jurong Lake District - Taman Jurong,Land Transport Authority,6889F73D651AAC65,2022-02-16 13:57:18,20.269769672552357,103.725592043163,1.34996979104266
kml_750,Jurong Lake District - Taman Jurong,Land Transport Authority,9AA9F73C8B25B627,2022-02-16 13:57:18,32.020415851145636,103.72447718211549,1.350367927038085
kml_751,Jurong Lake District - Taman Jurong,LTA (Others),15A64AA449E06937,2022-02-16 13:57:18,30.81380417003572,103.7258149799825,1.3499155382958752
kml_752,Jurong Lake District - Taman Jurong,Land Transport Authority,AB2F1AA453A32D84,2022-02-16 13:57:18,85.89649881048557,103.74141401149923,1.3304943480705458
kml_753,Jurong Lake District - Taman Jurong,Land Transport Authority,017CF46965598CE4,2022-02-16 13:57:18,34.86537232689381,103.74218225627192,1.329995363220703
kml_754,Sengkang,Land Transport Authority,6AE90122CA2FFC0D,2022-02-16 13:57:18,30.499251832417748,103.89027869961969,1.39445658247359
kml_755,Sengkang,Land Transport Authority,5FE18EE893DF9021,2022-02-16 13:57:18,70.01878498747818,103.88798187852646,1.394656594122631
kml_756,Sengkang,Land Transport Authority,C59C8DCAFD993DB2,2022-02-16 13:57:18,30.195161750971113,103.88842396111187,1.3946205410305619
kml_757,Tampines,Land Transport Authority,0D745D48E787EF8A,2022-02-16 13:57:18,185.3756641256946,103.94228312285723,1.3560402038330435
kml_758,Punggol,Land Transport Authority,173791B11B0040F1,2022-02-16 13:57:18,69.2649010803315,103.89998323568445,1.402544734814424
kml_759,Punggol,LTA (Others),ED3A25B7F5872A17,2022-02-16 13:57:18,2.5465310499393943,103.90658224482743,1.4029568902369207
kml_760,Punggol,LTA (Others),1C5BF9562CF408E1,2022-02-16 13:57:18,64.32616789184385,103.914779241509,1.39700448235769
kml_761,Punggol,LTA (Others),F03056F746202C8B,2022-02-16 13:57:18,3.64284832875443,103.90418816292016,1.404399664602578
kml_762,Punggol,LTA (Others),B9BDC0DE6B645180,2022-02-16 13:57:18,7.037367210735987,103.901446068982,1.4019611500679
kml_763,Jurong Lake District - Taman Jurong,Land Transport Authority,D89C7672AFF6D822,2022-02-16 13:57:18,15.081880609078878,103.73912179704807,1.3356969841856725
kml_764,Jurong Lake District - Taman Jurong,Land Transport Authority,060E6332D253746B,2022-02-16 13:57:18,29.244444541955765,103.7397371817262,1.3364274577432207
kml_765,Jurong Lake District - Taman Jurong,Land Transport Authority,12F00CCA9A8347AD,2022-02-16 13:57:18,48.8032648272102,103.73998093289927,1.3366793306497764
kml_766,Jurong Lake District - Taman Jurong,Land Transport Authority,9C498B34B205FE46,2022-02-16 13:57:18,27.478930506203508,103.7402530250177,1.336887298683183
kml_767,Sengkang,LTA (Others),C6D22C94B71354A7,2022-02-16 13:57:18,8.774735286019546,103.892323272165,1.3939829304566
kml_768,Sengkang,LTA (Others),5A9F0D3DBE27DA77,2022-02-16 13:57:18,4.091122570387775,103.88907141689,1.3945406068948398
kml_769,Sengkang,LTA (Others),B78559A657B1D6A5,2022-02-16 13:57:18,34.693498352765765,103.8905624749905,1.3944574915200199
kml_770,Sengkang,LTA (Others),B37FBD1B6E50B40D,2022-02-16 13:57:18,45.92895291796612,103.88748884538929,1.3947717368266561
kml_771,Sengkang,Land Transport Authority,C8D4E11B7082CD6D,2022-02-16 13:57:18,45.334555084752964,103.89467930535152,1.39317039867214
kml_772,Sengkang,LTA (Others),DEBA4963A6B94E19,2022-02-16 13:57:18,6.4434613567263535,103.89445901086299,1.39324558870802
kml_773,Sengkang,LTA (Others),5EF3A994EA511297,2022-02-16 13:57:18,56.84016770006666,103.89372239629449,1.3935722693699049
kml_774,Jurong Lake District - Taman Jurong,Land Transport Authority,E43EB175A23B4011,2022-02-16 13:57:18,139.28474151226212,103.72366838517648,1.3393423001527252
kml_775,Jurong Lake District - Taman Jurong,Land Transport Authority,6C208309F91A8080,2022-02-16 13:57:18,12.52550020257843,103.723302336628,1.339908966466815
kml_776,Jurong Lake District - Taman Jurong,Land Transport Authority,DC02968729EA163D,2022-02-16 13:57:18,33.52234700688286,103.72414218547347,1.3385147147942507
kml_777,Jurong Lake District - Taman Jurong,Land Transport Authority,0FF01124BC22AFA6,2022-02-16 13:57:18,19.22105312148487,103.72402592761051,1.33872245057182
kml_778,Jurong Lake District - Taman Jurong,Land Transport Authority,097F697184FBC3EE,2022-02-16 13:57:18,19.657007540077515,103.72420510403082,1.3383001361512064
kml_779,Pasir Ris,Town Council,CFBA9CF0B6E60F23,2022-02-16 13:57:18,110.40612894262216,103.95839664126706,1.3658841000680062
kml_780,Pasir Ris,LTA (Others),93030647F749CD59,2022-02-16 13:57:18,6.994200703513625,103.95107805331901,1.372839321663755
kml_781,Pasir Ris,LTA (Others),2B6504978CBE44E1,2022-02-16 13:57:18,2.262172824635112,103.9510202784145,1.372774479032715
kml_782,Pasir Ris,LTA (Others),AF4036FACA7FE510,2022-02-16 13:57:18,6.5101127368590745,103.95081477767584,1.3725111564925903
kml_783,Pasir Ris,LTA (Others),6E8C8A76415EF788,2022-02-16 13:57:18,51.82719707911602,103.9569192180434,1.3689659732701238
kml_784,Pasir Ris,LTA (Others),747AA743FFD9FADD,2022-02-16 13:57:18,1.5328113955574167,103.9572350685775,1.369031502396755
kml_785,Pasir Ris,LTA (Others),FFED261BFB692A22,2022-02-16 13:57:18,1.9685845276282288,103.9576047862825,1.3689205174544998
kml_786,Pasir Ris,LTA (Others),04DB12CBF0C6BF41,2022-02-16 13:57:18,1.7258466292984762,103.9578026447295,1.36885248733768
kml_787,Pasir Ris,LTA (Others),44E3196649F432EA,2022-02-16 13:57:18,42.453071711460986,103.958213183287,1.368695790992045
kml_788,Bedok,Land Transport Authority,2A9CBF34D4900520,2022-02-16 13:57:18,159.3538931548948,103.91595150884513,1.3213521114034652
kml_789,Bedok,Land Transport Authority,26094BC2A28E7812,2022-02-16 13:57:18,48.62801783940595,103.91705778236908,1.3213675625822685
kml_790,Bedok,Land Transport Authority,BAB09CE12E3EAC34,2022-02-16 13:57:18,7.931916259510387,103.9173106619605,1.321380267209
kml_791,Bedok,Land Transport Authority,A9D2A2255C2764F7,2022-02-16 13:57:18,68.21931189023326,103.92308454324134,1.3238422030656132
kml_792,Bedok,Land Transport Authority,6187E8C542839C8B,2022-02-16 13:57:18,83.82750036093613,103.94434059772948,1.3202968600374922
kml_793,Bedok,Land Transport Authority,03B5FFD1EDB3065C,2022-02-16 13:57:18,12.800662056142619,103.94420149915388,1.3207115272096501
kml_794,Bedok,Land Transport Authority,3939D900F8BDDC54,2022-02-16 13:57:18,29.316504307861354,103.9445516016105,1.3195752262731602
kml_795,Bedok,Land Transport Authority,8C61528A2C1D7212,2022-02-16 13:57:18,15.69981204496106,103.9444936447905,1.319770244802035
kml_796,Bedok,Land Transport Authority,D4C5793975AEC592,2022-02-16 13:57:18,3.2160081214746414,103.9444494808975,1.3199188512554851
kml_797,Bedok,LTA (Others),560995EE393BE400,2022-02-16 13:57:18,7.693579030675059,103.9444635267365,1.319871589068435
kml_798,Bedok,Land Transport Authority,81DD3158E9DFE04F,2022-02-16 13:57:18,11.95471662591928,103.944587443372,1.3193917859412148
kml_799,Bedok,Land Transport Authority,83D7CC1C527C4D1F,2022-02-16 13:57:18,13.103951171786965,103.94576036556316,1.321139988944626
kml_800,Jurong Lake District - Taman Jurong,LTA (Others),9E3A4077DB35608D,2022-02-16 13:57:18,2.8865590149981335,103.7433460335265,1.3207897416501548
kml_801,Jurong Lake District - Taman Jurong,Land Transport Authority,41F26C047E1B51CC,2022-02-16 13:57:18,15.254094047099539,103.74336412430051,1.32129517254613
kml_802,Jurong Lake District - Taman Jurong,Land Transport Authority,A536CF727674E387,2022-02-16 13:57:18,13.9215959859368,103.738688323942,1.3217869298115001
kml_803,Bedok,LTA (Others),CD18CB62A914D5B2,2022-02-16 13:57:18,14.951512993100295,103.9314084397907,1.334266720150219
kml_804,Bedok,Land Transport Authority,A0E6F15CF2735BCE,2022-02-16 13:57:18,95.97358546458628,103.93230252049737,1.3244339901512359
kml_805,Bedok,Land Transport Authority,D5DC5AA5C6B0F6C4,2022-02-16 13:57:18,153.96762612853507,103.92606537443092,1.323535462903065
kml_806,Bedok,Land Transport Authority,9157133934A3A976,2022-02-16 13:57:18,113.94936344120003,103.91889116664093,1.3265671539246042
kml_807,Bedok,Land Transport Authority,B4A94C4E7D558F4D,2022-02-16 13:57:18,14.647928297804599,103.91935452961246,1.3260348271397824
kml_808,Bedok,Land Transport Authority,4A6BD3A851E23D11,2022-02-16 13:57:18,6.766421081228599,103.91941910496101,1.325943561784005
kml_809,Bedok,Land Transport Authority,2CEBABB64F4022BF,2022-02-16 13:57:18,81.99234662809002,103.92386576951507,1.322640625072202
kml_810,Bedok,Land Transport Authority,08AC7AD5324545BE,2022-02-16 13:57:18,56.27906246945265,103.914234370869,1.3211421668491599
kml_811,Bedok,Land Transport Authority,6AE93D74F09D0E80,2022-02-16 13:57:18,30.27123440611082,103.91501608285456,1.3212495238805482
kml_812,Bedok,Land Transport Authority,FF08D00723115437,2022-02-16 13:57:18,16.333240739139434,103.9147167083355,1.32120780103395
kml_813,Bedok,Land Transport Authority,9F97AC9A02F34FC7,2022-02-16 13:57:18,10.333116043783663,103.91483538149052,1.3212243401934698
kml_814,Bedok,LTA (Others),BD3CEDA9572C9595,2022-02-16 13:57:18,48.99785361673726,103.91756343176415,1.32135701175364
kml_815,Bedok,Land Transport Authority,6E866C0EEDCB4613,2022-02-16 13:57:18,190.05943612493286,103.91861575237188,1.3213375295647893
kml_816,Bedok,Land Transport Authority,9B60BCC593263703,2022-02-16 13:57:18,31.666478075860866,103.92589430543767,1.3310677439240777
kml_817,Bedok,Land Transport Authority,ED16AC38FBD310C5,2022-02-16 13:57:18,105.52944964734584,103.92518818043149,1.3310918411845352
kml_818,Bedok,Land Transport Authority,895B3BB3D6BA2371,2022-02-16 13:57:18,134.64427339208214,103.92409362947525,1.330928037829505
kml_819,Bedok,LTA (Others),359168D48DE485EB,2022-02-16 13:57:18,14.617660579871327,103.93047784067345,1.331686465905034
kml_820,Central,Land Transport Authority,7EC5E83D0D7F3A39,2022-02-16 13:57:18,73.86629894655061,103.8513746441411,1.300037183542244
kml_821,Central,Land Transport Authority,8459B40C4D0FE549,2022-02-16 13:57:18,8.43030132712265,103.8516149716096,1.3002832064985212
kml_822,Central,Land Transport Authority,00C9561CA4A946C9,2022-02-16 13:57:18,9.622004741592079,103.85046033823848,1.2989249324262202
kml_823,Central,Land Transport Authority,643CAC13A16565EC,2022-02-16 13:57:18,5.244253035693641,103.8494890139265,1.297816033450545
kml_824,Central,Land Transport Authority,9D5C8CE8EA5A36FD,2022-02-16 13:57:18,2.954447720878993,103.8490302164825,1.297253451824575
kml_824,Central,Land Transport Authority,9D5C8CE8EA5A36FD,2022-02-16 13:57:18,3.451202355698124,103.85157426851691,1.3003035514015364
kml_825,Jurong Lake District - Taman Jurong,Land Transport Authority,33DD67E342F8C784,2022-02-16 13:57:18,19.586810127986418,103.74740887065632,1.337228246956472
kml_826,Jurong Lake District - Taman Jurong,Land Transport Authority,FA6C6F6239C4B048,2022-02-16 13:57:18,45.34689165130482,103.74742052563663,1.33694066952544
kml_827,Jurong Lake District - Taman Jurong,Land Transport Authority,2172D842D166BE77,2022-02-16 13:57:18,100.57670911764392,103.74703659328861,1.3365880000443169
kml_828,Jurong Lake District - Taman Jurong,Land Transport Authority,284C65F7E971E02C,2022-02-16 13:57:18,30.519087694998635,103.74646332983114,1.336520255246604
kml_829,Jurong Lake District - Taman Jurong,LTA (Others),F73967034FBC358D,2022-02-16 13:57:18,2.7344708775316766,103.74632472290402,1.33651485705761
kml_830,Jurong Lake District - Taman Jurong,Land Transport Authority,FA11017D455B1E96,2022-02-16 13:57:18,10.238626301520007,103.74446857260449,1.33546797909189
kml_831,Jurong Lake District - Taman Jurong,LTA (Others),8C0A94668E588D04,2022-02-16 13:57:18,1.9792978819726297,103.738910813612,1.34284571228097
kml_832,Jurong Lake District - Taman Jurong,LTA (Others),4489A506BBA5E652,2022-02-16 13:57:18,15.346353772776583,103.73886275045601,1.34294254555896
kml_833,Jurong Lake District - Taman Jurong,Land Transport Authority,B5FD01DD069F85B0,2022-02-16 13:57:18,9.371362979490565,103.74430426132601,1.3356265279165749
kml_834,Jurong Lake District - Taman Jurong,Land Transport Authority,526EC3385DFCB233,2022-02-16 13:57:18,9.287423459048403,103.744242628162,1.335683717161085
kml_835,Pasir Ris,LTA (Others),92ED949E0B9CFA91,2022-02-16 13:57:18,7.64345724239208,103.959235359524,1.368189783250485
kml_836,Pasir Ris,LTA (Others),C68E1DD0E8A3F1E3,2022-02-16 13:57:18,2.5007794814163278,103.9590083081435,1.3683283439572
kml_837,Pasir Ris,LTA (Others),16042970244E5032,2022-02-16 13:57:18,3.2202080135843527,103.959488889742,1.36805748609235
kml_838,Toa Payoh,Land Transport Authority,FFDEC664F4F6D217,2022-02-16 13:57:18,154.29693698237878,103.85467722012883,1.3338947919333763
kml_839,Sembawang,Land Transport Authority,9F44DE0A08CC7ABA,2022-02-16 13:57:18,50.76518787684483,103.8240987106473,1.4424476774207182
kml_840,Ang Mo Kio,LTA (Others),5FF3A7BEE5479FA3,2022-02-16 13:57:18,5.971960963460055,103.836417858766,1.382618581073285
kml_841,Woodlands,Town Council,92DBFDC2162AE55B,2022-02-16 13:57:18,91.62634626002682,103.80041465479633,1.4410167461113785
kml_842,Ang Mo Kio,LTA (Others),7B87DE6867C4D6D0,2022-02-16 13:57:18,4.005200400217384,103.83637168719349,1.38255143390094
kml_843,Woodlands,Town Council,CEFF9942024B4D38,2022-02-16 13:57:18,55.592943915669736,103.80227722599,1.440182545674205
kml_844,Woodlands,Town Council,1A710B9EC68ECCF7,2022-02-16 13:57:18,81.02280135135905,103.80254811628026,1.43955691986413
kml_845,Woodlands,Town Council,2EA6C8B08501FF78,2022-02-16 13:57:18,34.35073931829998,103.80278498797341,1.4390166417632948
kml_846,Woodlands,Town Council,2CE4167CEF07A3C5,2022-02-16 13:57:18,166.70747302694355,103.80324129453851,1.4379750233066695
kml_847,Woodlands,Town Council,FFBA11FAD0394B1C,2022-02-16 13:57:18,264.86646181330786,103.80300478070937,1.4362144818980154
kml_848,Ang Mo Kio,Land Transport Authority,73A60BD3A0F92B8C,2022-02-16 13:57:18,166.74756822837975,103.83659581802607,1.3833941067725417
kml_849,Ang Mo Kio,Land Transport Authority,A6B7A1B34AEA3909,2022-02-16 13:57:18,106.35404233095548,103.8364306294851,1.3848401863746722
kml_850,Sembawang,Land Transport Authority,7E997F7781BBCF2D,2022-02-16 13:57:18,24.778254632203634,103.8243802244755,1.441667759923045
kml_851,Pasir Ris,LTA (Others),BA58045B10904827,2022-02-16 13:57:18,7.482211542059525,103.96045650405199,1.371969835599605
kml_852,Pasir Ris,LTA (Others),2F47BF4BCC220C0B,2022-02-16 13:57:18,11.70907129801964,103.96050516930796,1.3723219969292995
kml_853,Tampines,Land Transport Authority,6EF68AB79FB98B8F,2022-02-16 13:57:18,171.99483746947502,103.93825212769278,1.345711529293443
kml_854,Jurong Lake District - Taman Jurong,Land Transport Authority,AF89D9A58AB90DA6,2022-02-16 13:57:18,14.62452309712357,103.7440378065225,1.3284860210409901
kml_855,Jurong Lake District - Taman Jurong,Land Transport Authority,23995A0466F9DDFE,2022-02-16 13:57:18,14.792074104587558,103.74413526149756,1.328396172840288
kml_856,Jurong Lake District - Taman Jurong,Land Transport Authority,96A0263CFBCB1809,2022-02-16 13:57:18,9.990383997622173,103.743956963578,1.3285619584065151
kml_857,Jurong Lake District - Taman Jurong,Land Transport Authority,7A48A02C2EA8DB23,2022-02-16 13:57:18,42.24757106231848,103.74189913741382,1.330160899892465
kml_858,Jurong Lake District - Taman Jurong,LTA (Others),865D174D87BD633D,2022-02-16 13:57:18,1.3981451346554121,103.74173679001251,1.3302701761410798
kml_859,Jurong Lake District - Taman Jurong,Land Transport Authority,C98778631847219D,2022-02-16 13:57:18,7.007758203281802,103.74448999037496,1.328083105487314
kml_860,Jurong Lake District - Taman Jurong,Land Transport Authority,E590B792CC5EDADD,2022-02-16 13:57:18,4.370972590940542,103.74445729457801,1.328124998976465
kml_861,Jurong Lake District - Taman Jurong,Land Transport Authority,0D79CABD5F2DF633,2022-02-16 13:57:18,44.205075375894026,103.74463185962551,1.3279010565028584
kml_862,Jurong Lake District - Taman Jurong,Land Transport Authority,D1AA7A44FED14CD8,2022-02-16 13:57:18,42.41688968482343,103.74555356363894,1.325441229299727
kml_863,Jurong Lake District - Taman Jurong,LTA (Others),C1E69C960FD842E8,2022-02-16 13:57:18,18.03832452229997,103.7455507577482,1.3257071965985197
kml_864,Jurong Lake District - Taman Jurong,Land Transport Authority,26734F7B3E515C0E,2022-02-16 13:57:18,130.16024954528078,103.74551353905336,1.324704636895946
kml_865,Jurong Lake District - Taman Jurong,Land Transport Authority,447D5DF9678863E5,2022-02-16 13:57:18,93.49375595672491,103.74553585701612,1.3233906665256703
kml_866,Jurong Lake District - Taman Jurong,Land Transport Authority,185E6E2376401B35,2022-02-16 13:57:18,106.89951243907426,103.74548458687751,1.32224569789742
kml_867,Jurong Lake District - Taman Jurong,Land Transport Authority,6C517485796D420D,2022-02-16 13:57:18,14.5764284777724,103.74546195779686,1.3217002143083838
kml_868,Jurong Lake District - Taman Jurong,Land Transport Authority,0FD72977E6EADC0B,2022-02-16 13:57:18,27.70482851400842,103.7454064547816,1.3214050048927448
kml_869,Jurong Lake District - Taman Jurong,LTA (Others),F2B3215848A86554,2022-02-16 13:57:18,12.113300063413384,103.74544077903631,1.3215814389033598
kml_870,Jurong Lake District - Taman Jurong,Land Transport Authority,53E447D42C077A60,2022-02-16 13:57:18,108.24159960451632,103.74507868105495,1.3207238199538063
kml_871,Jurong Lake District - Taman Jurong,Land Transport Authority,0C675C1FC5859693,2022-02-16 13:57:18,16.368545584005048,103.74534847013457,1.3212145315710686
kml_872,Jurong Lake District - Taman Jurong,Land Transport Authority,7EC4502DE6BBA984,2022-02-16 13:57:18,62.2962533913386,103.74440231569012,1.320183095378508
kml_873,Jurong Lake District - Taman Jurong,LTA (Others),A821B9296544BA8C,2022-02-16 13:57:18,35.233514467985515,103.74550378953087,1.3228233629249941
kml_874,Jurong Lake District - Taman Jurong,LTA (Others),9B08C820F67DF56B,2022-02-16 13:57:18,40.24013288010194,103.74550307697416,1.3239850220405096
kml_875,Jurong Lake District - Taman Jurong,LTA (Others),2FC8E721949A373D,2022-02-16 13:57:18,29.780298209845938,103.744726415619,1.3202275215993349
kml_876,Jurong Lake District - Taman Jurong,Land Transport Authority,4E77AAB9717C2C86,2022-02-16 13:57:18,83.3870828609858,103.74367864538821,1.3203685928656692
kml_877,Jurong Lake District - Taman Jurong,Land Transport Authority,9F5368B840E6FFC2,2022-02-16 13:57:18,22.322003488082085,103.74334604588877,1.3206773747692184
kml_878,Jurong Lake District - Taman Jurong,Land Transport Authority,7D848EC32ADBC7AF,2022-02-16 13:57:18,4.804346177791603,103.7433463096925,1.32056874053534
kml_879,Jurong Lake District - Taman Jurong,LTA (Others),49355377578D8A53,2022-02-16 13:57:18,1.8061631212576674,103.74335854175149,1.3205415020035298
kml_880,Jurong Lake District - Taman Jurong,Land Transport Authority,4B30EB5B5679FC8B,2022-02-16 13:57:18,7.708685755730329,103.743349736985,1.3208375061971198
kml_881,Yishun,LTA (Others),BEBD5996DE1FA055,2022-02-16 13:57:18,23.04890677986429,103.83612955182043,1.435122108503149
kml_882,Yishun,LTA (Others),217B72C6AE67744E,2022-02-16 13:57:18,2.433842261075821,103.83608483097471,1.4351085829029424
kml_883,Yishun,LTA (Others),CE9A94D478A8EF1C,2022-02-16 13:57:18,45.906785436322465,103.84076278742441,1.432892312540912
kml_884,Yishun,LTA (Others),06FEEBA946D8CF58,2022-02-16 13:57:18,1.6893576748667876,103.841181472051,1.432483042998915
kml_885,Yishun,LTA (Others),0034579671EEF2F6,2022-02-16 13:57:18,1.6955311669101838,103.8413412272385,1.4323423767939598
kml_886,Yishun,LTA (Others),27FF96F72287E82F,2022-02-16 13:57:18,2.681408582765122,103.841599965382,1.4321147000233951
kml_887,Yishun,LTA (Others),0BFB52D216F863D6,2022-02-16 13:57:18,3.385738472466473,103.841777061973,1.431956964762425
kml_888,Yishun,LTA (Others),2E0F167FD4D822C8,2022-02-16 13:57:18,5.174357789790002,103.8419562485445,1.43176587337758
kml_889,Yishun,LTA (Others),BF8128159621D345,2022-02-16 13:57:18,6.388222405919128,103.8422551118995,1.431531930043235
kml_890,Jurong West,Town Council,482A9D80544440A5,2022-02-16 13:57:18,142.53117600831368,103.6994757003066,1.3468042742825062
kml_891,Jurong West,Town Council,1552F411473B93B4,2022-02-16 13:57:18,113.66496575255928,103.69926526722557,1.3488496269057724
kml_892,Jurong West,LTA (Others),BB932DD49CBE305A,2022-02-16 13:57:18,10.166076874425357,103.699754600994,1.3473856959800652
kml_893,Yishun,LTA (Others),3E3C6AC17D65FA94,2022-02-16 13:57:18,2.3388484429218255,103.84373567948951,1.42561071471492
kml_894,Yishun,LTA (Others),2208D31C72FD24FB,2022-02-16 13:57:18,2.087430089982226,103.84392726782201,1.42543096835723
kml_895,Yishun,LTA (Others),D68C48E25EEFEC33,2022-02-16 13:57:18,2.327396718458704,103.8441379857085,1.42523423794026
kml_896,Yishun,LTA (Others),A11EBD95FC18B8B7,2022-02-16 13:57:18,2.4109286189601735,103.8408082249885,1.4282480884972149
kml_897,Yishun,LTA (Others),1A51055B68FD757A,2022-02-16 13:57:18,10.770152791069085,103.835143370398,1.4146779457784953
kml_898,Yishun,LTA (Others),AC35FE37B5D79139,2022-02-16 13:57:18,0.8826391210485043,103.8351077894375,1.41461719741943
kml_899,Yishun,LTA (Others),8831B17AB1BD6FE9,2022-02-16 13:57:18,9.06331518155251,103.8346355466775,1.413668375709105
kml_900,Yishun,LTA (Others),E45C8CA48E599CD5,2022-02-16 13:57:18,9.064873538870675,103.83436065921548,1.4130375421992851
kml_901,Yishun,LTA (Others),69D4B55DD47A29A7,2022-02-16 13:57:18,2.135561471287098,103.83435164494152,1.41280500445597
kml_902,Yishun,LTA (Others),55863E951E602B8A,2022-02-16 13:57:18,1.969596604763959,103.834418560313,1.412528595077705
kml_903,Yishun,LTA (Others),D703729AE0E4F38F,2022-02-16 13:57:18,1.7518284835253382,103.8338416923055,1.4117225795391901
kml_904,Yishun,LTA (Others),B153EF282F403257,2022-02-16 13:57:18,1.9791811312460705,103.83356240810349,1.4115756240568
kml_905,Yishun,LTA (Others),6C35B67EC8735818,2022-02-16 13:57:18,2.2271984762873935,103.8333526345135,1.41144619466243
kml_906,Yishun,LTA (Others),23F7B4CD40179199,2022-02-16 13:57:18,8.135862949240503,103.83293929484199,1.41114884020815
kml_907,Yishun,LTA (Others),BB73B75426E66A69,2022-02-16 13:57:18,1.0157403243750478,103.832985983567,1.41118251330386
kml_908,Yishun,LTA (Others),8E243EB39FD22EA2,2022-02-16 13:57:18,1.4906793696554288,103.8328897706305,1.4111098811039149
kml_909,Yishun,LTA (Others),AA1E6F104CDA3E89,2022-02-16 13:57:18,43.552981222345636,103.83195450025899,1.41048747212061
kml_910,Yishun,LTA (Others),6AB5076561D8E544,2022-02-16 13:57:18,1.6955492985112643,103.846156035758,1.426654879100545
kml_911,Yishun,LTA (Others),FA0E28E4351B5855,2022-02-16 13:57:18,5.074588987765783,103.846165048877,1.4264552154132504
kml_912,Yishun,LTA (Others),C035859E680CE10B,2022-02-16 13:57:18,1.1813899169274893,103.84616904017348,1.42641035306668
kml_913,Yishun,LTA (Others),AC0ADEEE26C0530E,2022-02-16 13:57:18,1.4627999999283934,103.8461702154665,1.426317542270125
kml_914,Yishun,LTA (Others),644CE21AD09BED48,2022-02-16 13:57:18,12.45222545785499,103.8372442792885,1.42563954533618
kml_915,Yishun,LTA (Others),DBD533AF2FDB3D67,2022-02-16 13:57:18,38.36304886728564,103.83670432472383,1.4246811496394496
kml_916,Yishun,LTA (Others),DDF675E97D553803,2022-02-16 13:57:18,1.5236968023896478,103.83006799141751,1.4290445535327851
kml_917,Yishun,LTA (Others),43E86B605C7B1830,2022-02-16 13:57:18,1.3310756268105255,103.830171273565,1.428952284602095
kml_918,Yishun,LTA (Others),3AA4720823748B3D,2022-02-16 13:57:18,1.448520139688176,103.8303477758255,1.42879605508391
kml_919,Woodlands,Town Council (Others),1A04D79A2F0431A0,2022-02-16 13:57:18,8.592958938488938,103.801391951486,1.4428592691681401
kml_920,Sembawang,Land Transport Authority,7664E7B5D310088A,2022-02-16 13:57:18,45.25896900939167,103.82422887121093,1.4420369738736711
kml_921,Ang Mo Kio,LTA (Others),0CCD49E3E8BF3F1D,2022-02-16 13:57:18,7.570275541501581,103.83607887787,1.3852141519037748
kml_922,Toa Payoh,LTA (Others),B61C75C2212DA414,2022-02-16 13:57:18,17.4025567968364,103.852683363971,1.333594691304315
kml_923,Sembawang,LTA (Others),CEE12F9BAFD5FE8E,2022-02-16 13:57:18,3.834191710225401,103.82745877634082,1.4443531075821314
kml_924,Sembawang,Land Transport Authority,F3845031EF4649E8,2022-02-16 13:57:18,126.63265444149243,103.8239813308737,1.4432547307789874
kml_925,Tampines,Land Transport Authority,ED729402E5B29F72,2022-02-16 13:57:18,80.90583728838894,103.9335194151655,1.35061407775111
kml_926,Tampines,LTA (Others),5EAC69B901116E6F,2022-02-16 13:57:18,1.6508095124473297,103.9420757187265,1.34734518811117
kml_927,Tampines,LTA (Others),63EC3067B7EE5C1D,2022-02-16 13:57:18,2.0154302764284964,103.9419854891095,1.3476646529020302
kml_928,Tampines,LTA (Others),242542CC69DAE736,2022-02-16 13:57:18,34.746432657832756,103.94183311561349,1.3482716689664649
kml_929,Tampines,LTA (Others),DA38F4A34A5E97A9,2022-02-16 13:57:18,4.288681303181843,103.94177034381148,1.3485019180329951
kml_930,Tampines,LTA (Others),6456B605BA70B2A2,2022-02-16 13:57:18,1.8163029765260446,103.94172294318099,1.348690413786745
kml_931,Tampines,LTA (Others),71DEE61F092C53E7,2022-02-16 13:57:18,0.64364488423405,103.9416444404355,1.3490162804800199
kml_932,Hougang,LTA (Others),2954602097E66A2C,2022-02-16 13:57:18,10.51775905573196,103.88675623750399,1.3747384149768451
kml_933,Pasir Ris,LTA (Others),F15889D56B169CBB,2022-02-16 13:57:18,1.4657628705217574,103.93749030256049,1.3777655886015399
kml_934,Pasir Ris,Town Council (Others),807088597E184541,2022-02-16 13:57:18,9.25235015803872,103.937725065812,1.37873844690377
kml_935,Pasir Ris,LTA (Others),08ECA07F34A463BC,2022-02-16 13:57:18,1.5594613403815876,103.938908955803,1.38042102080672
kml_936,Pasir Ris,LTA (Others),EA32012D675D4A0B,2022-02-16 13:57:18,97.0368415214555,103.93848217512185,1.3797987344305211
kml_937,Pasir Ris,LTA (Others),45D00FDC7B7ADBD0,2022-02-16 13:57:18,127.42818508664502,103.93575056637631,1.379068722026012
kml_938,Pasir Ris,Town Council (Others),0D091F0D61862C1C,2022-02-16 13:57:18,39.7727369753342,103.93684856468586,1.378023548333221
kml_939,Pasir Ris,LTA (Others),2677D59FE6B9CFDE,2022-02-16 13:57:18,55.71230065894809,103.93443423768714,1.3801120298240002
kml_940,Pasir Ris,LTA (Others),805AB97FA7EFF3BD,2022-02-16 13:57:18,13.565527131327402,103.934635182279,1.3808089457349801
kml_941,Pasir Ris,LTA (Others),AEC80534F693FC22,2022-02-16 13:57:18,3.46743889090859,103.9343476909,1.380348435259025
kml_942,Pasir Ris,LTA (Others),30F20CF82E403233,2022-02-16 13:57:18,3.862890846844041,103.93473949946349,1.3810007642922448
kml_943,Pasir Ris,LTA (Others),D5A671A148862FA5,2022-02-16 13:57:18,13.901008505846981,103.9357612814675,1.3829128464558051
kml_944,Pasir Ris,Town Council (Others),1CEE05FB0B66EB39,2022-02-16 13:57:18,13.833330790315014,103.956352188424,1.3674912601427298
kml_945,Pasir Ris,Town Council (Others),364D902804463F03,2022-02-16 13:57:18,25.644822123140326,103.956544796853,1.3681441979013549
kml_946,Pasir Ris,Town Council (Others),240AB6D5E43EF5E1,2022-02-16 13:57:18,13.311931847343553,103.95619406893451,1.3666087595353251
kml_947,Pasir Ris,Town Council (Others),705806CB7071769D,2022-02-16 13:57:18,11.731428222279241,103.9572523286288,1.3655426534545805
kml_948,Pasir Ris,Town Council (Others),CC50E74F4C82688A,2022-02-16 13:57:18,6.972132265492845,103.9570036021585,1.365655292980065
kml_949,Pasir Ris,Town Council (Others),0D6F1BA2359B87CC,2022-02-16 13:57:18,10.43802056608045,103.9575548721702,1.3654104108777023
kml_950,Pasir Ris,Town Council (Others),935AC799A8CA9AB6,2022-02-16 13:57:18,38.83784514520333,103.95798919953232,1.3653051368417735
kml_951,Punggol,LTA (Others),4071784B3A5005BB,2022-02-16 13:57:18,1.4561968481235332,103.9114192715905,1.396194192724
kml_952,Punggol,LTA (Others),4CD2F03F725B90BC,2022-02-16 13:57:18,8.495764634442814,103.91157547264851,1.396414503948225
kml_953,Punggol,LTA (Others),507537CC33A29BF9,2022-02-16 13:57:18,4.944585343117805,103.91164679919002,1.396509393227155
kml_954,Punggol,LTA (Others),E674F7A79FED06B8,2022-02-16 13:57:18,6.469869859996026,103.912198301162,1.39728117768716
kml_955,Jurong Lake District - Taman Jurong,LTA (Others),93E653F64D68FD28,2022-02-16 13:57:18,1.9404963760746545,103.7391930084915,1.34347656182527
kml_956,Jurong Lake District - Taman Jurong,Land Transport Authority,CDEA9161A9DBD6BF,2022-02-16 13:57:18,4.581981138262551,103.73968624445901,1.343521796801395
kml_957,Jurong Lake District - Taman Jurong,Land Transport Authority,C110A3AF5713CA12,2022-02-16 13:57:18,27.7693138082333,103.739831069127,1.3435271200359
kml_958,Jurong Lake District - Taman Jurong,LTA (Others),28B9EA661E0B6F1F,2022-02-16 13:57:18,1.9441289209517647,103.7399645635845,1.343527858614985
kml_959,Jurong Lake District - Taman Jurong,Land Transport Authority,B0C31014E0C30723,2022-02-16 13:57:18,26.697998145936655,103.7400932449105,1.343528570769235
kml_960,Pasir Ris,LTA (Others),F15E8996793558BA,2022-02-16 13:57:18,1.5079737310090748,103.9395291011365,1.3762383505322502
kml_961,Pasir Ris,LTA (Others),33C2FCACF8CFE2FD,2022-02-16 13:57:18,1.564954780766214,103.939267709967,1.376432931790585
kml_962,Pasir Ris,LTA (Others),A558E5F0124908CE,2022-02-16 13:57:18,7.365286325300468,103.939180314677,1.37649866884489
kml_963,Pasir Ris,LTA (Others),BEFE8F98DEBEB393,2022-02-16 13:57:18,7.938225769670128,103.93908378551501,1.37656690912773
kml_964,Tampines,Town Council,CCBC8513B4EC63BF,2022-02-16 13:57:18,143.82133096148164,103.94554669506805,1.3464073296280836
kml_965,Tampines,Town Council,F59A083746B9BB6D,2022-02-16 13:57:18,68.01292432695007,103.94482465010314,1.3471639717561414
kml_966,Tampines,Town Council,2833BA243BBE1C12,2022-02-16 13:57:18,107.43715452174531,103.94569517160735,1.3460276747894246
kml_967,Tampines,Town Council,D345D2058AAEC9AA,2022-02-16 13:57:18,248.7190512868381,103.94439966114494,1.346793362021305
kml_968,Tampines,Town Council,A54DA87310456272,2022-02-16 13:57:18,48.74999027983431,103.94380342902764,1.3460810604802032
kml_969,Tampines,Town Council (Others),6E30B580C03F3826,2022-02-16 13:57:18,10.954104014487772,103.94606384974101,1.3459416938882351
kml_970,Tampines,LTA (Others),9556FEA352690025,2022-02-16 13:57:18,4.577295419736002,103.94723645213598,1.3586417191239
kml_971,Tampines,LTA (Others),1FCC0AB2C6928F65,2022-02-16 13:57:18,15.07502633639111,103.9467296675495,1.358610956348125
kml_972,Tampines,LTA (Others),B29D902D38912CFA,2022-02-16 13:57:18,8.656427626162856,103.9462032956295,1.358164249083405
kml_973,Tampines,LTA (Others),019CF6B363B890B1,2022-02-16 13:57:18,2.4342094972063686,103.946164786526,1.357645697961545
kml_974,Tampines,LTA (Others),43343CDCF7293A0F,2022-02-16 13:57:18,7.273366496573131,103.9461559167855,1.357519390573205
kml_975,Pasir Ris,LTA (Others),395811C535A98B01,2022-02-16 13:57:18,2.8352656408299994,103.95960141290531,1.3680470518295489
kml_976,Pasir Ris,LTA (Others),FDE919A2C5C7E733,2022-02-16 13:57:18,8.534447616368098,103.95983214476499,1.3684260958398249
kml_977,Pasir Ris,LTA (Others),2230265310E4F4FA,2022-02-16 13:57:18,7.419439983414949,103.959944559375,1.3686013439377849
kml_978,Pasir Ris,LTA (Others),B13E962F60DA499D,2022-02-16 13:57:18,52.07281500645519,103.96022565610046,1.36907708386773
kml_979,Tampines,Town Council (Others),31E88E0B47199A99,2022-02-16 13:57:18,4.852499984292081,103.952291573658,1.3536866635032352
kml_980,Pasir Ris,Town Council,7F45746C5D5A0623,2022-02-16 13:57:18,87.1775090529392,103.95939935178647,1.3672722093233773
kml_981,Pasir Ris,Town Council (Others),C60092B002EAE39A,2022-02-16 13:57:18,60.70316053446563,103.9588822659205,1.366466112073065
kml_982,Jurong Lake District - Taman Jurong,Land Transport Authority,8010BDFEA9F4CC37,2022-02-16 13:57:18,38.02174966029277,103.7383815837808,1.3203927492447014
kml_983,Jurong Lake District - Taman Jurong,LTA (Others),EA7E3EFBF577DA0D,2022-02-16 13:57:18,10.054439682722887,103.73842698329697,1.32060491183534
kml_984,Jurong Lake District - Taman Jurong,Land Transport Authority,3F554E7CB258570F,2022-02-16 13:57:18,19.19811523806469,103.73852177945588,1.321024141213432
kml_985,Jurong Lake District - Taman Jurong,LTA (Others),46387AFBC8900B02,2022-02-16 13:57:18,13.324345102280207,103.7385967992875,1.32145469936012
kml_986,Jurong Lake District - Taman Jurong,Land Transport Authority,5D000964C59728C9,2022-02-16 13:57:18,15.316197846280474,103.738639706,1.3409342978842451
kml_987,Jurong Lake District - Taman Jurong,LTA (Others),3BA93C04B137898A,2022-02-16 13:57:18,18.46545905865886,103.73860895306602,1.3407848254347137
kml_988,Jurong Lake District - Taman Jurong,LTA (Others),56C5D26BF09E44CB,2022-02-16 13:57:18,91.69014948126843,103.73882541948662,1.3413792467648382
kml_989,Jurong Lake District - Taman Jurong,LTA (Others),BB3D34BF0F28CA92,2022-02-16 13:57:18,11.403312130474497,103.7363135999545,1.334395084035485
kml_990,Jurong Lake District - Taman Jurong,Land Transport Authority,9DC515EFEA7981EF,2022-02-16 13:57:18,6.830622885184463,103.74727120404181,1.3385356286288679
kml_991,Jurong Lake District - Taman Jurong,Land Transport Authority,82621F3BEC9B17A6,2022-02-16 13:57:18,7.157002408948704,103.74729398524143,1.3384779931232986
kml_992,Jurong Lake District - Taman Jurong,Land Transport Authority,958AD600FD17419B,2022-02-16 13:57:18,34.41575373485392,103.73915620505542,1.3416940720978225
kml_993,Jurong Lake District - Taman Jurong,Land Transport Authority,929A36F1562FDECB,2022-02-16 13:57:18,12.256225783004968,103.73936307372047,1.3415918738474562
kml_994,Jurong Lake District - Taman Jurong,LTA (Others),300A480992DA535C,2022-02-16 13:57:18,2.346520666798891,103.7393025662905,1.3416173977707149
kml_995,Jurong Lake District - Taman Jurong,Land Transport Authority,2FE076E01152A8B0,2022-02-16 13:57:18,36.50419827817807,103.7387462923195,1.341911508582615
kml_996,Jurong Lake District - Taman Jurong,Land Transport Authority,9F78B9FE1D157FF1,2022-02-16 13:57:18,30.562412228857003,103.7386992889875,1.3424537317637002
kml_997,Jurong Lake District - Taman Jurong,Land Transport Authority,0F5783057497C5AA,2022-02-16 13:57:18,14.431737469350873,103.738962161623,1.34179495856952
kml_998,Jurong Lake District - Taman Jurong,LTA (Others),3B1DB144CBD0486C,2022-02-16 13:57:18,1.7944291440736706,103.738897920528,1.34182964292857
kml_999,Jurong Lake District - Taman Jurong,LTA (Others),610A93CE4E1146BA,2022-02-16 13:57:18,2.620852407855775,103.73859152996451,1.3419953661658934
kml_1000,Jurong Lake District - Taman Jurong,Land Transport Authority,FE1B560C1F52D2EF,2022-02-16 13:57:18,29.096754308726297,103.7385561734835,1.34220246287467
kml_1001,Jurong Lake District - Taman Jurong,LTA (Others),012290C2ED7BA1C2,2022-02-16 13:57:18,2.1958883723853755,103.738626093716,1.34232522251228
kml_1002,Jurong Lake District - Taman Jurong,Land Transport Authority,1B123AE507C50C41,2022-02-16 13:57:18,7.55033677330032,103.73882059887251,1.3427013678756499
kml_1003,Jurong Lake District - Taman Jurong,LTA (Others),8D9C9F4D3B2093B3,2022-02-16 13:57:18,11.564543513441825,103.738785831255,1.3426225860833398
kml_1004,Jurong Lake District - Taman Jurong,LTA (Others),8AE90A2F8FE576F0,2022-02-16 13:57:18,2.377934304579111,103.7388457557925,1.342737510827305
kml_1005,Jurong Lake District - Taman Jurong,Land Transport Authority,DE49763641B2977A,2022-02-16 13:57:18,13.51839849138139,103.7389447089605,1.34290692587722
kml_1006,Jurong Lake District - Taman Jurong,Land Transport Authority,97B02326014774FC,2022-02-16 13:57:18,11.907218375435434,103.73888044172199,1.342790862825305
kml_1007,Bedok,LTA (Others),A8593B7566322FB8,2022-02-16 13:57:18,27.49846897998747,103.93044043984099,1.33175199258487
kml_1008,Bedok,LTA (Others),DDC2991630F284FA,2022-02-16 13:57:18,11.054367570052403,103.9303267430615,1.332340302577495
kml_1009,Bedok,LTA (Others),EA7C165B0C556FB9,2022-02-16 13:57:18,272.3844555123716,103.93166197450469,1.3330412407487149
kml_1010,Hougang,LTA (Others),C7487A92B7D407F0,2022-02-16 13:57:18,10.58676865105191,103.87903791039,1.37515671339216
kml_1011,,Land Transport Authority,55273434D110D35B,2022-02-16 13:57:18,72.82663758502221,103.88082777691606,1.3751788544355656
kml_1012,Ang Mo Kio,Land Transport Authority,8A5F874EDE2D9BEE,2022-02-16 13:57:18,10.561695165500915,103.85535636206801,1.3597226319178
kml_1013,Ang Mo Kio,LTA (Others),9E635C943595D13A,2022-02-16 13:57:18,7.741623714254013,103.85530518632001,1.359657847346355
kml_1014,Ang Mo Kio,Land Transport Authority,68F5A8D0AD28452A,2022-02-16 13:57:18,13.657481025071226,103.8552464476845,1.35958124822734
kml_1015,Ang Mo Kio,LTA (Others),686E6223F878396B,2022-02-16 13:57:18,10.999981434407395,103.855177099585,1.3594943602510399
kml_1016,Ang Mo Kio,Land Transport Authority,3E2781411529BECD,2022-02-16 13:57:18,85.45930831057608,103.85486749855339,1.3591920810015032
kml_1017,Punggol,Land Transport Authority,D1F77EE19646A432,2022-02-16 13:57:18,137.16914043112178,103.91488790019844,1.393100182741812
kml_1018,Punggol,Land Transport Authority,48424E32AF9400A1,2022-02-16 13:57:18,40.85235694061155,103.91576416467751,1.3963174637167999
kml_1019,Jurong Lake District - Taman Jurong,Land Transport Authority,F2815B5E3B3A150F,2022-02-16 13:57:18,47.38126892033207,103.7203276987424,1.3335830051438868
kml_1020,Jurong Lake District - Taman Jurong,Land Transport Authority,0AA3F1D74B56EC53,2022-02-16 13:57:18,7.383566750533025,103.7202429921195,1.333805702066935
kml_1021,Jurong Lake District - Taman Jurong,Land Transport Authority,0A25B2F2715E3B32,2022-02-16 13:57:18,94.31540774000798,103.72196726012774,1.336182690104371
kml_1022,Jurong Lake District - Taman Jurong,Land Transport Authority,EAA96041D5274C59,2022-02-16 13:57:18,40.39393023263224,103.7221609243535,1.335341978290297
kml_1023,Jurong Lake District - Taman Jurong,Land Transport Authority,E73E338F14D4EFD6,2022-02-16 13:57:18,26.688498579088673,103.7220297156055,1.3392244230922699
kml_1024,Jurong Lake District - Taman Jurong,Land Transport Authority,8DB11661A35E3839,2022-02-16 13:57:18,15.85585981581064,103.722190415263,1.3393272845173652
kml_1025,Jurong Lake District - Taman Jurong,Land Transport Authority,706F278E6C1ED320,2022-02-16 13:57:18,10.816546780537557,103.72166294870374,1.3389586550826285
kml_1026,Jurong Lake District - Taman Jurong,Land Transport Authority,DE40DB16BB5DA70F,2022-02-16 13:57:18,10.674796361394904,103.7217893998085,1.33905034848918
kml_1027,Jurong Lake District - Taman Jurong,LTA (Others),396CC461DF3A9504,2022-02-16 13:57:18,8.365527341821752,103.72185941855099,1.339099810391295
kml_1028,Jurong Lake District - Taman Jurong,LTA (Others),52750C390B27F61B,2022-02-16 13:57:18,6.601990027767052,103.72172586619851,1.339005467932385
kml_1029,Jurong Lake District - Taman Jurong,Land Transport Authority,E886FF691453FF2E,2022-02-16 13:57:18,5.905535742411813,103.7219115852985,1.3391373230338
kml_1030,Yishun,LTA (Others),A796AEDCF749B48A,2022-02-16 13:57:18,23.491451688447544,103.83333956279543,1.428597509604824
kml_1031,Bedok,LTA (Others),04F69981F148B5A9,2022-02-16 13:57:18,6.90689029891693,103.942188600153,1.320915351006825
kml_1032,Bedok,LTA (Others),E558AA9000FF416B,2022-02-16 13:57:18,58.061660449432324,103.94402685981585,1.3209718669860502
kml_1033,Bedok,LTA (Others),79841BFFFCCAE3F8,2022-02-16 13:57:18,8.987612569084227,103.94421674768599,1.3207983551315001
kml_1034,Bedok,LTA (Others),2CED265AF3FD06A0,2022-02-16 13:57:18,3.0421627588753397,103.9442272585805,1.3206586500278852
kml_1035,Bedok,LTA (Others),860A5C94755EAEFC,2022-02-16 13:57:18,2.042048717365065,103.94458048380599,1.319445833245065
kml_1036,Punggol,LTA (Others),5B9D010A715C04FA,2022-02-16 13:57:18,33.481482045262545,103.91583811399812,1.3944863257776572
kml_1037,Punggol,LTA (Others),16829628B46DDAE9,2022-02-16 13:57:18,33.044207113702114,103.9156562580305,1.3942283198656895
kml_1038,Pasir Ris,Land Transport Authority,2B83CD768121CFB4,2022-02-16 13:57:18,150.72851123847727,103.95604043875522,1.3746492546383329
kml_1039,Tampines,Land Transport Authority,018DFA9E58E6A9C5,2022-02-16 13:57:18,73.20469356387702,103.93814789401449,1.358675897473835
kml_1040,Pasir Ris,Land Transport Authority,DD08AAEC9D56009D,2022-02-16 13:57:18,17.132953228357483,103.96136041530151,1.364501309077275
kml_1041,Pasir Ris,LTA (Others),C4D3342F303D08CA,2022-02-16 13:57:18,5.763637979653116,103.96143314911501,1.364574508316025
kml_1042,Pasir Ris,Land Transport Authority,1261EB7D5B67081F,2022-02-16 13:57:18,70.23732838548685,103.96174591725409,1.364917181702202
kml_1043,Pasir Ris,Land Transport Authority,599455FA6D9841F9,2022-02-16 13:57:18,30.12523294564705,103.96205599228018,1.3652354143155827
kml_1044,Punggol,Land Transport Authority,BA8EC623BD933273,2022-02-16 13:57:18,22.24107606827637,103.91139994507513,1.395105207846552
kml_1045,Yishun,Land Transport Authority,37EE655B22D90809,2022-02-16 13:57:18,26.642958466411347,103.83987793758675,1.416260269887438
kml_1046,Yishun,Land Transport Authority,D08F90B7D4F8639A,2022-02-16 13:57:18,63.82706059375738,103.83971564121262,1.4158872490523158
kml_1047,Yishun,Land Transport Authority,79943C072C80F88D,2022-02-16 13:57:18,41.570743467089606,103.83915849004072,1.4145596106335097
kml_1048,Punggol,Land Transport Authority,C6B97E4ABDB7BF43,2022-02-16 13:57:18,75.98908752821244,103.91611931553618,1.3949081020858243
kml_1049,Yishun,Land Transport Authority,3C4171C6D3748BB6,2022-02-16 13:57:18,6.979983827206477,103.8390371604045,1.41426585289262
kml_1050,Yishun,Land Transport Authority,6499272CA5657401,2022-02-16 13:57:18,20.218229367745483,103.839584870661,1.4155352071959146
kml_1051,Yishun,Land Transport Authority,2228C7FD65C919DD,2022-02-16 13:57:18,49.32857702401706,103.839364211741,1.4150186439051924
kml_1052,Punggol,Land Transport Authority,A011650D5D015444,2022-02-16 13:57:18,32.75890289299889,103.9128286236045,1.3939268962043299
kml_1053,Punggol,Land Transport Authority,F0E45A0AE064C21E,2022-02-16 13:57:18,49.261316621330494,103.91769631862466,1.3970305859730627
kml_1054,Sembawang,Land Transport Authority,399442C063ACF735,2022-02-16 13:57:18,139.0399221949201,103.82431557337108,1.445300590058187
kml_1055,Pasir Ris,LTA (Others),18D3953820E804EC,2022-02-16 13:57:18,1.5389358081509144,103.95688512068,1.3700461642841848
kml_1056,Pasir Ris,LTA (Others),4477F32038F3846A,2022-02-16 13:57:18,1.8961755294092066,103.9569202915515,1.37021289699897
kml_1057,Pasir Ris,LTA (Others),192F818A69DC309A,2022-02-16 13:57:18,104.00009341867943,103.9473821328345,1.3722207537608582
kml_1058,Pasir Ris,LTA (Others),7493884152A0043B,2022-02-16 13:57:18,4.0003687897400635,103.9513092336575,1.37392870144524
kml_1059,Pasir Ris,LTA (Others),6DD980B133B88646,2022-02-16 13:57:18,6.111465691576718,103.94895918684699,1.372301102178135
kml_1060,Pasir Ris,LTA (Others),9229D9AE6A685284,2022-02-16 13:57:18,46.72324360894506,103.94888909073899,1.3711575573849353
kml_1061,Pasir Ris,LTA (Others),77135A0C0A06FF38,2022-02-16 13:57:18,19.62933509840244,103.9499391903475,1.3748103216665601
kml_1062,Pasir Ris,LTA (Others),2636C2EC2E02563E,2022-02-16 13:57:18,230.99095904562213,103.95101158933875,1.3737013761604433
kml_1063,Pasir Ris,LTA (Others),63073CB4B56D8CE7,2022-02-16 13:57:18,67.3960305824799,103.94639237187093,1.3750383427755648
kml_1064,Pasir Ris,LTA (Others),CD7D23D128E54E95,2022-02-16 13:57:18,91.89242259139994,103.94674202587026,1.3756567537477091
kml_1065,Pasir Ris,LTA (Others),46A9B8BDBB0DCC7F,2022-02-16 13:57:18,8.29725633319052,103.94697335858541,1.376034000955795
kml_1066,Pasir Ris,LTA (Others),0C9CBE5EB6EE5388,2022-02-16 13:57:18,2.6017032564474007,103.94777217877548,1.3756233703204799
kml_1067,Pasir Ris,LTA (Others),26CF2560B2973449,2022-02-16 13:57:18,2.4228577066816697,103.947958917323,1.3755350010229201
kml_1068,Pasir Ris,LTA (Others),ED06394BA82840E0,2022-02-16 13:57:18,180.62875568429342,103.9480100463818,1.3746488939766257
kml_1069,Pasir Ris,LTA (Others),7845E87712CBBBBF,2022-02-16 13:57:18,5.654876934282447,103.94786589360943,1.3738433685487452
kml_1070,Pasir Ris,LTA (Others),5B589C27BF489AA4,2022-02-16 13:57:18,20.47050598065398,103.945061756567,1.37315144450966
kml_1071,Pasir Ris,LTA (Others),F36F132A9B731212,2022-02-16 13:57:18,1.543316369633183,103.94459710560649,1.37333557373292
kml_1072,Pasir Ris,LTA (Others),E5E3F01EE4FDF4CC,2022-02-16 13:57:18,1.565674273614256,103.944112699821,1.37352656790276
kml_1073,Pasir Ris,LTA (Others),321D5C6EC3C20CA8,2022-02-16 13:57:18,1.8987119744378036,103.9432640748615,1.373868161117185
kml_1074,Pasir Ris,LTA (Others),8501B4E81149D1EE,2022-02-16 13:57:18,1.939176562215363,103.942957659368,1.373988475856885
kml_1075,Pasir Ris,LTA (Others),AE7961686741A0A0,2022-02-16 13:57:18,1.5485887605550157,103.942774905573,1.374060234155755
kml_1076,Pasir Ris,LTA (Others),C92D2619B52D478A,2022-02-16 13:57:18,3.29833011513475,103.942626788338,1.3741183928509249
kml_1077,Pasir Ris,LTA (Others),C792D2CA5C3EE693,2022-02-16 13:57:18,29.671772371787267,103.9386866633195,1.3768652462244
kml_1078,Pasir Ris,LTA (Others),B16DC57014418EDC,2022-02-16 13:57:18,28.135600367175012,103.937947418633,1.3774258011839948
kml_1079,Ang Mo Kio,Land Transport Authority,49A17912D2F2E29A,2022-02-16 13:57:18,72.3516748697566,103.83673244528607,1.3715145820188792
kml_1080,Punggol,Land Transport Authority,99146C2107A88C90,2022-02-16 13:57:18,56.28263524003194,103.90570033273096,1.4010234562412873
kml_1081,Toa Payoh,Land Transport Authority,72DFBB5DE4F6978B,2022-02-16 13:57:18,66.51503443558678,103.8530552003865,1.33365732957749
kml_1082,Ang Mo Kio,Land Transport Authority,5C6AD4A803FA492F,2022-02-16 13:57:18,57.52978888049089,103.83689176326831,1.384269781245437
kml_1083,Sembawang,Land Transport Authority,48219CE7D4157F80,2022-02-16 13:57:18,161.07966390952043,103.82044801743558,1.443955555241165
kml_1084,Tampines,Town Council (Others),E24E132A690EA385,2022-02-16 13:57:18,16.74145179184512,103.94526783117098,1.346381452289745
kml_1085,Tampines,Town Council (Others),BADD98EF5B4CFD5C,2022-02-16 13:57:18,10.873791710936509,103.945041192256,1.3468831552636702
kml_1086,Tampines,Town Council (Others),F37A93546447FCF2,2022-02-16 13:57:18,11.575926954399787,103.9604379467105,1.353687596440985
kml_1087,Tampines,Town Council (Others),DB17A134E3649018,2022-02-16 13:57:18,14.362802661289354,103.9588686730875,1.3536981530258
kml_1088,Tampines,Town Council (Others),56187B3EF39FA8CE,2022-02-16 13:57:18,26.847721302689994,103.95789936931101,1.35368971181527
kml_1089,Tampines,Town Council (Others),8E135458E5C4C079,2022-02-16 13:57:18,17.14963558733027,103.95646550051451,1.353668389655275
kml_1090,Tampines,Town Council (Others),608DF68B7F592D98,2022-02-16 13:57:18,6.727400019699417,103.9560636599915,1.353688856430975
kml_1091,Marina Bay,Land Transport Authority,907CCEE94D6CE5D1,2022-02-16 13:57:18,164.8012696628433,103.85541120898202,1.2779148717595132
kml_1092,Marina Bay,Land Transport Authority,DF0EA0D75EE0A71A,2022-02-16 13:57:18,420.91553284188564,103.860128940351,1.276720812963915
kml_1093,Marina Bay,Land Transport Authority,8CC90DBD7191DC83,2022-02-16 13:57:18,164.1364799055113,103.86519965518151,1.27437805923746
kml_1094,Marina Bay,Land Transport Authority,F82B6024015F97EB,2022-02-16 13:57:18,204.1774155595756,103.864289653844,1.27315835876971
kml_1095,Marina Bay,Land Transport Authority,0FFCD7203045D338,2022-02-16 13:57:18,190.79461160922838,103.85682132728554,1.2793576172923264
kml_1096,Marina Bay,Land Transport Authority,75FB36CFD865C89D,2022-02-16 13:57:18,162.74859665335796,103.85788545321451,1.28034626200279
kml_1097,Marina Bay,Land Transport Authority,36D1E7D046769FB1,2022-02-16 13:57:18,130.58594800426,103.85786206959172,1.2785707871825012
kml_1098,Jurong West,LTA (Others),A3AF2460ACB02CD3,2022-02-16 13:57:18,10.348435652944959,103.69732081168749,1.3482733820360602
kml_1099,Jurong West,LTA (Others),BF3BE15DA2C52694,2022-02-16 13:57:18,28.66902411552847,103.699078144159,1.3462863880550149
kml_1100,Marina Bay,Land Transport Authority,B30EB116B17609D7,2022-02-16 13:57:18,294.98564291254536,103.86071759273766,1.2877051489360176
kml_1101,Marina Bay,Land Transport Authority,C47904D3675B4B1F,2022-02-16 13:57:18,181.30536450647378,103.86075883639961,1.2904331326664003
kml_1102,Marina Bay,LTA (Others),7DDC2D18BA8B3EDD,2022-02-16 13:57:18,29.08478242442925,103.86075905638357,1.289491816744698
kml_1103,Marina Bay,Land Transport Authority,467D95C57C419F90,2022-02-16 13:57:18,39.344371698075534,103.86073455036575,1.2892136485934382
kml_1104,Jurong West,LTA (Others),992E03D2A425AE20,2022-02-16 13:57:18,27.900134170177886,103.699200392908,1.3482129788252
kml_1105,Punggol,Land Transport Authority,E18EE410A7015D3A,2022-02-16 13:57:18,91.77641262417967,103.913560089329,1.3979012779385087
kml_1106,Punggol,Land Transport Authority,FA7FF3A95007B3A0,2022-02-16 13:57:18,84.70633472617955,103.91420199825902,1.39743383797465
kml_1107,Punggol,LTA (Others),D81F7804CFCF9CE0,2022-02-16 13:57:18,1.3663262499896476,103.911202932083,1.3958871726915398
kml_1108,Woodlands,Town Council (Others),76C94F7FEFCE616F,2022-02-16 13:57:18,30.389535975129824,103.80289545458764,1.438770938889934
kml_1109,Woodlands,Town Council (Others),C2CFD7883FBA6B1C,2022-02-16 13:57:18,7.2382984450039265,103.8023880355295,1.4399216165875601
kml_1110,Woodlands,Town Council,7FB9575AC9A4AE8C,2022-02-16 13:57:18,45.78137947945217,103.80216116876036,1.441796220284171
kml_1111,Woodlands,Town Council,6324A2DB67562DCD,2022-02-16 13:57:18,137.0164921031055,103.80083654391551,1.4441157877399586
kml_1112,Woodlands,Town Council,F7254116BE0B63F0,2022-02-16 13:57:18,152.50707976549447,103.80396683218942,1.4425374569411842
kml_1113,Bukit Panjang,Town Council (Others),865F225A1004EFAE,2022-02-16 13:57:18,24.016358186179367,103.7693402187575,1.37569704936017
kml_1114,Yishun,LTA (Others),F2D36C142E31C3E9,2022-02-16 13:57:18,43.123211576893084,103.84054365856888,1.417852406459703
kml_1115,Woodlands,Town Council,DC01EC7491C7AC86,2022-02-16 13:57:18,132.87763711781162,103.80167517208646,1.4422874961777692
kml_1116,Sembawang,LTA (Others),A5D011790171CC48,2022-02-16 13:57:18,4.297506533951122,103.8238559423335,1.44486154533836
kml_1117,Toa Payoh,LTA (Others),D9EAA77814322556,2022-02-16 13:57:18,8.693751375686462,103.85535638145501,1.333954379222635
kml_1118,Ang Mo Kio,LTA (Others),B7E4AD197F6428BB,2022-02-16 13:57:18,3.47194003746466,103.836354427322,1.3853597406321199
kml_1119,Ang Mo Kio,Land Transport Authority,AD44413AB34325BE,2022-02-16 13:57:18,18.824588830200135,103.8377015314165,1.3742876251474452
kml_1120,Ang Mo Kio,Land Transport Authority,5CF3D86EEA9DE804,2022-02-16 13:57:18,15.40522723283868,103.8360074896745,1.385289190245895
kml_1121,Pasir Ris,LTA (Others),776E963431022DA2,2022-02-16 13:57:18,1.8084356797175563,103.9587256704315,1.36501041379297
kml_1122,Pasir Ris,LTA (Others),28A0E3D53A3F7A6F,2022-02-16 13:57:18,2.3313297828759847,103.95811723914356,1.3654311697519619
kml_1123,Pasir Ris,Land Transport Authority,F3B3B619249F2206,2022-02-16 13:57:18,231.187180749412,103.9352403045705,1.381936503482096
kml_1124,Pasir Ris,Land Transport Authority,257064F53AAA5265,2022-02-16 13:57:18,103.91765944701491,103.93657160139264,1.3784365019287514
kml_1125,Pasir Ris,Land Transport Authority,A549DECBE6149D89,2022-02-16 13:57:18,48.441746896214134,103.9376704230655,1.3776311819648601
kml_1126,Pasir Ris,Land Transport Authority,7F3D9074D8BF823B,2022-02-16 13:57:18,105.96768916819785,103.9399258410664,1.3808530530580365
kml_1127,Pasir Ris,Land Transport Authority,4B6ACFF28CA6F68B,2022-02-16 13:57:18,11.647713177665999,103.95112886240479,1.3729063233190133
kml_1128,Pasir Ris,Land Transport Authority,37DE6118BA1DBD20,2022-02-16 13:57:18,37.60095271727089,103.9373495537883,1.377871078684437
kml_1129,Pasir Ris,Land Transport Authority,250F0B0EB863551A,2022-02-16 13:57:18,22.271433561547564,103.96039344849318,1.369368798600432
kml_1130,Pasir Ris,Land Transport Authority,3ADD4EA8F4520E2B,2022-02-16 13:57:18,64.25468833762245,103.96106785724153,1.3746925154114875
kml_1131,Pasir Ris,Land Transport Authority,3249332EF8FD0C4E,2022-02-16 13:57:18,10.354342799998255,103.94158010603931,1.3794463980237839
kml_1132,Pasir Ris,Land Transport Authority,D8FC72D6423F203F,2022-02-16 13:57:18,41.32464683630248,103.95998345642549,1.3677317178815285
kml_1133,Pasir Ris,Land Transport Authority,3D2A7693D33C5027,2022-02-16 13:57:18,9.802769461360892,103.941227540461,1.37497959819758
kml_1134,Pasir Ris,Land Transport Authority,0DB248927E3BAE9E,2022-02-16 13:57:18,23.262873791175164,103.94524435333926,1.3730784158404952
kml_1135,Pasir Ris,Town Council (Others),25B6DC33FF8E7355,2022-02-16 13:57:18,43.8438430504167,103.93682480674077,1.3803390444017616
kml_1136,Sengkang,Land Transport Authority,D9394B636A944CBE,2022-02-16 13:57:18,6.176943570673391,103.895732276057,1.39279909207886
kml_1137,Jurong West,Town Council,DFF3E3EC2EF735B1,2022-02-16 13:57:18,77.72422912581793,103.69613304098141,1.3421781839245528
kml_1138,Pasir Ris,Town Council,A8A3D2E01AE6925D,2022-02-16 13:57:18,91.57615402332331,103.93798798551396,1.3791096876048399
kml_1139,Sengkang,Land Transport Authority,39B89BD769B80619,2022-02-16 13:57:18,20.076543701470523,103.8959445683645,1.392799255529175
kml_1140,Sengkang,Land Transport Authority,8DAF5F885F58049C,2022-02-16 13:57:18,182.90606920681188,103.89621169619166,1.393646037893417
kml_1141,Sengkang,Land Transport Authority,0623B3FA71D71C2E,2022-02-16 13:57:18,18.961477638000495,103.8958309584405,1.392834978210585
kml_1142,Jurong West,Town Council,3B9E0E136B28D3A4,2022-02-16 13:57:18,159.47513043448726,103.6970083536095,1.3459818472045542
kml_1143,Jurong West,Town Council,0CD61E930326B2BF,2022-02-16 13:57:18,404.7231313037101,103.69597311664886,1.3438396728022297
kml_1144,Hougang,Land Transport Authority,94EBEFACD8790796,2022-02-16 13:57:18,74.69692425820543,103.88570667886322,1.3748700639664067
kml_1145,Sembawang,LTA (Others),2AEB50362E3F011C,2022-02-16 13:57:18,2.889351981400443,103.82484022770899,1.4456022656228749
kml_1146,Sembawang,LTA (Others),BA380DDDA5E341DF,2022-02-16 13:57:18,4.654418377995456,103.828351430653,1.442063529403925
kml_1147,Toa Payoh,LTA (Others),7E808F4C595A45FD,2022-02-16 13:57:18,11.050474802134294,103.85395552241951,1.33379684978537
kml_1148,Tampines,LTA (Others),E3D527AA37A03DE6,2022-02-16 13:57:18,39.77659828622534,103.93819028716001,1.3487135294780401
kml_1149,Tampines,LTA (Others),AB3E450E18592D80,2022-02-16 13:57:18,6.634941255977969,103.9375079386755,1.3485952818624098
kml_1150,Tampines,LTA (Others),D067DADFB42EC6B1,2022-02-16 13:57:18,1.8394939088355002,103.9368271263355,1.34860464230499
kml_1151,Tampines,LTA (Others),4E2A4DF94C4376F6,2022-02-16 13:57:18,103.46543552546588,103.93589688092601,1.34897647229975
kml_1152,Tampines,LTA (Others),2F90ED0BA563EE41,2022-02-16 13:57:18,24.842918457272432,103.93248179279601,1.35039428754566
kml_1153,Tampines,LTA (Others),7DB7EA0235A256E4,2022-02-16 13:57:18,8.33496707722611,103.9315940556405,1.350789576616235
kml_1154,Tampines,LTA (Others),2505D30105D311D0,2022-02-16 13:57:18,3.7664925984754856,103.93109394363,1.3510641285433098
kml_1155,Sembawang,Land Transport Authority,74207CCC783A61A1,2022-02-16 13:57:18,27.578885911037354,103.82721154649977,1.4443584117537176
kml_1156,Sembawang,LTA (Others),99743BBED9CC54F3,2022-02-16 13:57:18,7.488822317288124,103.8254053219265,1.44517744600046
kml_1157,Sembawang,LTA (Others),D0F151E2CFC66B67,2022-02-16 13:57:18,43.40975094911458,103.82010885756152,1.4448058693112746
kml_1158,Punggol,LTA (Others),1AA68095F6C7F9F8,2022-02-16 13:57:18,31.041093578270775,103.898727102029,1.4083508581689
kml_1159,Punggol,LTA (Others),ED1AAE23E8A363BA,2022-02-16 13:57:18,7.909581420662674,103.898957801162,1.408759211961495
kml_1160,Punggol,LTA (Others),6712222E23447448,2022-02-16 13:57:18,44.359555492504015,103.89918594642629,1.4091607156286516
kml_1161,Punggol,LTA (Others),BF5DF35F250CC5C0,2022-02-16 13:57:18,6.9958994662093605,103.8994131775755,1.409631144581595
kml_1162,Sembawang,Land Transport Authority,026836B079D3A7B9,2022-02-16 13:57:18,146.6636229193051,103.82799039399559,1.4447525226199187
kml_1163,Punggol,LTA (Others),B2FB85A7333785AD,2022-02-16 13:57:18,8.024191764265316,103.915269434692,1.3936278707054601
kml_1164,Punggol,LTA (Others),5D332C3D26D3DD14,2022-02-16 13:57:18,1.7704250259717562,103.9157470229855,1.394356630471465
kml_1165,Punggol,LTA (Others),62A89DF7D9A62206,2022-02-16 13:57:18,1.50969611434392,103.91592782695199,1.3946160958322
kml_1166,Punggol,LTA (Others),9FD1F9EB499D4027,2022-02-16 13:57:18,2.059367282572062,103.916312115692,1.39520215295651
kml_1167,Hougang,Land Transport Authority,F907BC1DE85C1DC1,2022-02-16 13:57:18,82.18734928008463,103.8873431567224,1.3745688312031332
kml_1168,Tampines,Land Transport Authority,C657FBFC51BF9E7B,2022-02-16 13:57:18,1142.0724173488848,103.93339294128727,1.3468182044606165
kml_1169,Pasir Ris,Town Council,9A8CE580719BC8B8,2022-02-16 13:57:18,52.22979074678619,103.961941816621,1.368881818484355
kml_1170,Pasir Ris,Town Council,8A5CB9F25162D6B2,2022-02-16 13:57:18,18.448034164915875,103.96194307094602,1.36841654406108
kml_1171,Pasir Ris,Town Council,084E3B7E39ACC085,2022-02-16 13:57:18,62.744324247623375,103.96218699415633,1.368077994048966
kml_1172,Pasir Ris,Town Council,098B2131304A0662,2022-02-16 13:57:18,74.28285362972953,103.96270657910495,1.3675384996524016
kml_1173,Pasir Ris,Town Council,68F7DF806C5AB0F8,2022-02-16 13:57:18,84.45977918371898,103.96329167244494,1.3669656014291045
kml_1174,Pasir Ris,Town Council (Others),496D46B55A10E519,2022-02-16 13:57:18,11.696822350763854,103.96298034699699,1.36726564611287
kml_1175,Pasir Ris,Town Council (Others),90B64A8F1F61B442,2022-02-16 13:57:18,17.046565755774015,103.9619515422925,1.368570278814695
kml_1176,Pasir Ris,Town Council (Others),B77D19F99C6BA2A0,2022-02-16 13:57:18,10.438756006397004,103.961946053498,1.36829391286429
kml_1177,Pasir Ris,Town Council (Others),1A4D0C059D398A93,2022-02-16 13:57:18,15.462518240053116,103.96241794713501,1.367817145248345
kml_1178,Pasir Ris,Town Council,4183EE0A3461E931,2022-02-16 13:57:18,25.717629454375754,103.94149024906346,1.3795601921021312
kml_1179,Pasir Ris,LTA (Others),7DDB643543FD1EDF,2022-02-16 13:57:18,10.186670370086008,103.9605494966045,1.37070385264971
kml_1180,Pasir Ris,LTA (Others),660A327C9CE4EF7C,2022-02-16 13:57:18,5.697106904108126,103.960438498343,1.3694867681370753
kml_1181,Pasir Ris,LTA (Others),1139C759B760D311,2022-02-16 13:57:18,2.1299018273505093,103.9579471533435,1.36880087823814
kml_1182,Pasir Ris,LTA (Others),0533184F90F76F6F,2022-02-16 13:57:18,3.2768080689761447,103.95857293541499,1.36854326184904
kml_1183,Pasir Ris,LTA (Others),33E9EA1CFEC693A2,2022-02-16 13:57:18,3.2866024243694976,103.95864791359651,1.368506581954695
kml_1184,Pasir Ris,LTA (Others),3D56958D5E73A563,2022-02-16 13:57:18,2.200251053761933,103.958835919282,1.3684146083842652
kml_1185,Bedok,Land Transport Authority,7358657878E1B10D,2022-02-16 13:57:18,153.18635295161238,103.93299046740731,1.3278240864113928
kml_1186,Bedok,Land Transport Authority,049C90DD8E43BE33,2022-02-16 13:57:18,82.72344117715426,103.93448541191398,1.3279000888461088
kml_1187,Bedok,Land Transport Authority,7848CED705E3B509,2022-02-16 13:57:18,143.7172723629239,103.93475804343893,1.3286082211614172
kml_1188,Bedok,Land Transport Authority,6F5440AD16623398,2022-02-16 13:57:18,140.1168858994446,103.935030492974,1.328274313847515
kml_1189,Bedok,Land Transport Authority,B92E938C51B276CF,2022-02-16 13:57:18,72.9280258551134,103.93453937070251,1.329626002571725
kml_1190,Bedok,Land Transport Authority,5B5478418DBF2C56,2022-02-16 13:57:18,33.1420019193195,103.9344011943985,1.33028281287296
kml_1191,Bedok,Land Transport Authority,727CD48217D78E45,2022-02-16 13:57:18,88.50603359398036,103.93421816763615,1.3309202782011964
kml_1192,Bedok,Land Transport Authority,149C37BFAA07ABEC,2022-02-16 13:57:18,35.65881738274893,103.93479676278659,1.3298775048051297
kml_1193,Bedok,Land Transport Authority,37F32869471B4F98,2022-02-16 13:57:18,27.21128267259635,103.93484652917468,1.32926456322901
kml_1194,Bedok,Land Transport Authority,C05C54EA1D45D9F0,2022-02-16 13:57:18,20.015876613045744,103.93486763175349,1.32905110976479
kml_1195,Bedok,Land Transport Authority,8945E1F087B65C10,2022-02-16 13:57:18,60.57228797929446,103.93532277245049,1.32685280607592
kml_1196,Bedok,Land Transport Authority,57688A7E26C4CBDF,2022-02-16 13:57:18,42.59749489202745,103.935214909742,1.3274032855563949
kml_1197,Bedok,Land Transport Authority,BDD9CA0B12C55760,2022-02-16 13:57:18,7.660875624965412,103.93540218319501,1.32648505977778
kml_1198,Bedok,Land Transport Authority,BF943FB120F93847,2022-02-16 13:57:18,14.943306850171117,103.9354249359215,1.32634292143084
kml_1199,Bedok,Land Transport Authority,7561040F8726E351,2022-02-16 13:57:18,73.3485199733417,103.93566031631829,1.3251917044095582
kml_1200,Bedok,Land Transport Authority,4D38A75EDAB0A85E,2022-02-16 13:57:18,52.23271438149681,103.935530906197,1.325814231748305
kml_1201,Bedok,Land Transport Authority,AA9249686E98E735,2022-02-16 13:57:18,7.626657724266493,103.9355851917255,1.325549130352445
kml_1202,Bedok,Land Transport Authority,D2ED7F67FE6330A4,2022-02-16 13:57:18,73.0648007483443,103.93510275209134,1.324779752073923
kml_1203,Bedok,Land Transport Authority,4CC2122D8FD2D92C,2022-02-16 13:57:18,26.675859654640718,103.93466077456458,1.3247388639405273
kml_1204,Pasir Ris,Town Council (Others),7C118441E88E6282,2022-02-16 13:57:18,50.37587558919205,103.9503496753554,1.3701663896248026
kml_1205,Pasir Ris,Town Council,1332BDA54E57CA70,2022-02-16 13:57:18,50.054127524634225,103.93645373674211,1.3805387120702561
kml_1206,Bedok,Land Transport Authority,F2C0AA326FBC696F,2022-02-16 13:57:18,59.506430111644974,103.94019269653195,1.3278499322774855
kml_1207,Bedok,LTA (Others),34B2B8157D9B70B5,2022-02-16 13:57:18,92.80232964517602,103.92533578670006,1.3326279476085245
kml_1208,Bedok,Land Transport Authority,7519438BD6E0C85D,2022-02-16 13:57:18,104.10964106278672,103.9188336171605,1.327259776533658
kml_1209,Bedok,LTA (Others),02CF48DCD13AA33B,2022-02-16 13:57:18,7.481772795283457,103.93102051527501,1.330911831431145
kml_1210,Bedok,LTA (Others),D8E06D7C8271FFA5,2022-02-16 13:57:18,4.239196318899467,103.93615724731399,1.3303898227895
kml_1211,Bedok,LTA (Others),E0F7550DA484EAEE,2022-02-16 13:57:18,88.33321806847422,103.93662637221934,1.3304156426814417
kml_1212,Bedok,LTA (Others),9A240E183CC26BE8,2022-02-16 13:57:18,8.943764604562627,103.937106960603,1.329672263813725
kml_1213,Bedok,LTA (Others),782FF6F0D3077BAA,2022-02-16 13:57:18,11.462969504182578,103.93737235877299,1.32819820222788
kml_1214,Bedok,LTA (Others),45917E9508DDCF63,2022-02-16 13:57:18,8.210799841168335,103.93746920277749,1.327664882091545
kml_1215,Sengkang,Land Transport Authority,BDF5F00AB3D04C8F,2022-02-16 13:57:18,117.69925103438385,103.8896160981418,1.3944926064676728
kml_1216,Sengkang,Land Transport Authority,1298948DB931FC2B,2022-02-16 13:57:18,56.169567681977114,103.88880222303959,1.3945688932307945
kml_1217,Jurong Lake District - Taman Jurong,Land Transport Authority,8B5A19EE3B011F5D,2022-02-16 13:57:18,85.72472783433713,103.73937592994669,1.3360622990590847
kml_1218,Punggol,LTA (Others),8D1B3312C7039D4A,2022-02-16 13:57:18,47.29821357098239,103.90394955216678,1.4046138906732422
kml_1219,Pasir Ris,Town Council,395E6D354D49F9C4,2022-02-16 13:57:18,43.49024287009722,103.93601685066452,1.3807778300884155
kml_1220,Pasir Ris,Town Council (Others),D1B03688BCFBAB8A,2022-02-16 13:57:18,8.572462472932553,103.9362226329905,1.38066590371366
kml_1221,Pasir Ris,Town Council,DD18A66BDF24CFC7,2022-02-16 13:57:18,46.44845944940082,103.93780104448936,1.3797857304011434
kml_1222,Pasir Ris,Town Council (Others),6A3CF2695887CF34,2022-02-16 13:57:18,4.583002289950685,103.93761149303799,1.37991536376717
kml_1223,Pasir Ris,Town Council,C5D7875BD1E7C31C,2022-02-16 13:57:18,23.62923272795873,103.9376398093915,1.3786170286643
kml_1224,Pasir Ris,Town Council (Others),61262D01BCC46550,2022-02-16 13:57:18,9.645017213883357,103.937554262202,1.378493638020335
kml_1225,Bedok,Land Transport Authority,78FDE057A54B5031,2022-02-16 13:57:18,74.90839310931904,103.9314486125435,1.33099564697278
kml_1226,Bedok,Land Transport Authority,C68ECDCA86393406,2022-02-16 13:57:18,51.987931722204735,103.931996089957,1.3311477553783657
kml_1227,Bedok,Land Transport Authority,FAEDA69E827B6EFD,2022-02-16 13:57:18,55.60595259642683,103.93247048898931,1.331212264307743
kml_1228,Bedok,Land Transport Authority,7C9893ABEE500C07,2022-02-16 13:57:18,118.7596785843109,103.9332501915465,1.33138816951839
kml_1229,Bedok,LTA (Others),8A627C93E5B1B183,2022-02-16 13:57:18,4.217156058190132,103.93378336739451,1.33151941111519
kml_1230,Bedok,Land Transport Authority,0BE99F8DB585662E,2022-02-16 13:57:18,30.057222743482004,103.93392307571578,1.33157353488871
kml_1231,Bedok,Land Transport Authority,6D49D828851604CF,2022-02-16 13:57:18,48.842733373167,103.93472794488456,1.3317507200122736
kml_1232,Bedok,Land Transport Authority,63D6BDAB2B3C64BB,2022-02-16 13:57:18,41.031074909700735,103.93510007546263,1.331875712840333
kml_1233,Bedok,Land Transport Authority,ADB25AB80E28D232,2022-02-16 13:57:18,32.457550776986196,103.935416784507,1.33190743203693
kml_1234,Bedok,Land Transport Authority,207FD71544932A83,2022-02-16 13:57:18,128.56181270797222,103.9362840690323,1.3320837885279668
kml_1235,Bedok,Land Transport Authority,619C1A0E64EC60AA,2022-02-16 13:57:18,37.51822805133194,103.9372411031825,1.33213368302737
kml_1236,Bedok,Land Transport Authority,9BCC04DDC09FD0B2,2022-02-16 13:57:18,84.55305947569578,103.93773735781552,1.3325418408799954
kml_1237,Bedok,Land Transport Authority,FF00036B16701865,2022-02-16 13:57:18,89.50379966975684,103.93815974403478,1.33306836266667
kml_1238,Bedok,Land Transport Authority,73915CCEE5ABDC44,2022-02-16 13:57:18,29.097490366617812,103.93909978148054,1.3332762451878644
kml_1239,Bedok,Land Transport Authority,82663A50B7987107,2022-02-16 13:57:18,37.02267795305986,103.938810792148,1.33323388703263
kml_1240,Bedok,Land Transport Authority,2829C1500D0F0004,2022-02-16 13:57:18,33.5104102901814,103.9271026018485,1.33323730158688
kml_1241,Bedok,Land Transport Authority,A142A06AE02CBA87,2022-02-16 13:57:18,24.384602222531328,103.92677814193466,1.3331386898132367
kml_1242,Bedok,Land Transport Authority,522A3DCD7FA3EE2E,2022-02-16 13:57:18,32.96585844889557,103.927423873748,1.333333244916025
kml_1243,Bedok,Land Transport Authority,1F0BA1872507D3E2,2022-02-16 13:57:18,55.167584871466666,103.92779639607801,1.3334626969455199
kml_1244,Hougang,LTA (Others),F114E9AB4B990817,2022-02-16 13:57:18,30.006278879316167,103.892521341155,1.379647485185615
kml_1245,Hougang,Land Transport Authority,FB43C950C3A15345,2022-02-16 13:57:18,79.53322176452755,103.89260584926421,1.373562389862511
kml_1246,Hougang,Land Transport Authority,C14889D89A9F5C6C,2022-02-16 13:57:18,48.3093129122426,103.8926269503365,1.3742037377732053
kml_1247,Hougang,Land Transport Authority,4A6E69CA33BACF9C,2022-02-16 13:57:18,75.8624520782506,103.892641508545,1.37531445663429
kml_1248,Hougang,Land Transport Authority,74BF5F443F7C07CE,2022-02-16 13:57:18,90.95558188041146,103.89262038080798,1.376132015253704
kml_1249,Hougang,Land Transport Authority,4ACD03FBF38BEAE9,2022-02-16 13:57:18,54.47491069273413,103.89264999197287,1.3771971325426067
kml_1250,Hougang,Land Transport Authority,50205E2E66003C2F,2022-02-16 13:57:18,74.37994197694924,103.89267428627738,1.3777781076888356
kml_1251,Jurong Lake District - Taman Jurong,Land Transport Authority,BBD4D546F9B11209,2022-02-16 13:57:18,28.55247303762717,103.72377503055199,1.337985785560315
kml_1252,Jurong Lake District - Taman Jurong,Land Transport Authority,3003772546C1D266,2022-02-16 13:57:18,94.42160134740533,103.7223258519275,1.33706393913531
kml_1253,Tampines,Land Transport Authority,E127BC0FAA39EC5F,2022-02-16 13:57:18,93.6491141025539,103.94150953083745,1.359096250436843
kml_1254,Tampines,Land Transport Authority,D49405598507C7B6,2022-02-16 13:57:18,2.248838827913059,103.941043785321,1.359046326068135
kml_1255,Tampines,Land Transport Authority,B7B6486F3ABCA189,2022-02-16 13:57:18,24.319636551705386,103.94087805612386,1.3589831175465754
kml_1256,Tampines,Land Transport Authority,F45B60F91A64B3B3,2022-02-16 13:57:18,4.995057569853907,103.9407325876705,1.3588946458189297
kml_1257,Tampines,Land Transport Authority,F4C0932B761C166E,2022-02-16 13:57:18,82.87869438204515,103.94038569466326,1.3585854083978943
kml_1258,Tampines,Land Transport Authority,27B3221FAC1F851C,2022-02-16 13:57:18,136.0890916000043,103.94075567135856,1.357602006436892
kml_1259,Tampines,Land Transport Authority,5CBBD9D9F308E655,2022-02-16 13:57:18,57.75869783747915,103.94139969499801,1.356919034069115
kml_1260,Yishun,Land Transport Authority,B08AD155683DD470,2022-02-16 13:57:18,4.777921666444706,103.83570323658053,1.4305218469593404
kml_1261,Sembawang,Land Transport Authority,A1296D0DE6FD7D26,2022-02-16 13:57:18,67.54452657825212,103.81962315944277,1.4556745514468277
kml_1262,Sembawang,Land Transport Authority,BBF226A56E6627FE,2022-02-16 13:57:18,46.102599809013284,103.82194564605432,1.4499721937599976
kml_1263,Sembawang,Land Transport Authority,9D741E12B37F635C,2022-02-16 13:57:18,17.457434547744043,103.818545475556,1.45106280525922
kml_1264,Sengkang,Land Transport Authority,27F52C4A763A51F0,2022-02-16 13:57:18,100.95754834098767,103.89530483996575,1.3929925468414845
kml_1265,Sembawang,Land Transport Authority,2A547F39407E2CA4,2022-02-16 13:57:18,18.517970062933315,103.82402380745785,1.4498039048057265
kml_1266,Sembawang,Land Transport Authority,D60A6ADA862EA022,2022-02-16 13:57:18,24.273993806072617,103.81822094693167,1.4509122032486246
kml_1267,Sembawang,Land Transport Authority,25CF1760A7A25A02,2022-02-16 13:57:18,17.327428360248728,103.81935142356613,1.4514548317377318
kml_1268,Yishun,Land Transport Authority,A69CA26C82408086,2022-02-16 13:57:18,42.22744550724089,103.83106801600823,1.4142537188991249
kml_1269,Yishun,Land Transport Authority,C14F9A69D3C81F4C,2022-02-16 13:57:18,7.574034698524188,103.83155554920299,1.414168296929525
kml_1270,Yishun,Land Transport Authority,D7C31565984E5852,2022-02-16 13:57:18,46.16812979740042,103.8306294133285,1.414416655161
kml_1271,Yishun,LTA (Others),39D7511D73C7B22E,2022-02-16 13:57:18,7.848726695620867,103.8308577035545,1.414333760069785
kml_1272,Yishun,Land Transport Authority,1F50224117334106,2022-02-16 13:57:18,33.271711145736376,103.83140930875365,1.41411466415953
kml_1273,Bishan,Land Transport Authority,EA47DCD913403990,2022-02-16 13:57:18,64.58727633078684,103.8518770887105,1.3508773699942729
kml_1274,Bishan,Land Transport Authority,EDE57BC1AFC1E257,2022-02-16 13:57:18,11.007016357080225,103.85220831146117,1.3508115486613546
kml_1275,Bishan,Land Transport Authority,916F3549D8FF4C5F,2022-02-16 13:57:18,26.042928377402475,103.85235439831895,1.3507781357167525
kml_1276,Bishan,Land Transport Authority,84B1C8497CC5C5D8,2022-02-16 13:57:18,108.94583758491869,103.85291106722741,1.350609066408502
kml_1277,Bishan,LTA (Others),804DA8B63F3714F9,2022-02-16 13:57:18,7.471319422265077,103.8493092081605,1.351293097801805
kml_1278,Bishan,Land Transport Authority,5012C05FC6886721,2022-02-16 13:57:18,71.051567793819,103.85347451551249,1.350072396751555
kml_1279,Bishan,LTA (Others),9ED32434885598B9,2022-02-16 13:57:18,14.302900287122961,103.851526568722,1.35089890449221
kml_1280,Bedok,LTA (Others),4456F24326DF149C,2022-02-16 13:57:18,70.76710874091044,103.939901375001,1.327692997525355
kml_1281,Bedok,LTA (Others),BD803370B5F20D9C,2022-02-16 13:57:18,7.036648761586866,103.9266429633615,1.33309850571911
kml_1282,Bedok,LTA (Others),266EAB01D41A01C7,2022-02-16 13:57:18,9.036822302384005,103.926921640317,1.333176537563625
kml_1283,Bedok,LTA (Others),C34CFC02196EEBFB,2022-02-16 13:57:18,4.056859468358529,103.92726439088051,1.3332856901284948
kml_1284,Bedok,LTA (Others),7404D8D3E547964F,2022-02-16 13:57:18,2.1451006975896205,103.92756208479798,1.333384506149405
kml_1285,Bedok,LTA (Others),5DD4C238281C0910,2022-02-16 13:57:18,10.356956761257397,103.9280777942455,1.33354914230339
kml_1286,Bishan,LTA (Others),F63E0CDF15D0132C,2022-02-16 13:57:18,6.045783465067966,103.85145330504949,1.35329418779729
kml_1287,Bishan,Land Transport Authority,DB6CF41AB340756B,2022-02-16 13:57:18,4.681500621351491,103.851500124653,1.353282937604415
kml_1288,Bishan,LTA (Others),287A08086A9142FF,2022-02-16 13:57:18,6.4107399954816,103.8515479227705,1.353268744149275
kml_1289,Bishan,Land Transport Authority,94F57A97DAC6F1F9,2022-02-16 13:57:18,11.027127832208675,103.8516215756305,1.3532421172956697
kml_1290,Bishan,LTA (Others),8C9E1F43E7BB2375,2022-02-16 13:57:18,4.439678708332308,103.85168569606951,1.3532152092557501
kml_1291,Bishan,Land Transport Authority,5C74F88269F8335C,2022-02-16 13:57:18,49.056729082451255,103.85189188408498,1.3530940909614473
kml_1292,Bishan,Land Transport Authority,028B6A3684A27E0D,2022-02-16 13:57:18,11.066204979414689,103.85252621904898,1.35238573011525
kml_1293,Bishan,LTA (Others),CAEE40D9CE048FA9,2022-02-16 13:57:18,7.913559821887659,103.8520931981665,1.352936324114415
kml_1294,Bishan,Land Transport Authority,853331A5CC93946C,2022-02-16 13:57:18,8.742446050616051,103.852149651421,1.352886959397785
kml_1295,Bishan,Land Transport Authority,3C3DFE9ACF2C6ECC,2022-02-16 13:57:18,60.2264507693445,103.85235604662775,1.352656032997079
kml_1296,Bishan,LTA (Others),2855D3F8D1560F0A,2022-02-16 13:57:18,7.717866973875747,103.852558508774,1.352307340006955
kml_1297,Bishan,Land Transport Authority,D3CD1EBB55ED2C9A,2022-02-16 13:57:18,12.988061666853383,103.85258483854548,1.3522176816878193
kml_1298,Bishan,Land Transport Authority,E5E6ACE7E87AC60F,2022-02-16 13:57:18,129.9236238570523,103.85257335567191,1.3515800293911768
kml_1299,Bishan,Land Transport Authority,4A735399B3B1FEAD,2022-02-16 13:57:18,6.297333973824941,103.85246699760474,1.3509765707825498
kml_1300,Bishan,Land Transport Authority,4E55D443E7EEB2DD,2022-02-16 13:57:18,16.808660436763738,103.8492029235375,1.35131781704169
kml_1301,Bishan,Land Transport Authority,2F3990336FBA4216,2022-02-16 13:57:18,113.2800606934361,103.84863687874375,1.3514358530041353
kml_1302,Jurong Lake District - Taman Jurong,Land Transport Authority,1534B32D96E0611C,2022-02-16 13:57:18,39.64725886522861,103.71759983997462,1.3482578208413658
kml_1303,Jurong Lake District - Taman Jurong,LTA (Others),434C038AFD206278,2022-02-16 13:57:18,26.2809971266706,103.71759626937491,1.3479607762617107
kml_1304,Jurong Lake District - Taman Jurong,Land Transport Authority,840AD9671DF5A33D,2022-02-16 13:57:18,173.74248705430315,103.7174522031695,1.3495749826775785
kml_1305,Jurong Lake District - Taman Jurong,LTA (Others),B6D72262D124CD6F,2022-02-16 13:57:18,42.017029661726355,103.71761684156851,1.3486256290348668
kml_1306,Jurong Lake District - Taman Jurong,Land Transport Authority,56F4F344997726B3,2022-02-16 13:57:18,81.4225214507456,103.73607385164716,1.3425877606594212
kml_1307,Jurong Lake District - Taman Jurong,Land Transport Authority,22DC916B87D9D5BF,2022-02-16 13:57:18,54.64504895768739,103.74375398355453,1.340813876520383
kml_1308,Jurong Lake District - Taman Jurong,Land Transport Authority,F57ECAA8D2487B89,2022-02-16 13:57:18,19.194343810140666,103.74412627141962,1.3405879224393815
kml_1309,Jurong Lake District - Taman Jurong,Land Transport Authority,92173FCB33E34D0B,2022-02-16 13:57:18,132.3010158350204,103.74513555713503,1.3399061332773525
kml_1310,Jurong Lake District - Taman Jurong,Land Transport Authority,2A95A6A58D06ADB4,2022-02-16 13:57:18,9.727061197682115,103.747107874467,1.33891534276091
kml_1311,Jurong Lake District - Taman Jurong,Land Transport Authority,C1B3A19658F90F55,2022-02-16 13:57:18,24.258005510920356,103.74588216520864,1.339358566180716
kml_1312,Jurong Lake District - Taman Jurong,Land Transport Authority,C659D81856E74A1B,2022-02-16 13:57:18,6.387696436195255,103.746999558515,1.3389334076555102
kml_1313,Jurong Lake District - Taman Jurong,Land Transport Authority,E23BEB25E1BDC344,2022-02-16 13:57:18,4.1882154457567,103.74704680217101,1.3389284181472152
kml_1314,Yishun,Land Transport Authority,4FA4A17BEEBB8457,2022-02-16 13:57:18,5.950402707082819,103.83857922532096,1.4181708547931666
kml_1315,Yishun,Land Transport Authority,496F410A12B4F1EA,2022-02-16 13:57:18,11.373458835872771,103.835192329549,1.4147649699685354
kml_1316,Sembawang,Land Transport Authority,70277C6CB1047446,2022-02-16 13:57:18,170.4021462525856,103.82563590329447,1.448878613115317
kml_1317,Sembawang,Land Transport Authority,0EA7487E75BA68F9,2022-02-16 13:57:18,67.33039087897554,103.81840996527754,1.4566027630720173
kml_1318,Yishun,Land Transport Authority,FFAF6F10BCC1251A,2022-02-16 13:57:18,41.473011229546195,103.83611842718399,1.430508141301115
kml_1319,Yishun,Land Transport Authority,E92465B10F8BB2B3,2022-02-16 13:57:18,31.164907787735572,103.83751221695408,1.4262129946235007
kml_1320,Yishun,Land Transport Authority,901A66F87F97DD68,2022-02-16 13:57:18,18.134366605164104,103.836634140282,1.430489971497865
kml_1321,Sembawang,Land Transport Authority,6FBA25556F7CF9FA,2022-02-16 13:57:18,6.146255610021709,103.8180195736035,1.456053335572935
kml_1322,Yishun,Land Transport Authority,A56FD4EB9A322B78,2022-02-16 13:57:18,32.19382347261279,103.83700121858351,1.41752584752905
kml_1323,Yishun,Land Transport Authority,3AD996808DF58B3F,2022-02-16 13:57:18,49.21123107892281,103.84465717454277,1.4307135921895349
kml_1324,Yishun,Land Transport Authority,253DE849704F7302,2022-02-16 13:57:18,24.105881218067804,103.8461149149105,1.4278065188290299
kml_1325,Sembawang,Land Transport Authority,4B465393CF904D30,2022-02-16 13:57:18,205.62135257484417,103.82191819400111,1.4484800788396803
kml_1326,Sembawang,Land Transport Authority,3596FC0EA304B0C2,2022-02-16 13:57:18,80.94642128203998,103.82462688947473,1.4494988478774609
kml_1327,Yishun,LTA (Others),C58726ED95953948,2022-02-16 13:57:18,15.07154540990207,103.83525950221551,1.4149036794457301
kml_1328,Kallang,Land Transport Authority,FCF2CBF1C76CDFE9,2022-02-16 13:57:18,41.148890934897,103.8685372198808,1.3324231054554307
kml_1329,Jurong Lake District - Taman Jurong,LTA (Others),7296EA7D5120482A,2022-02-16 13:57:18,21.32323472165348,103.7222668130845,1.33508408591805
kml_1330,Jurong Lake District - Taman Jurong,LTA (Others),7296EA7D5120482A,2022-02-16 13:57:18,21.32323472165348,103.7222668130845,1.33508408591805
kml_1331,Jurong Lake District - Taman Jurong,LTA (Others),BBB77D43331E7DBA,2022-02-16 13:57:18,17.74304925007641,103.72172261378749,1.3366210632560849
kml_1332,Jurong Lake District - Taman Jurong,LTA (Others),BBB77D43331E7DBA,2022-02-16 13:57:18,17.74304925007641,103.72172261378749,1.3366210632560849
kml_1333,Jurong Lake District - Taman Jurong,LTA (Others),2A251082553E56A6,2022-02-16 13:57:18,38.762008257292166,103.72103734966628,1.337719805232525
kml_1334,Jurong Lake District - Taman Jurong,Land Transport Authority,672EED1C26123C9D,2022-02-16 13:57:18,11.454706719016425,103.73859329670941,1.3406506387076442
kml_1335,Jurong Lake District - Taman Jurong,Land Transport Authority,2456B6B52F7F0D3F,2022-02-16 13:57:18,12.886740201167026,103.73859095609271,1.3405406542243234
kml_1336,Jurong Lake District - Taman Jurong,Land Transport Authority,4DC2C039B2ADE9A2,2022-02-16 13:57:18,9.75834811274047,103.72050967406201,1.349279981642555
kml_1337,Jurong Lake District - Taman Jurong,Land Transport Authority,863179B88086C836,2022-02-16 13:57:18,14.939670318846183,103.74286629531,1.34125226513731
kml_1338,Pasir Ris,Town Council,80308B1E9EC7EC83,2022-02-16 13:57:18,75.10269686707235,103.9372963491996,1.3800859864273274
kml_1339,Pasir Ris,Town Council,58555952513EE25F,2022-02-16 13:57:18,30.71744878825295,103.937450491743,1.378343961965095
kml_1340,Pasir Ris,Town Council,E633B45F39B85B9F,2022-02-16 13:57:18,54.22984406521334,103.960851466812,1.36921654980651
kml_1341,Pasir Ris,Town Council,166C850B71CFF374,2022-02-16 13:57:18,23.87042854782768,103.961710626785,1.3691318645895216
kml_1342,Pasir Ris,Town Council,34345B277942C20D,2022-02-16 13:57:18,18.81079555218134,103.9407749292255,1.380108957830695
kml_1343,Tampines,LTA (Others),3D7009E041DCADED,2022-02-16 13:57:18,2.6735735900809954,103.93866445683051,1.3511755193084851
kml_1344,Tampines,LTA (Others),F1E1B7C3D26BF9C1,2022-02-16 13:57:18,11.248630634380154,103.93825468626301,1.350498988236275
kml_1345,Tampines,LTA (Others),9D638656DDB0BDCC,2022-02-16 13:57:18,1.6750536829013343,103.938383031918,1.350834839074305
kml_1346,Tampines,LTA (Others),C4B281994BAEA2D0,2022-02-16 13:57:18,1.7658672785159721,103.9395013666225,1.351558381747365
kml_1347,Tampines,LTA (Others),3A8762640304036E,2022-02-16 13:57:18,3.330639339293641,103.939657220361,1.351567535177945
kml_1348,Tampines,LTA (Others),3AD84762FD78ED05,2022-02-16 13:57:18,22.11930994260342,103.939088119895,1.355627545308045
kml_1349,Tampines,LTA (Others),3886DFB41E596B26,2022-02-16 13:57:18,1.7500000922440107,103.940499442779,1.351572579543125
kml_1350,Tampines,LTA (Others),25DA9D971F88F323,2022-02-16 13:57:18,1.9297622329396307,103.9407634979045,1.35157475093586
kml_1351,Tampines,LTA (Others),8AF3B98CF538D292,2022-02-16 13:57:18,1.7194420366367367,103.9413126637305,1.3508470973627449
kml_1352,Tampines,LTA (Others),8F15E006FAA706A7,2022-02-16 13:57:18,1.6545648619619373,103.941336142321,1.3505230396025398
kml_1353,Tampines,LTA (Others),B721264D1047D595,2022-02-16 13:57:18,1.6628721823911878,103.9413972536705,1.350079332053615
kml_1354,Tampines,LTA (Others),2F623D35E02D4830,2022-02-16 13:57:18,21.082670748144665,103.94145659081249,1.349788629658365
kml_1355,Tampines,LTA (Others),A554F7C8AD7A3699,2022-02-16 13:57:18,1.629359370624935,103.94142449291749,1.34993250662733
kml_1356,Tampines,LTA (Others),199EAAD58289875C,2022-02-16 13:57:18,1.4761244732284229,103.941511839158,1.34955141236669
kml_1357,Tampines,LTA (Others),882A3771FF4C433E,2022-02-16 13:57:18,37.50662526508957,103.94154587592851,1.35155632169083
kml_1358,Tampines,LTA (Others),B60DEFFC2BA8F60D,2022-02-16 13:57:18,1.6895701618672254,103.9422907929645,1.351580340615585
kml_1359,Tampines,LTA (Others),41F60AB0660FDC51,2022-02-16 13:57:18,1.7133414521405403,103.942473974007,1.3515847894908801
kml_1360,Tampines,LTA (Others),392E53827942FE14,2022-02-16 13:57:18,1.746200012457848,103.9429068203175,1.3515853776101299
kml_1361,Tampines,LTA (Others),FD65F448556D11C2,2022-02-16 13:57:18,1.7461999170845957,103.943201921596,1.35158657875358
kml_1362,Novena,LTA (Others),C50AE20981F49408,2022-02-16 13:57:18,6.515387106043381,103.8258505002235,1.3215111114724851
kml_1363,Novena,LTA (Others),9A453467523878D7,2022-02-16 13:57:18,5.010876339237254,103.8264257987885,1.3230584710912
kml_1364,Novena,LTA (Others),6E7AFBB7F460424A,2022-02-16 13:57:18,6.459056113475377,103.8266137221235,1.3234250892739299
kml_1365,Novena,Land Transport Authority,085FE39D6DA7EB22,2022-02-16 13:57:18,39.83969301016673,103.82579686625179,1.3213099891277733
kml_1366,Novena,Land Transport Authority,E0A911D954323F94,2022-02-16 13:57:18,31.671089871559854,103.82589030099234,1.3216787863100812
kml_1367,Novena,Land Transport Authority,A754A8ADBC0F463F,2022-02-16 13:57:18,119.36065630590674,103.82611983340676,1.3223197267502678
kml_1368,Novena,Land Transport Authority,FB31CC9FA173D462,2022-02-16 13:57:18,26.532001682001013,103.82636643818249,1.3229296467512184
kml_1369,Novena,Land Transport Authority,53FEC2E509F6A937,2022-02-16 13:57:18,39.944078235887986,103.826515690013,1.3232399090413
kml_1370,Novena,Land Transport Authority,840EEF7412F955AE,2022-02-16 13:57:18,62.402691076730925,103.82675435596047,1.3237023542442878
kml_1371,Bukit Panjang,LTA (Others),07A92B2D4BD73BDD,2022-02-16 13:57:18,11.78628001305037,103.76374404928501,1.37777430708416
kml_1372,Bukit Panjang,Land Transport Authority,8F3BE99157B002AA,2022-02-16 13:57:18,23.807787648559017,103.76299075247591,1.3775623900825715
kml_1373,Jurong Lake District - Taman Jurong,Land Transport Authority,2614086F3F866884,2022-02-16 13:57:18,147.67720696153242,103.71517677925344,1.349300493223855
kml_1374,Jurong Lake District - Taman Jurong,Land Transport Authority,6A59FDE13F02395E,2022-02-16 13:57:18,55.87124611080844,103.71695719918883,1.3502841589694907
kml_1375,Jurong Lake District - Taman Jurong,LTA (Others),B0FD3C291EF6DC95,2022-02-16 13:57:18,50.601969117998564,103.71652532209407,1.3500876302378368
kml_1376,Jurong Lake District - Taman Jurong,Land Transport Authority,D003E4DE9F8DEC22,2022-02-16 13:57:18,66.79143596224469,103.7160443862523,1.3498754022333144
kml_1377,Pasir Ris,Town Council,6E95A3EAC3F59641,2022-02-16 13:57:18,50.29487999757525,103.94117360161268,1.3798044500697249
kml_1378,Jurong Lake District - Taman Jurong,LTA (Others),93E17A09525555BC,2022-02-16 13:57:18,30.212232599786635,103.7172424653415,1.3503922304535299
kml_1379,Jurong Lake District - Taman Jurong,Land Transport Authority,7F1FB006DE465A24,2022-02-16 13:57:18,70.30803001099494,103.71920608737669,1.3504422985287245
kml_1380,Jurong Lake District - Taman Jurong,Land Transport Authority,28549A8E807402CF,2022-02-16 13:57:18,47.646958322979074,103.71963492407936,1.3492874699900508
kml_1381,Clementi,Land Transport Authority,408B9CBC6F466FFA,2022-02-16 13:57:18,26.249338737979503,103.767482841902,1.320760834587315
kml_1382,Clementi,LTA (Others),352B3A741A989BFC,2022-02-16 13:57:18,39.83862732105141,103.76594303568498,1.3180309562016301
kml_1383,Ang Mo Kio,Land Transport Authority,5CE98C72B7062F12,2022-02-16 13:57:18,74.77413480224972,103.841041525147,1.3670428313130198
kml_1384,Ang Mo Kio,Land Transport Authority,4B2ABA47F82CA3D0,2022-02-16 13:57:18,4.764551116389488,103.841379051665,1.366924710294285
kml_1385,Ang Mo Kio,LTA (Others),8575BA6F6B92866A,2022-02-16 13:57:18,8.525398585499232,103.8414349839375,1.3669036750434298
kml_1386,Ang Mo Kio,Land Transport Authority,B3BEDA9A44BF13E2,2022-02-16 13:57:18,43.86173779335654,103.8416571463775,1.36682547750833
kml_1387,Ang Mo Kio,LTA (Others),5FF29AE5175FFF44,2022-02-16 13:57:18,7.744720191336519,103.84187616337701,1.36674889969433
kml_1388,Ang Mo Kio,Land Transport Authority,DFAF2680D0F94DED,2022-02-16 13:57:18,42.422738020123816,103.84209614213113,1.3667053761079735
kml_1389,Ang Mo Kio,LTA (Others),27253DB0DD170E1E,2022-02-16 13:57:18,9.796970959521921,103.8423297357385,1.366691481746935
kml_1390,Ang Mo Kio,Land Transport Authority,DC7E603994E78C2A,2022-02-16 13:57:18,47.388106869545005,103.8425748319461,1.3667605465478219
kml_1391,Ang Mo Kio,LTA (Others),AE77ADE932309225,2022-02-16 13:57:18,10.690867811506457,103.842804473492,1.3668803912120402
kml_1392,Ang Mo Kio,Land Transport Authority,2CA24021CE664F11,2022-02-16 13:57:18,68.65124941869873,103.8430607532257,1.3671275269900973
kml_1393,Ang Mo Kio,Land Transport Authority,E71416DB39B8639F,2022-02-16 13:57:18,11.16472879514377,103.84330014431364,1.3673945880081337
kml_1394,Ang Mo Kio,Land Transport Authority,2F13F993A37DE503,2022-02-16 13:57:18,58.9539018512796,103.83729663574792,1.3661374286982835
kml_1395,Ang Mo Kio,Land Transport Authority,A79CE050F57BCF91,2022-02-16 13:57:18,35.016139148457206,103.84401978574749,1.368920219971035
kml_1396,Ang Mo Kio,LTA (Others),09C6C3AE2F464E70,2022-02-16 13:57:18,15.965580175105991,103.84338392557,1.367483226323055
kml_1397,Ang Mo Kio,Land Transport Authority,F2CC98FEDC9DF4C5,2022-02-16 13:57:18,7.542183378410777,103.8370918059055,1.3662723378066302
kml_1398,Ang Mo Kio,LTA (Others),5F01A3D9BE4B79C4,2022-02-16 13:57:18,3.4733350342960247,103.8371085413775,1.36631920103454
kml_1399,Ang Mo Kio,LTA (Others),FDA62A8D51A08A08,2022-02-16 13:57:18,10.336480633512274,103.84392947282251,1.3683290315657048
kml_1400,Ang Mo Kio,Land Transport Authority,FDC23183D2B9CFBD,2022-02-16 13:57:18,15.638618888396133,103.84348219558086,1.367586136288268
kml_1401,Ang Mo Kio,Land Transport Authority,18619D01F0E3DBFA,2022-02-16 13:57:18,77.05044027440532,103.8437345355622,1.3679180189129407
kml_1402,Ang Mo Kio,Land Transport Authority,25E0F6C6510A1C80,2022-02-16 13:57:18,7.3860479349594925,103.843906080919,1.3682526341402248
kml_1403,Ang Mo Kio,Land Transport Authority,6FBCE60A1AF82D15,2022-02-16 13:57:18,31.565028804399297,103.843971038778,1.368513251289085
kml_1404,Ang Mo Kio,LTA (Others),00714995D35C0856,2022-02-16 13:57:18,12.089441233626468,103.8439993409945,1.3687082764156
kml_1405,Ang Mo Kio,Land Transport Authority,1771DF8EF834B92A,2022-02-16 13:57:18,11.909769619771932,103.8366905406007,1.3709209487774343
kml_1406,Ang Mo Kio,Land Transport Authority,5A2F52ADA8D6EAFC,2022-02-16 13:57:18,96.11334303122557,103.83703000629244,1.370037903917534
kml_1407,Ang Mo Kio,Land Transport Authority,6B5DCDA9FA9FA069,2022-02-16 13:57:18,23.742791343509772,103.83672097589329,1.370766936029948
kml_1408,Jurong Lake District - Taman Jurong,LTA (Others),23FC87C61F241F12,2022-02-16 13:57:18,1.7782044829401025,103.742933936871,1.34121940263622
kml_1409,Jurong Lake District - Taman Jurong,Land Transport Authority,A7F145799C5F5ACD,2022-02-16 13:57:18,10.680380175002037,103.74455396383921,1.3403280404773659
kml_1410,Jurong Lake District - Taman Jurong,Land Transport Authority,A8FAE2A5E0D1B55D,2022-02-16 13:57:18,29.23541586376824,103.7266314460186,1.3497932176287715
kml_1411,Jurong Lake District - Taman Jurong,Land Transport Authority,9F8ADBF337D17219,2022-02-16 13:57:18,38.11708501607337,103.72760990627431,1.3497792082230653
kml_1412,Jurong Lake District - Taman Jurong,Land Transport Authority,AF4C0A9A7223C717,2022-02-16 13:57:18,36.62487213417135,103.73031159560614,1.349517924010694
kml_1413,Jurong Lake District - Taman Jurong,LTA (Others),A1929EAEEF533ACB,2022-02-16 13:57:18,189.1352186900046,103.728630265606,1.34980973057993
kml_1414,Jurong Lake District - Taman Jurong,Land Transport Authority,D794CCA8A009F60A,2022-02-16 13:57:18,5.862784836526811,103.730977571111,1.34888295417967
kml_1415,Jurong Lake District - Taman Jurong,LTA (Others),EF39A6C49FAFA55E,2022-02-16 13:57:18,1.4916003966529692,103.7228499270305,1.35085942812508
kml_1416,Jurong Lake District - Taman Jurong,Land Transport Authority,7A6619052E5E6628,2022-02-16 13:57:18,16.278517498325893,103.722771274406,1.3508732205776801
kml_1417,Jurong Lake District - Taman Jurong,LTA (Others),EC636F6F276D478A,2022-02-16 13:57:18,2.137159298581875,103.72268970324751,1.35088712548926
kml_1418,Jurong Lake District - Taman Jurong,Land Transport Authority,BE77A8CBC6C181F6,2022-02-16 13:57:18,8.016317748957476,103.722561585444,1.350906585570835
kml_1419,Jurong Lake District - Taman Jurong,LTA (Others),F1703BAB5372894B,2022-02-16 13:57:18,1.2922106871993126,103.72252036675049,1.350913684736035
kml_1420,Jurong Lake District - Taman Jurong,Land Transport Authority,35ED463BC6717F68,2022-02-16 13:57:18,25.150634910944483,103.72240251476,1.3509287781100299
kml_1421,Jurong Lake District - Taman Jurong,LTA (Others),31C8C9E8857390A9,2022-02-16 13:57:18,1.5861717613612831,103.72228332840702,1.350943839317205
kml_1422,Jurong Lake District - Taman Jurong,Land Transport Authority,7C23ECA449734D36,2022-02-16 13:57:18,157.4050938395005,103.72004894771223,1.3508938693310972
kml_1423,Jurong Lake District - Taman Jurong,LTA (Others),7399BB03CB2A70E3,2022-02-16 13:57:18,40.48168688725703,103.720931653557,1.35099269374552
kml_1424,Jurong Lake District - Taman Jurong,Land Transport Authority,6933E13898223D7B,2022-02-16 13:57:18,44.54298393294248,103.7195187459975,1.35285084360595
kml_1425,Jurong Lake District - Taman Jurong,Land Transport Authority,A9A14D17569BC40B,2022-02-16 13:57:18,48.57404511955305,103.72060467648049,1.35300746285404
kml_1426,Jurong Lake District - Taman Jurong,Land Transport Authority,E2A4374A9FD687BB,2022-02-16 13:57:18,84.51506692689085,103.72129426667844,1.3530522544876296
kml_1427,Jurong Lake District - Taman Jurong,Land Transport Authority,C1E1687F4F480A56,2022-02-16 13:57:18,9.582600723463,103.72198420684217,1.3530491611098256
kml_1428,Jurong Lake District - Taman Jurong,Land Transport Authority,1C59A2AC7B35C0DD,2022-02-16 13:57:18,61.84702266382615,103.72426886900197,1.3526597272513368
kml_1429,Jurong Lake District - Taman Jurong,LTA (Others),70F46A19E4056C1E,2022-02-16 13:57:18,81.29764666483528,103.73070690499122,1.3491666706109742
kml_1430,Jurong Lake District - Taman Jurong,Land Transport Authority,0F9C07051B75FD97,2022-02-16 13:57:18,35.90119628293338,103.73863081437379,1.3426844725705371
kml_1431,Jurong Lake District - Taman Jurong,LTA (Others),30C5A6B86BDFAF0A,2022-02-16 13:57:18,1.988455398969966,103.73871382832351,1.34283404149554
kml_1432,Jurong Lake District - Taman Jurong,Land Transport Authority,038644AB215F2298,2022-02-16 13:57:18,15.23074442181958,103.738751370205,1.3429021211619299
kml_1433,Jurong Lake District - Taman Jurong,LTA (Others),F44780ED9EF677CA,2022-02-16 13:57:18,2.28438739733378,103.73879298308448,1.3429682651971149
kml_1434,Jurong Lake District - Taman Jurong,Land Transport Authority,F9927AF198428743,2022-02-16 13:57:18,42.02857189195086,103.73889302161949,1.343140359918525
kml_1435,Jurong Lake District - Taman Jurong,LTA (Others),52BDED8F079FFDF3,2022-02-16 13:57:18,10.39825050468742,103.73900849563348,1.3433469634797301
kml_1436,Jurong Lake District - Taman Jurong,Land Transport Authority,97A715918C06A2B0,2022-02-16 13:57:18,36.55353167450866,103.73936232598449,1.3435045051175658
kml_1437,Jurong Lake District - Taman Jurong,Land Transport Authority,05640FDFF27C2077,2022-02-16 13:57:18,42.258729715481294,103.74045364939948,1.34353056468193
kml_1438,Jurong Lake District - Taman Jurong,LTA (Others),D453AB7CAA9FB6EF,2022-02-16 13:57:18,9.622884255656949,103.73962322390699,1.343512239319465
kml_1439,Jurong Lake District - Taman Jurong,Land Transport Authority,263D2EAF8B829238,2022-02-16 13:57:18,19.493011494396036,103.7391073152489,1.3434326308444318
kml_1440,Jurong Lake District - Taman Jurong,Land Transport Authority,89A65FAABE9C8DAD,2022-02-16 13:57:18,8.704722208207992,103.7444093078955,1.3355292882550849
kml_1441,Pasir Ris,LTA (Others),80B1D9D1A5356E2B,2022-02-16 13:57:18,3.39109576442352,103.9615259432575,1.36467002929646
kml_1442,Pasir Ris,Land Transport Authority,6608CBB7C0CCC1F8,2022-02-16 13:57:18,10.198410246219526,103.96148387722151,1.36462550799928
kml_1443,Ang Mo Kio,Land Transport Authority,2FE723C28CB60DF5,2022-02-16 13:57:18,8.016105151206661,103.84069041901199,1.367166378101465
kml_1444,Central,Land Transport Authority,D1F69A5CEAFF4EAD,2022-02-16 13:57:18,20.5781256754943,103.85028697707897,1.2850236300764852
kml_1445,Central,Land Transport Authority,441802174CA4DB35,2022-02-16 13:57:18,38.16851137385076,103.8504835820325,1.28482283836714
kml_1446,Central,Land Transport Authority,26E611096B15A287,2022-02-16 13:57:18,90.9754593341732,103.8498785765959,1.2836526391203045
kml_1447,Central,Land Transport Authority,52D141D16F57B3A5,2022-02-16 13:57:18,21.299919939746463,103.8504897806865,1.2838242001942248
kml_1448,Central,Land Transport Authority,2EBA8C3763165A68,2022-02-16 13:57:18,135.3659473832703,103.84972576416999,1.284626648188415
kml_1449,Central,LTA (Others),58E5B289475D807B,2022-02-16 13:57:18,8.132464200860412,103.85062146558201,1.283812119701485
kml_1450,Central,LTA (Others),95E14D6FB2A1613D,2022-02-16 13:57:18,6.307145032057974,103.85046355135151,1.284622756818415
kml_1451,Central,Land Transport Authority,3E67970E63F603A0,2022-02-16 13:57:18,84.52078936473943,103.85042715374298,1.2842137137348648
kml_1452,Central,LTA (Others),D46E5F61F1B3DF66,2022-02-16 13:57:18,11.754930145764835,103.8495894090995,1.284010269242065
kml_1453,Central,Land Transport Authority,ADFA233AD2CFC3AA,2022-02-16 13:57:18,56.968451807321934,103.8509127367905,1.2837853986823702
kml_1454,Central,LTA (Others),A89A2CF3FACE3162,2022-02-16 13:57:18,14.402370301823892,103.85043523726651,1.2849973467466902
kml_1455,Tampines,Land Transport Authority,952CF249C544BA39,2022-02-16 13:57:18,158.83589812454844,103.93921768966598,1.3594641578457693
kml_1456,Tampines,Land Transport Authority,4EDED76009B4F99E,2022-02-16 13:57:18,44.86517866993403,103.93895501714745,1.3602272854945783
kml_1457,Tampines,Land Transport Authority,067A7F2808F3BEC0,2022-02-16 13:57:18,58.737888248844804,103.9384922529191,1.3602477816507872
kml_1458,Tampines,Land Transport Authority,413DB910D2406A14,2022-02-16 13:57:18,142.37888738505688,103.93814735361096,1.3596493197084043
kml_1459,Tampines,Land Transport Authority,311F445522680A97,2022-02-16 13:57:18,19.829198210357646,103.93820591081023,1.357705068099524
kml_1460,Tampines,Land Transport Authority,E2550701C78B4F09,2022-02-16 13:57:18,48.46779767026074,103.93844406821921,1.3575566314336207
kml_1461,Tampines,Land Transport Authority,A37B66E768F14EBC,2022-02-16 13:57:18,145.60677248428462,103.93933839356804,1.357687362803628
kml_1462,Jurong Lake District - Taman Jurong,Land Transport Authority,9B56D7BA1F0A2283,2022-02-16 13:57:18,43.411039722658074,103.7196070283694,1.346003661916941
kml_1463,Jurong Lake District - Taman Jurong,Land Transport Authority,9298DE7467D51802,2022-02-16 13:57:18,54.34939504959257,103.71881749380665,1.3459251648276
kml_1464,Jurong Lake District - Taman Jurong,Land Transport Authority,DC2E2E72B336770A,2022-02-16 13:57:18,137.95780153187204,103.71808968978013,1.3464684273985368
kml_1465,Jurong Lake District - Taman Jurong,LTA (Others),01722B523154E6DC,2022-02-16 13:57:18,9.389717435628816,103.718543200947,1.34600350174039
kml_1466,Jurong Lake District - Taman Jurong,Land Transport Authority,B5A7DEF80500EF3C,2022-02-16 13:57:18,87.14858256971966,103.71768928949615,1.3474586191003601
kml_1467,Jurong Lake District - Taman Jurong,LTA (Others),4E80DD582697F1CC,2022-02-16 13:57:18,9.243593761168059,103.7177729602995,1.34703773988947
kml_1468,Central,Land Transport Authority,71FFFC5A9D6EC990,2022-02-16 13:57:18,34.36390474123069,103.85095208648914,1.2995138123500012
kml_1469,Central,Land Transport Authority,1E7E893169F8147E,2022-02-16 13:57:18,21.077601950062636,103.85111668329401,1.299697528490125
kml_1470,Bedok,Land Transport Authority,0EDA56DEC7EF82D0,2022-02-16 13:57:18,101.50983079389714,103.93041044701573,1.3340803118977373
kml_1471,Bedok,Land Transport Authority,E21A1469BC35857E,2022-02-16 13:57:18,39.320232629019635,103.93797654615159,1.331995724042355
kml_1472,Bedok,Land Transport Authority,616929653192EF2A,2022-02-16 13:57:18,33.71113406789358,103.93828439471041,1.3318832931605498
kml_1473,Jurong Lake District - Taman Jurong,Land Transport Authority,6BDEA9831407F540,2022-02-16 13:57:18,26.352326168541875,103.7386276440114,1.321629629211195
kml_1474,Jurong West,Town Council,6E1CAC4FAE94F313,2022-02-16 13:57:18,118.62049437940597,103.69714494745696,1.3497252528796029
kml_1475,Jurong Lake District - Taman Jurong,Land Transport Authority,53AA1C7CC3831BD5,2022-02-16 13:57:18,32.766554235583506,103.7385613397942,1.32124988495926
kml_1476,Jurong Lake District - Taman Jurong,Land Transport Authority,23FA793427C46433,2022-02-16 13:57:18,30.813735021587462,103.738468794146,1.3207848501064499
kml_1477,Jurong Lake District - Taman Jurong,LTA (Others),435C6FCAFDAC114F,2022-02-16 13:57:18,1.47519875095123,103.721188662971,1.3494509445669651
kml_1478,Jurong Lake District - Taman Jurong,Land Transport Authority,8BC826537045090E,2022-02-16 13:57:18,166.53259426506236,103.72055280847823,1.3476352551607762
kml_1479,Jurong Lake District - Taman Jurong,LTA (Others),6D84086D391B1B0E,2022-02-16 13:57:18,8.142611061051163,103.720161166174,1.3483193834292648
kml_1480,Jurong Lake District - Taman Jurong,LTA (Others),2DC1B86E9603C513,2022-02-16 13:57:18,24.872636279973037,103.7209614207605,1.34687703546968
kml_1481,Jurong Lake District - Taman Jurong,Land Transport Authority,6000730D2D9BE892,2022-02-16 13:57:18,14.870999915343269,103.7218279866735,1.3456136843881752
kml_1482,Jurong Lake District - Taman Jurong,Land Transport Authority,BC17C279F82CAB63,2022-02-16 13:57:18,30.37624430929677,103.721714867407,1.345841703847025
kml_1483,Jurong Lake District - Taman Jurong,LTA (Others),9E083DD3B0FDAB1A,2022-02-16 13:57:18,5.457103068563176,103.72178162811552,1.345694260523995
kml_1484,Jurong Lake District - Taman Jurong,Land Transport Authority,9F623B8BD956CBD3,2022-02-16 13:57:18,33.448591928675754,103.72010409673176,1.3491390447948024
kml_1485,Jurong Lake District - Taman Jurong,Land Transport Authority,E977D60B1C1DF8A8,2022-02-16 13:57:18,58.654155094041414,103.72168887216382,1.3494930397940006
kml_1486,Jurong Lake District - Taman Jurong,Land Transport Authority,60EC3AB10D6CC566,2022-02-16 13:57:18,21.344396278181435,103.7210892041895,1.3494259017635
kml_1487,Jurong Lake District - Taman Jurong,LTA (Others),1F721E8B583134C6,2022-02-16 13:57:18,12.323769190577845,103.7213710929015,1.3494899744647748
kml_1488,Jurong Lake District - Taman Jurong,Land Transport Authority,3A65D45038F2355B,2022-02-16 13:57:18,75.86800785750614,103.72309560880993,1.3489074497087135
kml_1489,Jurong Lake District - Taman Jurong,LTA (Others),E400B998C5307138,2022-02-16 13:57:18,11.88748373771187,103.7219998096705,1.34944410257406
kml_1490,Jurong Lake District - Taman Jurong,LTA (Others),D7A7EB72F6F7C1C7,2022-02-16 13:57:18,9.575393108502581,103.74719754272701,1.32031962526914
kml_1491,Jurong Lake District - Taman Jurong,Land Transport Authority,A9A8C4EF2D4D73FD,2022-02-16 13:57:18,6.671798128243453,103.747268466872,1.320302251298245
kml_1492,Jurong Lake District - Taman Jurong,LTA (Others),6D9BC5AA39FB5DF7,2022-02-16 13:57:18,12.958877566847267,103.74735447896175,1.3202834276024333
kml_1493,Jurong Lake District - Taman Jurong,LTA (Others),1D740D261821DE70,2022-02-16 13:57:18,9.185892258625538,103.7467729243865,1.320432807813945
kml_1494,Jurong Lake District - Taman Jurong,Land Transport Authority,53ECA3EEB56B3D9D,2022-02-16 13:57:18,25.299618634441153,103.747829669318,1.320192835545865
kml_1495,Jurong Lake District - Taman Jurong,LTA (Others),1AC114D49089E1F7,2022-02-16 13:57:18,50.626110100374525,103.7481587856075,1.32010333434786
kml_1496,Jurong Lake District - Taman Jurong,Land Transport Authority,D4CF2BB0B2C3CE9B,2022-02-16 13:57:18,42.78511155225475,103.74843547762346,1.3198716829702282
kml_1497,Jurong Lake District - Taman Jurong,Land Transport Authority,DF4771E53D049996,2022-02-16 13:57:18,44.246183302025415,103.7483470876194,1.319507245753748
kml_1498,Jurong Lake District - Taman Jurong,LTA (Others),C9DC1A498AD20C60,2022-02-16 13:57:18,37.307295930516304,103.74431590275502,1.32824656653307
kml_1499,Jurong Lake District - Taman Jurong,Land Transport Authority,3CF7EB2ABA5351D1,2022-02-16 13:57:18,33.35441260470992,103.74478656842795,1.3290963713525605
kml_1500,Jurong Lake District - Taman Jurong,Land Transport Authority,678A027BFC84FB88,2022-02-16 13:57:18,21.51246686304537,103.74491975361347,1.3293015629756206
kml_1501,Jurong Lake District - Taman Jurong,LTA (Others),1AF2BE3EC1723674,2022-02-16 13:57:18,32.59253045808387,103.74502552910499,1.329497909755275
kml_1502,Jurong Lake District - Taman Jurong,Land Transport Authority,93EC1754497780CA,2022-02-16 13:57:18,13.828285435317834,103.74542913188225,1.330080568381506
kml_1503,Jurong Lake District - Taman Jurong,Land Transport Authority,92A2C2C51A2A2CEE,2022-02-16 13:57:18,175.59841450430756,103.74477473868059,1.330518542473671
kml_1504,Jurong Lake District - Taman Jurong,Land Transport Authority,3CA7D7141377758B,2022-02-16 13:57:18,26.999033367671974,103.73835111986554,1.3337852854402914
kml_1505,Jurong Lake District - Taman Jurong,Land Transport Authority,67FBB293E683355F,2022-02-16 13:57:18,41.763038616915395,103.7385286552742,1.3340397907365107
kml_1506,Jurong Lake District - Taman Jurong,Land Transport Authority,F21D47A720A6A42C,2022-02-16 13:57:18,16.51720870215502,103.734088564252,1.345599561222175
kml_1507,Jurong Lake District - Taman Jurong,Land Transport Authority,CD2F9A0D07B7145A,2022-02-16 13:57:18,4.244673867821985,103.73403344699801,1.345478054164815
kml_1508,Jurong Lake District - Taman Jurong,Land Transport Authority,1EA48D2C40A6804C,2022-02-16 13:57:18,89.90044130874934,103.73218963329842,1.3455231244799863
kml_1509,Jurong Lake District - Taman Jurong,LTA (Others),065386B55D2DDE44,2022-02-16 13:57:18,10.388740672710062,103.732885439328,1.3480076401362904
kml_1510,Jurong Lake District - Taman Jurong,LTA (Others),90329ABD974F17D7,2022-02-16 13:57:18,7.362352088895762,103.73333058374,1.347676479913565
kml_1511,Jurong Lake District - Taman Jurong,LTA (Others),B04FBCEE1FF5BB4E,2022-02-16 13:57:18,8.718668808268589,103.73410644391251,1.346574842497235
kml_1512,Jurong Lake District - Taman Jurong,LTA (Others),0CA5887753FA9166,2022-02-16 13:57:18,8.546880186108073,103.73413170394049,1.34570409831939
kml_1513,Jurong Lake District - Taman Jurong,LTA (Others),EDCE20A09DCBE281,2022-02-16 13:57:18,7.2065753629668965,103.734010072373,1.34543198992479
kml_1514,Jurong Lake District - Taman Jurong,LTA (Others),13556FCB6E15D02C,2022-02-16 13:57:18,4.389084524293706,103.73404937028852,1.345513650548735
kml_1515,Jurong Lake District - Taman Jurong,Land Transport Authority,1B8DAE162C42FC4F,2022-02-16 13:57:18,17.550344846649367,103.73155905304,1.34622919371754
kml_1516,Jurong Lake District - Taman Jurong,Land Transport Authority,BB6AE7CC94BB0044,2022-02-16 13:57:18,38.090861382610456,103.73027683835411,1.3453195879259077
kml_1517,Jurong Lake District - Taman Jurong,Land Transport Authority,5FD7AC51B286CF9F,2022-02-16 13:57:18,26.60408361336662,103.73026906965251,1.344538189744745
kml_1518,Bedok,Land Transport Authority,A98B219A352E0024,2022-02-16 13:57:18,21.7088211205752,103.920346521717,1.3280830087024649
kml_1519,Bedok,Land Transport Authority,A2322F8C5D4F1B05,2022-02-16 13:57:18,78.0861839889829,103.9188003600914,1.3280288790211068
kml_1520,Bedok,Land Transport Authority,345DFA6AE3F5A6AA,2022-02-16 13:57:18,84.17235002682614,103.91875180508407,1.328937833123028
kml_1521,Bedok,Land Transport Authority,FE4F080342658D1A,2022-02-16 13:57:18,159.25250597695435,103.91804875194647,1.3294737490054698
kml_1522,Bedok,Land Transport Authority,FE852C00F40AAAD4,2022-02-16 13:57:18,27.439720343730098,103.92289042864591,1.3242188988309203
kml_1523,Bedok,Land Transport Authority,1F8E0BFD1833140C,2022-02-16 13:57:18,14.992099702162822,103.923139528861,1.324628851424435
kml_1524,Bedok,Land Transport Authority,DFB2B0F63CC946E9,2022-02-16 13:57:18,31.494411770220076,103.92322016540423,1.325020709675062
kml_1525,Bedok,Land Transport Authority,DAC860D571D2AF75,2022-02-16 13:57:18,21.7333461685152,103.92318581174568,1.3247851594861402
kml_1526,Bedok,Land Transport Authority,6D384C4A0A8C7294,2022-02-16 13:57:18,5.057545339833593,103.923269399281,1.3251743931148452
kml_1527,Bedok,Land Transport Authority,EBCC9C4CE561C26F,2022-02-16 13:57:18,113.88600865362397,103.92340584341211,1.3259224674437236
kml_1528,Bedok,Land Transport Authority,B7054C05737B49A2,2022-02-16 13:57:18,121.30236321671451,103.92397519206445,1.3267717914239923
kml_1529,Bedok,Land Transport Authority,480DDE170D861778,2022-02-16 13:57:18,77.14927752045418,103.92435175619799,1.3276382624374132
kml_1530,Bedok,Land Transport Authority,FEA3651B18C3D0C7,2022-02-16 13:57:18,75.93544200922224,103.9241023633182,1.328116961469453
kml_1531,Bedok,Land Transport Authority,F5B5A53CCE973A27,2022-02-16 13:57:18,72.47943152643167,103.92492654646121,1.3275993119660487
kml_1532,Bedok,Land Transport Authority,7E2B1489FA3D14EF,2022-02-16 13:57:18,24.375899804374416,103.92587223975387,1.3312249264343448
kml_1533,Bedok,Land Transport Authority,A21C13437E8C2768,2022-02-16 13:57:18,12.58656634103128,103.92570934245049,1.331192484520325
kml_1534,Bedok,Land Transport Authority,1A05E9D35192164D,2022-02-16 13:57:18,14.904558231293183,103.92364992926744,1.3313669583816345
kml_1535,Bedok,Land Transport Authority,B8F51A4CE86FA336,2022-02-16 13:57:18,90.64558381011005,103.92355887126384,1.3318591808030993
kml_1536,Bedok,LTA (Others),877F6C2B696E3DF4,2022-02-16 13:57:18,99.37053063251506,103.9238497782171,1.3324561879681223
kml_1537,Bedok,LTA (Others),8AF92FA85C49BB82,2022-02-16 13:57:18,73.5629556227576,103.92460390068926,1.3326124946034676
kml_1538,Bedok,LTA (Others),305484D1888C81FC,2022-02-16 13:57:18,2.144734071911355,103.925794466964,1.3328413491920799
kml_1539,Bedok,Land Transport Authority,8344946AEDDD9A9A,2022-02-16 13:57:18,45.85619867112064,103.92585363591104,1.332849024721618
kml_1540,Bedok,Land Transport Authority,E1034B7D12386CE7,2022-02-16 13:57:18,183.13223815033447,103.9430285628663,1.3210348129123795
kml_1541,Bedok,Land Transport Authority,A507073D8D819354,2022-02-16 13:57:18,49.49679603100769,103.94196733457869,1.3209986871866362
kml_1542,Bedok,Land Transport Authority,2C44A0CD5FF45AEA,2022-02-16 13:57:18,243.14156942423975,103.940676774716,1.3208792363683917
kml_1543,Bedok,Land Transport Authority,EC5CA210D1D8C200,2022-02-16 13:57:18,64.60771116778075,103.93895552890933,1.320631779752868
kml_1544,Bedok,Land Transport Authority,D95881AD4B0944F5,2022-02-16 13:57:18,210.17847346782418,103.94660229353921,1.3206130726234955
kml_1545,Bedok,Land Transport Authority,CA6A5F235A9BAF2B,2022-02-16 13:57:18,67.02414376195911,103.935852088546,1.33035102118828
kml_1546,Bedok,Land Transport Authority,8D8B85078BE671E3,2022-02-16 13:57:18,10.600425666290294,103.93470070172486,1.3301498968152374
kml_1547,Bedok,Land Transport Authority,6A34478AE52E18CB,2022-02-16 13:57:18,79.87125848126563,103.93509496847099,1.330210667523305
kml_1548,Bedok,Land Transport Authority,79D4023B89077872,2022-02-16 13:57:18,8.7967454238465,103.9362052459005,1.330380309136785
kml_1549,Bedok,Land Transport Authority,BE244159102C7A42,2022-02-16 13:57:18,65.17796404596805,103.9370423497422,1.3300008198598452
kml_1550,Bedok,Land Transport Authority,FCB4C8501AC12AC3,2022-02-16 13:57:18,156.13237214980515,103.93725337741219,1.3289406509078605
kml_1551,Ang Mo Kio,Land Transport Authority,1DFABA636488B17F,2022-02-16 13:57:18,0.08494333228285654,103.8558553045485,1.3649406133498698
kml_1552,Ang Mo Kio,Land Transport Authority,C09106975E612316,2022-02-16 13:57:18,87.10540731179704,103.855747933019,1.3634657587987298
kml_1553,Ang Mo Kio,Land Transport Authority,9574860B69C3C8E9,2022-02-16 13:57:18,43.51950510135848,103.85574343809822,1.3628184589048065
kml_1554,Ang Mo Kio,Land Transport Authority,92A3270830688217,2022-02-16 13:57:18,103.54538186531923,103.85574185959737,1.3616458610125453
kml_1555,Ang Mo Kio,LTA (Others),CB60B72C224C073A,2022-02-16 13:57:18,6.414243879296233,103.85574348486303,1.36304352361064
kml_1556,Ang Mo Kio,LTA (Others),676F5663DA1B84AB,2022-02-16 13:57:18,12.758875054842457,103.85574644833353,1.3639054171006373
kml_1557,Ang Mo Kio,Land Transport Authority,2C3D0A31970DCBA7,2022-02-16 13:57:18,57.022475410151344,103.85572150417799,1.362368783302447
kml_1558,Woodlands,Land Transport Authority,A6372AA8376D1C56,2022-02-16 13:57:18,257.4265378594748,103.8091198572799,1.441025741947121
kml_1559,Ang Mo Kio,LTA (Others),DEFFBDF3C9D412A0,2022-02-16 13:57:18,9.8354963738648,103.85574652234399,1.361133218190965
kml_1560,Ang Mo Kio,Land Transport Authority,6B0CC61C7A1BB410,2022-02-16 13:57:18,42.10843375894377,103.85573613587768,1.3608987544385376
kml_1561,Ang Mo Kio,Land Transport Authority,6EBFEFD78B50F238,2022-02-16 13:57:18,13.407938604450294,103.8557103739355,1.360650699033925
kml_1562,Ang Mo Kio,Land Transport Authority,C319DFE3046243CF,2022-02-16 13:57:18,14.75831521074944,103.855688804936,1.3605259661472249
kml_1563,Ang Mo Kio,Land Transport Authority,8FAD3F9750BF4993,2022-02-16 13:57:18,12.60586734671881,103.8556585778425,1.36040608525532
kml_1564,Ang Mo Kio,Land Transport Authority,0C2618017D278D75,2022-02-16 13:57:18,53.10654355825111,103.85556032416834,1.36012655106901
kml_1565,Ang Mo Kio,LTA (Others),E34FC3E3080748B7,2022-02-16 13:57:18,18.46801361566397,103.855426042865,1.35983307902745
kml_1566,Tampines,People's Association,236D6B9D9C52DF05,2022-02-16 13:57:18,231.66716007193168,103.94103737568234,1.3550006121311342
kml_1567,Tampines,People's Association,7DC3E53A87FA116D,2022-02-16 13:57:18,36.9452359937583,103.94007055164586,1.355623744360116
kml_1568,Tampines,People's Association,2B893F19C2B8D408,2022-02-16 13:57:18,14.558752434540901,103.93923181406501,1.354022086029395
kml_1569,Tampines,People's Association,D9F4876126040674,2022-02-16 13:57:18,232.56689966196376,103.9392758770016,1.3551297936369475
kml_1570,Central,Land Transport Authority,D7F513EE95D30B43,2022-02-16 13:57:18,82.16378885832003,103.8506744592085,1.291458159224775
kml_1571,Central,Land Transport Authority,0E1669C25F42A10B,2022-02-16 13:57:18,25.319140176197248,103.850311484673,1.2908560256486599
kml_1572,Central,Land Transport Authority,F97F130274CAF4EA,2022-02-16 13:57:18,15.314477674451064,103.850426038782,1.291046058605825
kml_1573,Hougang,LTA (Others),F0CCD4F5B9030B0E,2022-02-16 13:57:18,9.64078127478723,103.88220553014051,1.3749624986879199
kml_1574,Hougang,Land Transport Authority,359621BAD9F9B779,2022-02-16 13:57:18,22.957000229368422,103.8820625532548,1.3749938556936798
kml_1575,Hougang,Land Transport Authority,A0DBDA4FFA3D57A6,2022-02-16 13:57:18,98.06507568758033,103.88358991385502,1.3746563482437368
kml_1576,Hougang,Land Transport Authority,53A46B9853979D4A,2022-02-16 13:57:18,82.3160327403724,103.88436913161695,1.374531197837356
kml_1577,Hougang,Land Transport Authority,3C6B5FF2C44B96D8,2022-02-16 13:57:18,13.875542921263248,103.879147254359,1.375150420979085
kml_1578,Hougang,Land Transport Authority,60168A1FC591DCD1,2022-02-16 13:57:18,58.80757507045288,103.87872664427728,1.3751427779226222
kml_1579,Hougang,LTA (Others),E79A5770AF88E86D,2022-02-16 13:57:18,8.832734586710078,103.883121807337,1.37475726680491
kml_1580,Hougang,Land Transport Authority,2871EB0083F964B2,2022-02-16 13:57:18,38.56643162694895,103.88241675880154,1.3749143501775143
kml_1581,Hougang,Land Transport Authority,1801A4FDA7882D01,2022-02-16 13:57:18,49.00867844107849,103.88286834909297,1.374814888749148
kml_1582,Hougang,LTA (Others),9075830781E13BB0,2022-02-16 13:57:18,7.660365231766464,103.882619850346,1.374870622117805
kml_1583,Jurong Lake District - Taman Jurong,LTA (Others),52039F6EF9B74047,2022-02-16 13:57:18,8.124410043553373,103.7233722106485,1.352875924052285
kml_1584,Jurong Lake District - Taman Jurong,Land Transport Authority,2E77B35647759AD5,2022-02-16 13:57:18,37.29935253015254,103.71715354458665,1.3508208728602593
kml_1585,Jurong Lake District - Taman Jurong,LTA (Others),19016B1BDEF8CB99,2022-02-16 13:57:18,1.5222109896009393,103.71708513335801,1.35098230951241
kml_1586,Jurong Lake District - Taman Jurong,LTA (Others),926F9DC496FC5C61,2022-02-16 13:57:18,8.237501175771369,103.73027039932751,1.34511049467559
kml_1587,Jurong Lake District - Taman Jurong,Land Transport Authority,6B6B1308CB161819,2022-02-16 13:57:18,36.215114080266765,103.73026980290949,1.3448373593883098
kml_1588,Jurong Lake District - Taman Jurong,LTA (Others),D2199E9FADE51D5E,2022-02-16 13:57:18,1.6712052774984234,103.73026938283,1.3446660449823349
kml_1589,Jurong Lake District - Taman Jurong,Land Transport Authority,6269811DD08BFF3D,2022-02-16 13:57:18,9.935531452363415,103.73026862837301,1.34435812517312
kml_1590,Jurong Lake District - Taman Jurong,LTA (Others),68E9891A7F673DFC,2022-02-16 13:57:18,1.6409051228702978,103.73026875691849,1.3444104715181502
kml_1591,Jurong Lake District - Taman Jurong,Land Transport Authority,906D216B3780828E,2022-02-16 13:57:18,143.34786873474366,103.72944175541815,1.344117112821831
kml_1592,Jurong Lake District - Taman Jurong,LTA (Others),ECA781A12289AA55,2022-02-16 13:57:18,14.704760243195718,103.7287363100115,1.344187819605395
kml_1593,Jurong Lake District - Taman Jurong,Land Transport Authority,CE93AE919618EBBF,2022-02-16 13:57:18,14.116300209169394,103.7286068231025,1.34418799579791
kml_1594,Jurong Lake District - Taman Jurong,Land Transport Authority,955F040E114561B6,2022-02-16 13:57:18,16.740519871051784,103.7304365037305,1.3438881735066033
kml_1595,Jurong Lake District - Taman Jurong,Land Transport Authority,A50631C699D9EF16,2022-02-16 13:57:18,30.865947855001473,103.73023263404723,1.3439530580411307
kml_1596,Jurong Lake District - Taman Jurong,LTA (Others),A3F8E9DFC5ED7A6D,2022-02-16 13:57:18,65.24506220280351,103.7379297599675,1.3331585583456298
kml_1597,Jurong Lake District - Taman Jurong,LTA (Others),7AE1349F171D2F9A,2022-02-16 13:57:18,46.251743793738356,103.73761539611951,1.3330911420649199
kml_1598,Jurong Lake District - Taman Jurong,LTA (Others),C1C94AB9F56FD265,2022-02-16 13:57:18,25.196852529994757,103.71985416028801,1.349067625147595
kml_1599,Jurong Lake District - Taman Jurong,LTA (Others),4E0927CE7569D1E1,2022-02-16 13:57:18,29.770987951686656,103.717295584181,1.3505544684171351
kml_1600,Jurong Lake District - Taman Jurong,LTA (Others),08B3D9FF5407867D,2022-02-16 13:57:18,25.931656968590644,103.745720802971,1.339508757824185
kml_1601,Jurong Lake District - Taman Jurong,Land Transport Authority,C3443E447BFF6E27,2022-02-16 13:57:18,32.1674142748568,103.74205106409725,1.3414900283799236
kml_1602,Jurong Lake District - Taman Jurong,LTA (Others),E21E151088F21CEC,2022-02-16 13:57:18,1.6227307087518945,103.74189966483,1.34149785316932
kml_1603,Jurong Lake District - Taman Jurong,LTA (Others),5F932CEC647FE52E,2022-02-16 13:57:18,10.146028880143234,103.74224048519399,1.341481201709195
kml_1604,Jurong Lake District - Taman Jurong,LTA (Others),818A8EFC69356C1A,2022-02-16 13:57:18,1.8115682481125128,103.742798518963,1.34128519365148
kml_1605,Jurong Lake District - Taman Jurong,Land Transport Authority,3D9A8D52B98424EA,2022-02-16 13:57:18,14.384312481488006,103.743121576336,1.3411282407307499
kml_1606,Jurong Lake District - Taman Jurong,LTA (Others),B65C72CE4D0DB4F7,2022-02-16 13:57:18,3.3068084320213127,103.744039564257,1.340640230375005
kml_1607,Jurong Lake District - Taman Jurong,Land Transport Authority,17C47F28F6692DB6,2022-02-16 13:57:18,17.690257630633898,103.74426585264307,1.3405030049765478
kml_1608,Jurong Lake District - Taman Jurong,LTA (Others),9BCCB7F38725E93A,2022-02-16 13:57:18,1.7878238415968561,103.744340675571,1.340457327576515
kml_1609,Jurong Lake District - Taman Jurong,Land Transport Authority,28DF4E68ABD67BE8,2022-02-16 13:57:18,7.701939721242503,103.7461337481925,1.3391713089694202
kml_1610,Jurong Lake District - Taman Jurong,LTA (Others),15FEEF73CA96C2A5,2022-02-16 13:57:18,2.8842397967926057,103.746094708474,1.339198650548815
kml_1611,Jurong Lake District - Taman Jurong,Land Transport Authority,55785BB7BE51CFE5,2022-02-16 13:57:18,3.666248691613558,103.74687529383,1.338945103903675
kml_1612,Jurong Lake District - Taman Jurong,LTA (Others),4EDF54D88C7F4A3D,2022-02-16 13:57:18,1.7006286312762182,103.74689929798751,1.3389428085765749
kml_1613,Jurong Lake District - Taman Jurong,Land Transport Authority,10DD13C80C079162,2022-02-16 13:57:18,56.798684924231765,103.74373803942501,1.3287684431024225
kml_1614,Jurong Lake District - Taman Jurong,Land Transport Authority,E32F02306F99902C,2022-02-16 13:57:18,12.14811973270416,103.74352167297513,1.3289907298026198
kml_1615,Bedok,Land Transport Authority,09B4CCFF053F07E9,2022-02-16 13:57:18,51.12475219566119,103.93743976815549,1.3279275567774342
kml_1616,Bedok,Land Transport Authority,A5E86653D83380D6,2022-02-16 13:57:18,44.53176192813232,103.93755033860018,1.3274467344829994
kml_1617,Bedok,Land Transport Authority,B7F5C7D7A3E85258,2022-02-16 13:57:18,218.84458509544893,103.93862153824608,1.3274581056117056
kml_1618,Bedok,Land Transport Authority,4B64BC6C3873D579,2022-02-16 13:57:18,119.14338879664128,103.93625588687048,1.3248903938660797
kml_1619,Bedok,Land Transport Authority,8BE6C86DC80D04D4,2022-02-16 13:57:18,13.174866758478109,103.9198631921175,1.327899525437735
kml_1620,Bedok,LTA (Others),CF8DCED93DB56903,2022-02-16 13:57:18,3.8758849173343948,103.9458268885645,1.321118279370555
kml_1621,Bedok,Land Transport Authority,C63F8A053A01B9A6,2022-02-16 13:57:18,129.83176033340058,103.94480933045901,1.31870588492965
kml_1622,Bedok,Land Transport Authority,B30EA44C1F0284EC,2022-02-16 13:57:18,75.76423013425854,103.94532236298966,1.3169725777790882
kml_1623,Bedok,Land Transport Authority,37CD7DA23A184B64,2022-02-16 13:57:18,19.636493731809644,103.94515725185084,1.3174818363579965
kml_1624,Bedok,LTA (Others),AC8687F3FC777088,2022-02-16 13:57:18,3.5267058110139784,103.92361658632367,1.3314413245461092
kml_1625,Pasir Ris,Town Council,30F3FABBB5FB03DB,2022-02-16 13:57:18,21.987588418742355,103.93727914669799,1.378096818468935
kml_1626,Pasir Ris,Town Council (Others),89303905C0FCA264,2022-02-16 13:57:18,6.970541274701806,103.937353597144,1.37820420375103
kml_1627,Pasir Ris,Town Council,FD17891E02703CF3,2022-02-16 13:57:18,10.753284695780343,103.94065183716799,1.38020495427981
kml_1628,Pasir Ris,Town Council (Others),C8FE6213B1425678,2022-02-16 13:57:18,2.5478930060010545,103.94069907527799,1.380168114280215
kml_1629,Pasir Ris,Town Council,D532B7264A755F6A,2022-02-16 13:57:18,8.283787420596278,103.94088339393042,1.380024315088152
kml_1630,Pasir Ris,Town Council (Others),E6C45736182ED6AA,2022-02-16 13:57:18,1.726912657015422,103.94084786740649,1.3800520750808851
kml_1631,Pasir Ris,Town Council (Others),014F0ECE22AAB33F,2022-02-16 13:57:18,7.423471356126008,103.94137962281154,1.379648420651642
kml_1632,Pasir Ris,Town Council (Others),1E46C243C6E4E422,2022-02-16 13:57:18,7.460224947852114,103.949784976275,1.370480699285235
kml_1633,Pasir Ris,Town Council,D69E2D327990614B,2022-02-16 13:57:18,42.9416681462706,103.94997936033575,1.370363927002577
kml_1634,Pasir Ris,Town Council,B59E4BA450909338,2022-02-16 13:57:18,31.69163052919119,103.95068294450569,1.3700079281175146
kml_1635,Pasir Ris,Town Council (Others),2347F30087CCD975,2022-02-16 13:57:18,28.825938822801266,103.9604810828456,1.3692622316975798
kml_1636,Pasir Ris,Town Council (Others),6329AC36C20901DD,2022-02-16 13:57:18,7.743829501987275,103.961127833492,1.369182433778705
kml_1637,Pasir Ris,Town Council,5BCC97DABC187E32,2022-02-16 13:57:18,38.103832926967726,103.96133244854093,1.3691588420746799
kml_1638,Pasir Ris,Town Council (Others),8F6CFC6F17E9DB7F,2022-02-16 13:57:18,11.220465372366371,103.9615532051735,1.3691399072658599
kml_1639,Pasir Ris,Town Council,DAF598414D808A6A,2022-02-16 13:57:18,11.091197764165726,103.961907541253,1.369127359139495
kml_1640,Pasir Ris,Town Council (Others),2008AFE724F2770B,2022-02-16 13:57:18,4.4396985425263304,103.9618377760685,1.369128695481125
kml_1641,Bedok,LTA (Others),FA9B89F7C858CC84,2022-02-16 13:57:18,17.816227382156587,103.9236784919305,1.3312225887215399
kml_1642,Bedok,LTA (Others),ED65506DB8A1CEC8,2022-02-16 13:57:18,103.05619544615391,103.9261705513989,1.3306709726372712
kml_1643,Bedok,LTA (Others),65DDCE2ED1A6B940,2022-02-16 13:57:18,33.89787433978233,103.92586691397051,1.331144623279735
kml_1644,Bedok,LTA (Others),68DC9E80C2F5DB13,2022-02-16 13:57:18,69.86928289292902,103.92686897010873,1.329863970705922
kml_1645,Bedok,LTA (Others),E8ED2CECF862FCE3,2022-02-16 13:57:18,70.0136603012079,103.92635539521746,1.3299524490865433
kml_1646,Bedok,LTA (Others),93B485DEDEA92401,2022-02-16 13:57:18,85.19889541234751,103.92779709572,1.33011424236468
kml_1647,Bedok,Land Transport Authority,5AA2813AB3C57E95,2022-02-16 13:57:18,26.738082505598495,103.9392685869585,1.331186632669255
kml_1648,Bedok,Land Transport Authority,7232EFC3FC88D451,2022-02-16 13:57:18,108.04912170483512,103.940064273616,1.33357490408771
kml_1649,Bedok,Land Transport Authority,25C8140DBA2F7798,2022-02-16 13:57:18,91.83185862579502,103.9410281603721,1.3338453873861542
kml_1650,Bedok,Land Transport Authority,FFF2B96715086137,2022-02-16 13:57:18,44.39869234793184,103.9416277740945,1.3339676707669899
kml_1651,Bedok,Land Transport Authority,A2BAA9C132BD5DAA,2022-02-16 13:57:18,38.44864470384297,103.94228014309779,1.33410632548496
kml_1652,Bedok,Land Transport Authority,DB6AE43EF3C6B2A9,2022-02-16 13:57:18,13.670547985275457,103.94205189805635,1.3340537261651413
kml_1653,Bedok,Land Transport Authority,DFF32192C7CD14BD,2022-02-16 13:57:18,123.83428124952232,103.94305992779327,1.3343291505500348
kml_1654,Bedok,Land Transport Authority,AD0ABB3B78E02893,2022-02-16 13:57:18,218.60949227714946,103.93973797557408,1.3300464270008197
kml_1655,Bedok,Land Transport Authority,7B6ADEB219227060,2022-02-16 13:57:18,24.057021267398824,103.9399919186275,1.32888769560352
kml_1656,Bedok,Land Transport Authority,3EAAE1BD541879A0,2022-02-16 13:57:18,30.511093421618206,103.940100096491,1.328334809475335
kml_1657,Bedok,Land Transport Authority,3BED25338A6EF15B,2022-02-16 13:57:18,35.40598942515452,103.94004607099689,1.3286263815129764
kml_1658,Bedok,Land Transport Authority,7ABC77E0F6AAE254,2022-02-16 13:57:18,71.16930451899775,103.9510528778312,1.3296576706821177
kml_1659,Bedok,Land Transport Authority,BB8F5BC46AE8FA7D,2022-02-16 13:57:18,82.366053748799,103.95050084060615,1.3292163178827023
kml_1660,Bedok,Land Transport Authority,3E0B9376CBB8469D,2022-02-16 13:57:18,63.97670418781127,103.94997005849677,1.3288354614335445
kml_1661,Ang Mo Kio,Land Transport Authority,20904E059E47809E,2022-02-16 13:57:18,170.91698026203613,103.85355757170987,1.359234138505703
kml_1662,Ang Mo Kio,LTA (Others),6A0996C535C62082,2022-02-16 13:57:18,8.185113888635561,103.85305079057599,1.35986031657078
kml_1663,Sembawang,LTA (Others),97C1D5DE6F98CDF1,2022-02-16 13:57:18,16.968672318488622,103.83128861933149,1.444718597514285
kml_1664,Sembawang,LTA (Others),D96FAF30FE5215F6,2022-02-16 13:57:18,12.092022813818389,103.8308296915965,1.44488826337034
kml_1665,Sembawang,LTA (Others),74C7F33B13048A20,2022-02-16 13:57:18,23.24893189500165,103.83097301945452,1.44493365986833
kml_1666,Sembawang,LTA (Others),541CDC287677166B,2022-02-16 13:57:18,17.134025223631348,103.831084181428,1.445061986027435
kml_1667,Sembawang,LTA (Others),41B8A2C5C6A2E3B4,2022-02-16 13:57:18,19.396317218135344,103.8295876163433,1.4441586651896816
kml_1668,Sembawang,LTA (Others),77242FA61736E46F,2022-02-16 13:57:18,8.503996572898842,103.8315693353115,1.444219909447725
kml_1669,Sembawang,LTA (Others),7168887A9E7FDD62,2022-02-16 13:57:18,8.947404876551241,103.83071981049301,1.445636947969555
kml_1670,Jurong Lake District - Taman Jurong,Land Transport Authority,A9312B176951A41F,2022-02-16 13:57:18,10.453375780806688,103.74480418036498,1.3203128422450914
kml_1671,Jurong Lake District - Taman Jurong,Land Transport Authority,9AFCAE00D8B55800,2022-02-16 13:57:18,78.50909395349503,103.74299975595794,1.3386496444837324
kml_1672,Jurong Lake District - Taman Jurong,Land Transport Authority,B91EF875FB0CD884,2022-02-16 13:57:18,27.7051991202572,103.7202637419685,1.35297242002591
kml_1673,Jurong Lake District - Taman Jurong,Land Transport Authority,606D49E40A81D94A,2022-02-16 13:57:18,2.2750193544979385,103.7219314363295,1.35304442162706
kml_1674,Jurong Lake District - Taman Jurong,LTA (Others),720D239BA87A8853,2022-02-16 13:57:18,8.25703829663835,103.740035868998,1.322175988986025
kml_1675,Bedok,LTA (Others),7A8D868233432D1E,2022-02-16 13:57:18,6.719544796705122,103.9246928363475,1.3309965719466499
kml_1676,Hougang,LTA (Others),7343E061A84E77A3,2022-02-16 13:57:18,9.731407102674185,103.88608346928748,1.37482635454398
kml_1677,Toa Payoh,Land Transport Authority,3992B22EE484EF32,2022-02-16 13:57:18,50.10729395752749,103.85368349026399,1.3337604762533148
kml_1678,Pasir Ris,Town Council,E1D90FDE5ACE36A4,2022-02-16 13:57:18,52.2866911755668,103.93610477587319,1.3770436171906657
kml_1679,Jurong Lake District - Taman Jurong,Land Transport Authority,38A105C37894A3CA,2022-02-16 13:57:18,108.62523105161384,103.73395202244517,1.341536981807445
kml_1680,Jurong Lake District - Taman Jurong,Land Transport Authority,AFE3D29FED6472F0,2022-02-16 13:57:18,28.91407250948305,103.73387563986283,1.3392739200893808
kml_1681,Jurong Lake District - Taman Jurong,Land Transport Authority,EA1B0464BE69437F,2022-02-16 13:57:18,100.98544486288283,103.73385033258236,1.3386883609149383
kml_1682,Jurong Lake District - Taman Jurong,Land Transport Authority,70DBCCB53E5A7FB7,2022-02-16 13:57:18,97.59123197694261,103.73399007167608,1.3378088500967735
kml_1683,Jurong Lake District - Taman Jurong,Land Transport Authority,4B9E3D0E247C8B79,2022-02-16 13:57:18,254.5213591699181,103.73469702558562,1.3363964617930144
kml_1684,Jurong Lake District - Taman Jurong,Land Transport Authority,E5994280C8610FC1,2022-02-16 13:57:18,26.26074435420949,103.7354270857925,1.33536395224398
kml_1685,Jurong Lake District - Taman Jurong,Land Transport Authority,A3FE9A8C3D330745,2022-02-16 13:57:18,116.55567589876836,103.735924850267,1.3348213442269499
kml_1686,Jurong Lake District - Taman Jurong,LTA (Others),6A645CC1E03B4723,2022-02-16 13:57:18,12.738384176958903,103.72328119385699,1.348562800499605
kml_1687,Jurong Lake District - Taman Jurong,Land Transport Authority,1242AF2D4700B3C7,2022-02-16 13:57:18,48.76593762706121,103.7243521582966,1.3466076626638932
kml_1688,Jurong Lake District - Taman Jurong,LTA (Others),B6C8E3D12450473F,2022-02-16 13:57:18,12.465427735669836,103.723301797619,1.34788760147785
kml_1689,Jurong Lake District - Taman Jurong,Land Transport Authority,803052AC83299CF2,2022-02-16 13:57:18,13.16512835962925,103.72504337089994,1.3501435020441928
kml_1690,Jurong Lake District - Taman Jurong,Land Transport Authority,AFFCA6CD243E0D40,2022-02-16 13:57:18,5.10871107641922,103.73069791433849,1.3459696395791898
kml_1691,Jurong Lake District - Taman Jurong,LTA (Others),688D0E3242A088B5,2022-02-16 13:57:18,9.294927277225474,103.7306402545245,1.3459400717010999
kml_1692,Jurong Lake District - Taman Jurong,Land Transport Authority,97D70C16E917CAF7,2022-02-16 13:57:18,37.13319909300688,103.73048310616699,1.3458060459389745
kml_1693,Jurong Lake District - Taman Jurong,LTA (Others),25720425EB2B2349,2022-02-16 13:57:18,2.262676096401018,103.730373378335,1.34566746321374
kml_1694,Jurong Lake District - Taman Jurong,Land Transport Authority,FE81ADC811D6556A,2022-02-16 13:57:18,15.24307596336935,103.73033768719934,1.3455973748291337
kml_1695,Jurong Lake District - Taman Jurong,LTA (Others),78353D446D4584CE,2022-02-16 13:57:18,0.9486377729407958,103.72568185790149,1.34994074193915
kml_1696,Jurong Lake District - Taman Jurong,Land Transport Authority,0A86225386150361,2022-02-16 13:57:18,57.30428645549233,103.72115123150472,1.3465871857071723
kml_1697,Jurong Lake District - Taman Jurong,LTA (Others),12E10B1B7A205DC1,2022-02-16 13:57:18,2.0057774092523624,103.7214691438455,1.34587700245824
kml_1698,Jurong Lake District - Taman Jurong,Land Transport Authority,9D84E9047422DBE7,2022-02-16 13:57:18,35.17244547949542,103.74409577731176,1.3358200502864586
kml_1699,Jurong Lake District - Taman Jurong,LTA (Others),A8656311A0B7E9EF,2022-02-16 13:57:18,6.839224189452623,103.744357821138,1.335576774956925
kml_1700,Jurong Lake District - Taman Jurong,LTA (Others),8D604E2D2D194ED0,2022-02-16 13:57:18,13.822029049254445,103.743361230474,1.320934127911045
kml_1701,Jurong Lake District - Taman Jurong,LTA (Others),4305E73C1C84AE73,2022-02-16 13:57:18,10.588063777131987,103.7440840829345,1.3202600225592551
kml_1702,Jurong Lake District - Taman Jurong,Land Transport Authority,396A9B257AAD929B,2022-02-16 13:57:18,19.118287496516754,103.74567637523236,1.3208166915184711
kml_1703,Jurong Lake District - Taman Jurong,Land Transport Authority,13DCBDDF6942C992,2022-02-16 13:57:18,71.299504834113,103.74602837418732,1.3206465715503202
kml_1704,Tampines,People's Association (Others),972AC1ADA5FFD88C,2022-02-16 13:57:18,11.88254895432785,103.9391938416535,1.35413510321094
kml_1705,Tampines,People's Association (Others),94E68F3001C17CAE,2022-02-16 13:57:18,8.476941942072637,103.94027459959099,1.35562230589972
kml_1706,Tampines,People's Association (Others),A1FF4D1E9A15FA9A,2022-02-16 13:57:18,6.4415198905973075,103.939875626713,1.35562486304869
kml_1707,Toa Payoh,LTA (Others),5002C2384A09E920,2022-02-16 13:57:18,12.537494776423024,103.853405400429,1.3337168416172
kml_1708,Tampines,People's Association (Others),1C7DA585636A5A7B,2022-02-16 13:57:18,13.922310413292584,103.941321806867,1.35400435953592
kml_1709,Tampines,People's Association (Others),480CC4EBF9FD201B,2022-02-16 13:57:18,34.24588769949755,103.9401141640695,1.35192184300591
kml_1710,Tampines,People's Association (Others),8986FFA944CC4A08,2022-02-16 13:57:18,10.4236417613893,103.93962250251,1.35189567256105
kml_1711,Tampines,People's Association (Others),B226164171131CC4,2022-02-16 13:57:18,10.55377644394875,103.93922201048,1.35247233725588
kml_1712,Tampines,People's Association (Others),2463C404232F0DB9,2022-02-16 13:57:18,8.388708205134165,103.93922667910802,1.352693379161205
kml_1713,Tampines,People's Association (Others),149C315AFA4C41CE,2022-02-16 13:57:18,15.298526856164628,103.939244590559,1.352961763880085
kml_1714,Tampines,People's Association,D50E47CFDA8ECDFE,2022-02-16 13:57:18,53.54208916750069,103.93925434149348,1.3532727733485534
kml_1715,Tampines,People's Association,F43127DF62538210,2022-02-16 13:57:18,17.90356006546958,103.9392334508775,1.35281205116732
kml_1716,Tampines,People's Association,AC14D2D73354B3A5,2022-02-16 13:57:18,15.014452001471371,103.93922669608699,1.35258758091433
kml_1717,Tampines,People's Association,E5D945CA0C4314DD,2022-02-16 13:57:18,59.40959206187037,103.93926073391042,1.352160230999897
kml_1718,Tampines,People's Association,A75690D4864720BD,2022-02-16 13:57:18,29.570871267740984,103.93944284742673,1.3518936432173532
kml_1719,Jurong Lake District - Taman Jurong,LTA (Others),35BA4EBEE0FBAFD2,2022-02-16 13:57:18,10.286448847692053,103.73553747063198,1.3352418576840548
kml_1720,Tampines,People's Association,13F78D89ED3296AC,2022-02-16 13:57:18,33.079672014653845,103.93981604920819,1.351918894383287
kml_1721,Tampines,People's Association,E6185912146A4D5F,2022-02-16 13:57:18,105.79133094806733,103.94074141374529,1.3518926928503838
kml_1722,Tampines,People's Association,C56BD59066C34DDC,2022-02-16 13:57:18,234.74460999652072,103.94131337752715,1.3528817375746915
kml_1723,Woodlands,Land Transport Authority,82A1A9CFEB08E841,2022-02-16 13:57:18,159.10699964032133,103.78441061946728,1.4348413813721939
kml_1724,Woodlands,Land Transport Authority,A630EEFBA2ECE04A,2022-02-16 13:57:18,35.539027188141,103.78519182973864,1.4348098907653184
kml_1725,Woodlands,Land Transport Authority,67F438826C345756,2022-02-16 13:57:18,3.870789430592438,103.78510210411557,1.4346710454796672
kml_1726,Woodlands,Land Transport Authority,712B1FECD4801656,2022-02-16 13:57:18,21.394428211337996,103.785235520772,1.4351504477327914
kml_1727,Woodlands,Land Transport Authority,62FD444986CE8095,2022-02-16 13:57:18,41.72717763803697,103.78510610844599,1.4355364786911922
kml_1728,Bedok,Land Transport Authority,6345BE673855516B,2022-02-16 13:57:18,115.31660229666794,103.9283911427139,1.3263696197500487
kml_1729,Bedok,Land Transport Authority,053576D70BDEC06A,2022-02-16 13:57:18,24.649847036196682,103.92908062708248,1.3263506538616072
kml_1730,Bedok,Land Transport Authority,1DF175C2190E1742,2022-02-16 13:57:18,40.42183204704809,103.929423341762,1.3264458586634
kml_1731,Bedok,Land Transport Authority,42BD8837943258AA,2022-02-16 13:57:18,91.4747329660049,103.92336765585462,1.3282488681596516
kml_1732,Bedok,Land Transport Authority,6607875B0207AD0D,2022-02-16 13:57:18,54.39094416635063,103.92255696346271,1.3283591301651805
kml_1733,Bedok,Land Transport Authority,FE85588992FB0AB8,2022-02-16 13:57:18,19.44373358162088,103.92287580415118,1.328303496313107
kml_1734,Bedok,Land Transport Authority,D39049CC8C05D542,2022-02-16 13:57:18,16.589106938507673,103.922152132057,1.328366977971475
kml_1735,Bedok,Land Transport Authority,740847E4FB39C429,2022-02-16 13:57:18,15.121747684189009,103.92193710837903,1.328354537747861
kml_1736,Bedok,Land Transport Authority,AEE655170F77E28E,2022-02-16 13:57:18,37.37035177607108,103.92159401084174,1.328331657986568
kml_1737,Bedok,Land Transport Authority,324364363CFDF654,2022-02-16 13:57:18,57.13208505756325,103.920881344137,1.328247049370635
kml_1738,Bedok,Land Transport Authority,205406A5994D8E8D,2022-02-16 13:57:18,77.24736986373263,103.91949677325951,1.327723505736345
kml_1739,Punggol,Land Transport Authority,730DB0624F2AD0E8,2022-02-16 13:57:18,56.05318656423987,103.91462491566398,1.4011839384946152
kml_1740,Jurong Lake District - Taman Jurong,Land Transport Authority,BAFDA509B573BC13,2022-02-16 13:57:18,62.47740107819106,103.72273289102401,1.3284086031261402
kml_1741,Sembawang,Land Transport Authority,B3D32385B7CCD3EA,2022-02-16 13:57:18,35.42534507609561,103.82316220568984,1.4457742136063454
kml_1742,Sembawang,Land Transport Authority,D008B2FCAD88CEEE,2022-02-16 13:57:18,43.68321932660002,103.82157800308595,1.4471439372423571
kml_1743,Yishun,Land Transport Authority,A01BE9B131B0677B,2022-02-16 13:57:18,121.52066289658018,103.83272469580078,1.4286441999705148
kml_1744,Kallang,Land Transport Authority,5E625E4F69CD937B,2022-02-16 13:57:18,30.646861412825576,103.86820558022642,1.3326538498734541
kml_1745,Sembawang,Land Transport Authority,76CDD33F9CF8C0CD,2022-02-16 13:57:18,52.71916901778214,103.8198999484634,1.451691062690366
kml_1746,Sembawang,Land Transport Authority,98B7C1EE0ACA3898,2022-02-16 13:57:18,6.25897799212542,103.8184404797104,1.4510113619280323
kml_1747,Yishun,Land Transport Authority,3E90970C16A01558,2022-02-16 13:57:18,44.22596176919075,103.8460934904205,1.428331478177105
kml_1748,Sembawang,Land Transport Authority,74D81A3FB25F3D4A,2022-02-16 13:57:18,13.876238241798108,103.8228184663055,1.449993448237545
kml_1749,Sembawang,Land Transport Authority,E12E9C579611CAE2,2022-02-16 13:57:18,13.912666583942258,103.82387034147568,1.4498480928581545
kml_1750,Yishun,Land Transport Authority,0F54F1D98E9A75A6,2022-02-16 13:57:18,65.14609792904642,103.83561248581785,1.424847659702376
kml_1751,Yishun,Land Transport Authority,39E9260F121C63C7,2022-02-16 13:57:18,15.689543216080871,103.83747657162432,1.4177171056899243
kml_1752,Yishun,LTA (Others),12364FB2BD05409E,2022-02-16 13:57:18,41.3361058410053,103.8411405365695,1.42181901540379
kml_1753,Sembawang,Land Transport Authority,CF346AB3A977D673,2022-02-16 13:57:18,32.617871323343934,103.8229938298975,1.4447290974114582
kml_1754,Yishun,Land Transport Authority,E4B884CE2288D491,2022-02-16 13:57:18,23.104362366970733,103.8358284596205,1.43051827142116
kml_1755,Yishun,Land Transport Authority,380B4C138F5E1389,2022-02-16 13:57:18,31.973415408983577,103.8380061521875,1.41793477193947
kml_1756,Yishun,Land Transport Authority,D3D08321F307BFBB,2022-02-16 13:57:18,46.02796170545533,103.8394953320495,1.4184317955524934
kml_1757,Woodlands,Land Transport Authority,0245BA04BD27A4B5,2022-02-16 13:57:18,3.4945449227694145,103.7851784583255,1.43534659098451
kml_1758,Woodlands,Land Transport Authority,13ED8741E7711948,2022-02-16 13:57:18,3.093207115274085,103.7852099775095,1.43525751456453
kml_1759,Woodlands,Land Transport Authority,50C107D5601A0657,2022-02-16 13:57:18,2.673242361235705,103.78524257448902,1.4350426032261252
kml_1760,Woodlands,Land Transport Authority,DA51E7F7417EFFBD,2022-02-16 13:57:18,2.3635895939896154,103.78523132865199,1.43497430229432
kml_1761,Woodlands,LTA (Others),763152DE4A61C2D0,2022-02-16 13:57:18,5.154187207936226,103.785237661701,1.43500768655331
kml_1762,Woodlands,LTA (Others),CD3FBEBD71B1C291,2022-02-16 13:57:18,7.162243232769613,103.785194753047,1.4353012795551399
kml_1763,Ang Mo Kio,Land Transport Authority,9330FAFC6DFDE9FB,2022-02-16 13:57:18,110.5000211310251,103.85578903443817,1.3644599299817075
kml_1764,Marina Bay,Land Transport Authority,E894ED953C2918F0,2022-02-16 13:57:18,442.9678048836144,103.85907479849631,1.275225101357714
kml_1765,Marina Bay,Land Transport Authority,76BBAF27910F4B65,2022-02-16 13:57:18,127.43228955101657,103.85994209960958,1.2819000964517149
kml_1766,Marina Bay,Land Transport Authority,EADAEE0FC0DF1FEF,2022-02-16 13:57:18,505.42563464636123,103.85989687755404,1.2799717114595894
kml_1767,Jurong Lake District - Taman Jurong,LTA (Others),96E47208B157D496,2022-02-16 13:57:18,65.44680201451027,103.7443054374055,1.328620598689215
kml_1768,Jurong Lake District - Taman Jurong,Land Transport Authority,E3BE4DD5C5D1139B,2022-02-16 13:57:18,38.862908209344646,103.73817839052806,1.3335464893619333
kml_1769,Jurong Lake District - Taman Jurong,LTA (Others),896D6CB952B7C066,2022-02-16 13:57:18,34.71968702747509,103.73886625548108,1.3345334966187592
kml_1770,Jurong Lake District - Taman Jurong,Land Transport Authority,2E82909890D218A5,2022-02-16 13:57:18,21.475134227936127,103.744430208992,1.3404030599991499
kml_1771,Jurong Lake District - Taman Jurong,LTA (Others),341B901F8DBF43C7,2022-02-16 13:57:18,47.90031578838793,103.7473324427334,1.3387335147293795
kml_1772,Jurong Lake District - Taman Jurong,LTA (Others),C6688C9329D5DBFE,2022-02-16 13:57:18,67.50087489131582,103.73898405588524,1.3353905726131976
kml_1773,Jurong Lake District - Taman Jurong,LTA (Others),08E70FA5D0EE2EF3,2022-02-16 13:57:18,569.2265531476456,103.74196280952492,1.338941758377647
kml_1774,Jurong Lake District - Taman Jurong,LTA (Others),2B300BE8B62B25B0,2022-02-16 13:57:18,148.79443245855856,103.74172890148358,1.3394070532698543
kml_1775,Jurong Lake District - Taman Jurong,LTA (Others),5C5EC68C459E27C7,2022-02-16 13:57:18,36.97519865410534,103.721278400283,1.351015201815865
kml_1776,Jurong Lake District - Taman Jurong,LTA (Others),B9DF5546498B21FE,2022-02-16 13:57:18,65.86335476825718,103.7217304609045,1.35100349089527
kml_1777,Jurong Lake District - Taman Jurong,LTA (Others),3B63123F8CC567DF,2022-02-16 13:57:18,66.18819290674888,103.731591177301,1.34654727446573
kml_1778,Jurong Lake District - Taman Jurong,Land Transport Authority,37FC3496D9CC87FB,2022-02-16 13:57:18,39.27836334776827,103.73958357588141,1.3415229603516519
kml_1779,Jurong Lake District - Taman Jurong,Land Transport Authority,947040B8D5B0CC9A,2022-02-16 13:57:18,46.284940063957535,103.74653004579007,1.3204889588155737
kml_1780,Jurong Lake District - Taman Jurong,LTA (Others),199913FD5EFC1CDD,2022-02-16 13:57:18,34.79760515510029,103.74756584818698,1.3202503932755414
kml_1781,Jurong Lake District - Taman Jurong,Land Transport Authority,4E6BA2D2369F0C8B,2022-02-16 13:57:18,39.62157199413849,103.74698586657999,1.3203816293771218
kml_1782,Jurong Lake District - Taman Jurong,Land Transport Authority,BBB0C2E820BBE4FE,2022-02-16 13:57:18,50.42907110697881,103.73650794135793,1.334195316657814
kml_1783,Jurong Lake District - Taman Jurong,Land Transport Authority,1E446B2D74106ADD,2022-02-16 13:57:18,20.00477091013366,103.73672304564303,1.3339637516953857
kml_1784,Jurong Lake District - Taman Jurong,Land Transport Authority,AC1F57D64BD509B7,2022-02-16 13:57:18,98.57775466120687,103.73720542099332,1.3335819731581844
kml_1785,Jurong Lake District - Taman Jurong,LTA (Others),1D7DE71A70591FFB,2022-02-16 13:57:18,10.028295794039446,103.73682608039749,1.333881737087985
kml_1786,Jurong Lake District - Taman Jurong,Land Transport Authority,DBA7DF6EA4A6D298,2022-02-16 13:57:18,196.8897604977341,103.73850032467622,1.3324805963330983
kml_1787,Jurong Lake District - Taman Jurong,LTA (Others),D390448D81302604,2022-02-16 13:57:18,7.528765509916646,103.7407143744845,1.33098186810865
kml_1788,Jurong Lake District - Taman Jurong,LTA (Others),A16941A68DF71C2B,2022-02-16 13:57:18,40.31443948246385,103.74011899717252,1.33137047127251
kml_1789,Jurong Lake District - Taman Jurong,LTA (Others),EE1313BC3EB5D5BA,2022-02-16 13:57:18,11.133100015955103,103.7246212512515,1.34660938224457
kml_1790,Jurong Lake District - Taman Jurong,LTA (Others),98EB97635C7793B3,2022-02-16 13:57:18,1.9291526838876782,103.72056061379351,1.3492928078823851
kml_1791,Jurong Lake District - Taman Jurong,Land Transport Authority,4631DA05E17DAEF9,2022-02-16 13:57:18,19.43595623783812,103.72065373328999,1.349316254207995
kml_1792,Jurong Lake District - Taman Jurong,LTA (Others),34FCB2753F5C8725,2022-02-16 13:57:18,1.4545831689368074,103.72074478432299,1.349339179975935
kml_1793,Jurong Lake District - Taman Jurong,Land Transport Authority,EFBF799C320A3A63,2022-02-16 13:57:18,26.502547025328486,103.72086663498149,1.349369860723115
kml_1794,Jurong Lake District - Taman Jurong,LTA (Others),C600A961E49AF302,2022-02-16 13:57:18,1.6094179313018884,103.720989160452,1.349400711521225
kml_1795,Ang Mo Kio,LTA (Others),C41E4258973389AD,2022-02-16 13:57:18,8.147851851927262,103.8528861714095,1.36003196264664
kml_1796,Ang Mo Kio,Land Transport Authority,EE938EF4947D2390,2022-02-16 13:57:18,10.104333954482744,103.85282690150851,1.36008874454642
kml_1797,Ang Mo Kio,LTA (Others),6BA974D6B6F8A30B,2022-02-16 13:57:18,6.995314071030572,103.852770556405,1.36014114748934
kml_1798,Ang Mo Kio,Land Transport Authority,64F5347AFC4BB616,2022-02-16 13:57:18,37.262015900645316,103.85263548246108,1.3602761939763242
kml_1799,Ang Mo Kio,Land Transport Authority,82D37AC09A3A76A2,2022-02-16 13:57:18,19.185810239358705,103.8529699907745,1.359941638123825
kml_1800,Sembawang,Land Transport Authority,2146E688D577F3E1,2022-02-16 13:57:18,21.201890475937617,103.82327293474191,1.4449789065201852
kml_1801,Yishun,Land Transport Authority,9D769D8C5A39C10C,2022-02-16 13:57:18,18.070508400477216,103.83778432053215,1.4178465039912551
kml_1802,Kallang,Land Transport Authority,BFD150FCA4DA0E3D,2022-02-16 13:57:18,23.89304198924521,103.86881554805154,1.3323368346790363
kml_1803,Sembawang,Land Transport Authority,9B63BFE5458561AA,2022-02-16 13:57:18,13.827706742158174,103.82030084039451,1.44700315122545
kml_1804,Yishun,LTA (Others),21F8379B153F47A3,2022-02-16 13:57:18,4.998045564278811,103.84045776873745,1.4289317904373686
kml_1805,Yishun,LTA (Others),BFCB109CC56685E6,2022-02-16 13:57:18,74.61758969232673,103.84133123631717,1.4213324095500834
kml_1806,Sembawang,Land Transport Authority,87F4A7331CEF9290,2022-02-16 13:57:18,3.6046716505365586,103.82151715943195,1.4493013850493701
kml_1807,Sembawang,Land Transport Authority,7750F43EA6448DF8,2022-02-16 13:57:18,12.993314055520926,103.82282344257878,1.4465446572557907
kml_1808,Yishun,Land Transport Authority,4C668ABD94F17800,2022-02-16 13:57:18,18.299822394082028,103.8364699957245,1.41731290633652
kml_1809,Yishun,Land Transport Authority,AA2579108C489490,2022-02-16 13:57:18,23.42117293027341,103.845755122848,1.42534661412382
kml_1810,Sembawang,Land Transport Authority,C670FDFDDDE55A71,2022-02-16 13:57:18,23.95715867612136,103.82417557132071,1.4497115462084187
kml_1811,Sembawang,Land Transport Authority,39B7E5D0C62F699A,2022-02-16 13:57:18,10.747601016968506,103.82316405000226,1.444863647745537
kml_1812,Sembawang,Land Transport Authority,B332D0DFD7D0B8B3,2022-02-16 13:57:18,28.729416403366088,103.81955351224669,1.4515393268900973
kml_1813,Sembawang,Land Transport Authority,4E96D262C8C90657,2022-02-16 13:57:18,40.46891360804962,103.8178931895214,1.4558658825678008
kml_1814,Sembawang,Land Transport Authority,5B5F64504590425F,2022-02-16 13:57:18,24.049129100639767,103.82084250645183,1.4470633941090156
kml_1815,Sembawang,Land Transport Authority,C20751B29D2A107B,2022-02-16 13:57:18,7.004438800911151,103.82248036426178,1.4443627070267253
kml_1816,Sembawang,Land Transport Authority,224F79D24D18E607,2022-02-16 13:57:18,29.5450088457888,103.821928822113,1.4471911749911048
kml_1817,Yishun,Land Transport Authority,3013C5F7428C73EC,2022-02-16 13:57:18,2.338324895662558,103.84607890249549,1.42870780755379
kml_1818,Yishun,Land Transport Authority,A902001D13BD2B96,2022-02-16 13:57:18,27.62270835203464,103.8364286728535,1.4304969683947548
kml_1819,Woodlands,Land Transport Authority,6DBB3175F60FAA15,2022-02-16 13:57:18,86.81210024940643,103.78582708917664,1.4345288171901363
kml_1820,Tampines,LTA (Others),117A40CCB2632EDC,2022-02-16 13:57:18,1.6843625972586913,103.943374215403,1.3515853558928201
kml_1821,Tampines,LTA (Others),F3002F8942BA0FC1,2022-02-16 13:57:18,1.6126878324875051,103.943673390191,1.351583976193805
kml_1822,Tampines,LTA (Others),1535438202CFB0C3,2022-02-16 13:57:18,35.46137197616151,103.943965323578,1.351585101417005
kml_1823,Tampines,LTA (Others),C929F25F25BD9245,2022-02-16 13:57:18,1.6016656796286146,103.94428152491,1.3515969209456
kml_1824,Tampines,LTA (Others),77DC68A3E75DC743,2022-02-16 13:57:18,28.917206279352243,103.9444736802835,1.35162992812277
kml_1825,Tampines,LTA (Others),A53C5FC8E8D4E304,2022-02-16 13:57:18,1.76295305987538,103.944950087562,1.3517596527955948
kml_1826,Tampines,LTA (Others),B7D69BB8812F6342,2022-02-16 13:57:18,1.3255683815621846,103.94534078984852,1.35196358792208
kml_1827,Tampines,LTA (Others),A89D42CA08B275FF,2022-02-16 13:57:18,3.5760177873891044,103.93971298292351,1.351568644182715
kml_1828,Tampines,LTA (Others),60ABE8609369C9F9,2022-02-16 13:57:18,9.160744606104657,103.94020164365001,1.3515737783671
kml_1829,Tampines,People's Association (Others),1165D4F3B01E3B5A,2022-02-16 13:57:18,49.10574056159368,103.93925579869949,1.353736637762215
kml_1830,Changi-Simei,Land Transport Authority,D2924DCC92AE167D,2022-02-16 13:57:18,219.69089607953345,103.95990010270522,1.3405056136544087
kml_1831,Pasir Ris,LTA (Others),68B651D8FDF879CB,2022-02-16 13:57:18,19.632288150324218,103.96381420014151,1.3666157772532799
kml_1832,Pasir Ris,Land Transport Authority,D72370D0E15FE0D0,2022-02-16 13:57:18,187.86051142323421,103.9631649213574,1.3659425152302838
kml_1833,Jurong West,Town Council,99CD8460BCB66C67,2022-02-16 13:57:18,330.87337692591615,103.68948316433719,1.3447239813002214
kml_1834,Jurong West,Town Council,AF721D29B654D6A9,2022-02-16 13:57:18,749.1378011417037,103.69307647476896,1.348283177227987
kml_1835,Tampines,LTA (Others),BA0F876C527E996F,2022-02-16 13:57:18,32.05643416589348,103.9516643293645,1.361493923744455
kml_1836,Tampines,LTA (Others),5E397CD77E17B8DB,2022-02-16 13:57:18,26.51690199698011,103.94934567904356,1.3597013089168388
kml_1837,Tampines,Land Transport Authority,641772383D3FB284,2022-02-16 13:57:18,546.3435406776047,103.9468522082676,1.3601196562901028
kml_1838,Tampines,LTA (Others),F16BA76269ADCAA4,2022-02-16 13:57:18,1.9119920946590128,103.9553274082225,1.35926188331187
kml_1839,Tampines,LTA (Others),9EA94CCF51CE9CD7,2022-02-16 13:57:18,1.6527022056308123,103.95532827220751,1.3593696027664701
kml_1840,Tampines,LTA (Others),EB6A889950D85AD7,2022-02-16 13:57:18,1.483300054232277,103.9553282737065,1.3594263279875853
kml_1841,Tampines,LTA (Others),E65DD59C9246808B,2022-02-16 13:57:18,19.036988659737005,103.95532941968298,1.35983519464815
kml_1842,Tampines,LTA (Others),887AC3AB890FF0E3,2022-02-16 13:57:18,1.6384383300900658,103.9553019781055,1.36048221843343
kml_1843,Punggol,Land Transport Authority,E467FD9A20B13042,2022-02-16 13:57:18,67.24461619906745,103.91411103482288,1.4015077119428063
kml_1844,Punggol,Land Transport Authority,62CDAB69A63FC7BC,2022-02-16 13:57:18,60.72055369601066,103.9062517905205,1.399319558137735
kml_1845,Yishun,LTA (Others),03C920CDC79D6915,2022-02-16 13:57:18,1.5834153876688493,103.8372840153385,1.417640112089255
kml_1846,Yishun,LTA (Others),F31EF3F521AEB826,2022-02-16 13:57:18,1.3927982097300555,103.83740558950099,1.417687754672795
kml_1847,Yishun,LTA (Others),707D2EDBC893255B,2022-02-16 13:57:18,3.325927506792423,103.840629612203,1.41881838969939
kml_1848,Yishun,LTA (Others),D1FCBAB68F0A3E12,2022-02-16 13:57:18,2.576202243151491,103.8407761491825,1.419111754931075
kml_1849,Yishun,LTA (Others),405B6348652C370E,2022-02-16 13:57:18,2.0453861039864503,103.83852921716,1.414370229448275
kml_1850,Yishun,LTA (Others),E55C34FCD1B3EAB8,2022-02-16 13:57:18,1.5272143757294054,103.83781012159099,1.4147102424058349
kml_1851,Yishun,LTA (Others),865A202A81016408,2022-02-16 13:57:18,18.477846091832394,103.83745020918835,1.414975401985282
kml_1852,Yishun,LTA (Others),820E0190711BBB17,2022-02-16 13:57:18,2.2263149946819096,103.8372781312415,1.415166201517775
kml_1853,Yishun,LTA (Others),801849A4AF3044B8,2022-02-16 13:57:18,4.163051458266671,103.8371928953425,1.41520888583107
kml_1854,Yishun,LTA (Others),F143F22FE75D47BF,2022-02-16 13:57:18,8.63590970509543,103.837057638724,1.415288465557975
kml_1855,Yishun,LTA (Others),0415B58D8CE45E2E,2022-02-16 13:57:18,5.658389221446553,103.8357396718095,1.41574340894461
kml_1856,Yishun,LTA (Others),CE0C7076DD7BDB89,2022-02-16 13:57:18,9.538399199769943,103.8356000994295,1.4156031065177102
kml_1857,Yishun,LTA (Others),2687B480E5D02380,2022-02-16 13:57:18,2.004101577974978,103.8354378546315,1.41527499439229
kml_1858,Yishun,LTA (Others),AB96C03D268F2AC6,2022-02-16 13:57:18,11.674784506130267,103.83537376813048,1.415120904852475
kml_1859,Yishun,LTA (Others),7919761016A7A5AC,2022-02-16 13:57:18,3.8439027710056175,103.83522227277649,1.414826809898385
kml_1860,Tampines,LTA (Others),BF98419EE30E97ED,2022-02-16 13:57:18,1.7485103377703795,103.94004382918,1.351573344021085
kml_1861,Marina Bay,Land Transport Authority,1FED3012547F4E81,2022-02-16 13:57:18,27.990006837982325,103.8560164499975,1.27973691785623
kml_1862,Marina Bay,Land Transport Authority,F03ABFD8659A8614,2022-02-16 13:57:18,318.92987152306273,103.86759664716125,1.2805722460164575
kml_1863,Marina Bay,LTA (Others),678895BB7A682364,2022-02-16 13:57:18,17.883027095295557,103.85744717443852,1.27965885351431
kml_1864,Marina Bay,Land Transport Authority,77524C5DFC8C522F,2022-02-16 13:57:18,426.51486831437956,103.8602856337344,1.2769741280634421
kml_1865,Sembawang,Town Council (Others),A1A10DCECE9DB401,2022-02-16 13:57:18,7.103286842189789,103.81915005882753,1.4493977670819882
kml_1866,Sembawang,Town Council (Others),0EC57D5973D6E469,2022-02-16 13:57:18,7.640342270047736,103.82101031396357,1.4504994742959805
kml_1867,Pasir Ris,Land Transport Authority,1E70D1FA76018589,2022-02-16 13:57:18,33.901385793895784,103.944287260279,1.37784929737444
kml_1868,Yishun,LTA (Others),FC0B761E130DE2E8,2022-02-16 13:57:18,1.5871774252698534,103.845975466396,1.42558334010031
kml_1869,Yishun,LTA (Others),C576710C7411EEC6,2022-02-16 13:57:18,2.1573237623472155,103.84583231185398,1.4254306101134802
kml_1870,Yishun,LTA (Others),995AAA8B0534C43B,2022-02-16 13:57:18,1.5282652952560596,103.8456786769855,1.425264108069195
kml_1871,Yishun,LTA (Others),B72337580D3FB90B,2022-02-16 13:57:18,6.366056198012312,103.84561727273751,1.42519766071867
kml_1872,Yishun,LTA (Others),FF3AFFA44931D4F0,2022-02-16 13:57:18,2.304381345130238,103.8454219614765,1.42499129180867
kml_1873,Yishun,LTA (Others),F92F20CBD0188B06,2022-02-16 13:57:18,2.06871158090015,103.8453057878285,1.4248714212529001
kml_1874,Yishun,LTA (Others),395CC70546FA63EE,2022-02-16 13:57:18,50.25786668469303,103.84504571409086,1.424383368888458
kml_1875,Yishun,Land Transport Authority,C035515E470E2366,2022-02-16 13:57:18,27.48238400252112,103.840255316146,1.4326334213513499
kml_1876,Yishun,Land Transport Authority,716096CBC152FF36,2022-02-16 13:57:18,49.45123098072397,103.84514556205119,1.4247036606086385
kml_1877,Yishun,Land Transport Authority,A3998BA975758CD5,2022-02-16 13:57:18,48.15478648770207,103.84143707761572,1.4208008574046012
kml_1878,Yishun,Land Transport Authority,BE3184552A994425,2022-02-16 13:57:18,34.73802693656557,103.83742708778374,1.4150922912958293
kml_1879,Yishun,Land Transport Authority,96A86E1B155C0400,2022-02-16 13:57:18,76.85441351387087,103.83213097920046,1.4269708117007651
kml_1880,Yishun,LTA (Others),A5199BD1B32F0735,2022-02-16 13:57:18,3.5204830660500392,103.840153558144,1.4325376879698348
kml_1881,Tampines,LTA (Others),377749F8A2CBE96F,2022-02-16 13:57:18,7.851747741703605,103.940688785464,1.358856828683495
kml_1882,Tampines,Land Transport Authority,C09DBF60F8A02071,2022-02-16 13:57:18,45.48454190344236,103.93972023034017,1.3582657437701913
kml_1883,Tampines,Land Transport Authority,62D2E8D6DD064E05,2022-02-16 13:57:18,40.44512288433008,103.9394102703661,1.358612264689409
kml_1884,Jurong Lake District - Taman Jurong,LTA (Others),2DAB5EC3A3E2E527,2022-02-16 13:57:18,53.15169530825791,103.731372123426,1.3477180133751352
kml_1885,Jurong Lake District - Taman Jurong,LTA (Others),F46C546DD03A0681,2022-02-16 13:57:18,22.930388807667153,103.7314297113485,1.347997657956195
kml_1886,Jurong Lake District - Taman Jurong,Land Transport Authority,2832E78C207BE2B4,2022-02-16 13:57:18,52.31478790668256,103.73419433605565,1.345968808705685
kml_1887,Jurong Lake District - Taman Jurong,Land Transport Authority,E1FD02F51D4AAE0C,2022-02-16 13:57:18,62.05344676359028,103.73380663214667,1.344907931054326
kml_1888,Jurong Lake District - Taman Jurong,Land Transport Authority,1C6D9187AEF46192,2022-02-16 13:57:18,16.09342427392345,103.719785955746,1.35290371756292
kml_1889,Jurong Lake District - Taman Jurong,Land Transport Authority,1915134E231D1D2D,2022-02-16 13:57:18,38.54357159121584,103.724699054822,1.352524169886625
kml_1890,Ang Mo Kio,Land Transport Authority,698EDD78145E3D83,2022-02-16 13:57:18,12.13684959018959,103.8371314500515,1.3663859114315748
kml_1891,Bedok,LTA (Others),3635604971CB65BE,2022-02-16 13:57:18,2.1334896333357927,103.83715227493501,1.3664469293106851
kml_1892,Ang Mo Kio,Land Transport Authority,745268633BA48780,2022-02-16 13:57:18,11.936333260300287,103.83717460852449,1.3665121990558
kml_1893,Ang Mo Kio,Land Transport Authority,628C61728005A0A7,2022-02-16 13:57:18,47.188978928363625,103.83726044376624,1.3667652079564603
kml_1894,Ang Mo Kio,Land Transport Authority,E12DB9F00F76ACA1,2022-02-16 13:57:18,8.626146317178463,103.83732632035415,1.366994034324446
kml_1895,Ang Mo Kio,Land Transport Authority,9C7F0DB31277060F,2022-02-16 13:57:18,9.9504820145198,103.837355886288,1.3670394824887202
kml_1896,Jurong Lake District - Taman Jurong,LTA (Others),3E26B9F1CE501E1A,2022-02-16 13:57:18,24.605084669314067,103.73347629268599,1.341902603267425
kml_1897,Jurong Lake District - Taman Jurong,Land Transport Authority,62F40267CF3E4DE7,2022-02-16 13:57:18,28.942483891997068,103.73934334174423,1.331914007164137
kml_1898,Jurong Lake District - Taman Jurong,Land Transport Authority,3C0ED5E29087BE05,2022-02-16 13:57:18,9.503534082965862,103.739536128199,1.33175453531524
kml_1899,Jurong Lake District - Taman Jurong,Land Transport Authority,F14C7263CF70F209,2022-02-16 13:57:18,50.15203337916694,103.73976342046203,1.3316123232526416
kml_1900,Jurong Lake District - Taman Jurong,Land Transport Authority,BE6F30AEC8D15482,2022-02-16 13:57:18,3.3170408201463166,103.7399544028145,1.33147120928089
kml_1901,Jurong Lake District - Taman Jurong,Land Transport Authority,35A6473C398B0CA4,2022-02-16 13:57:18,4.979322874770492,103.7394852353575,1.33179083270223
kml_1902,Jurong Lake District - Taman Jurong,LTA (Others),9434278FDB89373F,2022-02-16 13:57:18,3.985363954955871,103.73945447437123,1.3318168185935817
kml_1903,Jurong Lake District - Taman Jurong,Land Transport Authority,3629A0A82D5DE74C,2022-02-16 13:57:18,55.24227502285628,103.74048521256609,1.3311460541053413
kml_1904,Jurong Lake District - Taman Jurong,Land Transport Authority,8A609836F9985B22,2022-02-16 13:57:18,48.21498254536058,103.74091673810221,1.3308345092429956
kml_1905,Tampines,Land Transport Authority,8E25A9AF256CA8D3,2022-02-16 13:57:18,154.9635354539285,103.95107162271505,1.3620708041379592
kml_1906,Tampines,LTA (Others),60E21F1EAF3C4306,2022-02-16 13:57:18,31.2296781176382,103.951649840505,1.36128294349071
kml_1907,Pasir Ris,Land Transport Authority,E3FA6CAF047B71B3,2022-02-16 13:57:18,106.55386486878152,103.95128280702734,1.3734045709859724
kml_1908,Pasir Ris,Land Transport Authority,E62B201BCDD9E448,2022-02-16 13:57:18,131.25707393784165,103.94955165394548,1.3721493071848818
kml_1909,Pasir Ris,Land Transport Authority,2A3F52A6DAD815C8,2022-02-16 13:57:18,36.15523907931619,103.95018651965849,1.372286538447005
kml_1910,Jurong Lake District - Taman Jurong,LTA (Others),8CE105D25C32C421,2022-02-16 13:57:18,25.724768663381244,103.72306932349551,1.33051241145435
kml_1911,Jurong Lake District - Taman Jurong,LTA (Others),8CE105D25C32C421,2022-02-16 13:57:18,25.724768663381244,103.72306932349551,1.33051241145435
kml_1912,Jurong Lake District - Taman Jurong,LTA (Others),356E3BAEF21300E3,2022-02-16 13:57:18,21.835684291767073,103.724840253506,1.3327643121344748
kml_1913,Jurong Lake District - Taman Jurong,LTA (Others),A069D441ED48ED28,2022-02-16 13:57:18,28.31483025443644,103.724338769262,1.3329524832519
kml_1914,Jurong Lake District - Taman Jurong,LTA (Others),A069D441ED48ED28,2022-02-16 13:57:18,28.31483025443644,103.724338769262,1.3329524832519
kml_1915,Jurong Lake District - Taman Jurong,LTA (Others),E2B2CABD6F53FD6F,2022-02-16 13:57:18,8.555265216635403,103.7236809577185,1.3329722047022101
kml_1916,Jurong Lake District - Taman Jurong,LTA (Others),E2B2CABD6F53FD6F,2022-02-16 13:57:18,8.555265216635403,103.7236809577185,1.3329722047022101
kml_1917,Jurong Lake District - Taman Jurong,LTA (Others),A08EBC99A3B3E7F9,2022-02-16 13:57:18,8.429962002690868,103.72332370698338,1.3329531251825404
kml_1918,Punggol,Land Transport Authority,B5ED05A0D197170C,2022-02-16 13:57:18,3.8900752686210818,103.91754506450201,1.396846887618235
kml_1919,Punggol,Land Transport Authority,3AE62B435C7B6C98,2022-02-16 13:57:18,82.25407521084642,103.90545500741952,1.4003723943676387
kml_1920,Punggol,Land Transport Authority,3D667A81EDBA53C2,2022-02-16 13:57:18,87.15828448962813,103.90565276862488,1.3997670690040642
kml_1921,Punggol,Land Transport Authority,EA85D61471CE3D69,2022-02-16 13:57:18,24.03294778208208,103.91083984897901,1.3998474035995947
kml_1922,Ang Mo Kio,LTA (Others),F8E0E373CDF2A6C1,2022-02-16 13:57:18,8.94416955675481,103.84525509858858,1.3689664258380332
kml_1923,Punggol,Land Transport Authority,C87FF3F2FBFDF1C3,2022-02-16 13:57:18,4.235148591165734,103.9107159719015,1.39996851913698
kml_1924,Punggol,Land Transport Authority,94FAD582D1DE2613,2022-02-16 13:57:18,17.486022830025387,103.911153306664,1.39581794488512
kml_1925,Punggol,Land Transport Authority,1F541C68516E165D,2022-02-16 13:57:18,44.554097489458826,103.9139596461361,1.3929854923895635
kml_1926,Punggol,Land Transport Authority,8A73B6FFFB3E7FB6,2022-02-16 13:57:18,19.327460174278116,103.91082911336036,1.3956093162258938
kml_1927,Punggol,Land Transport Authority,D124730BA794B206,2022-02-16 13:57:18,30.471923977169325,103.91102506790635,1.3956497029372197
kml_1928,Punggol,Land Transport Authority,6527F3135B97F6E4,2022-02-16 13:57:18,3.3320281665863103,103.9174199814385,1.39668563785377
kml_1929,Punggol,Land Transport Authority,DADBBBA6756B27C3,2022-02-16 13:57:18,4.985250613906969,103.90469967306079,1.4041172840136522
kml_1930,Ang Mo Kio,LTA (Others),6CDF857190286719,2022-02-16 13:57:18,7.057425982893093,103.837379500363,1.36711262472078
kml_1931,Ang Mo Kio,Land Transport Authority,5F4288ACE4571EEF,2022-02-16 13:57:18,28.249983001875645,103.8374296214725,1.36726409796885
kml_1932,Ang Mo Kio,LTA (Others),EAE823C0A670A9D7,2022-02-16 13:57:18,3.3878196957815465,103.837475009342,1.36739966843058
kml_1933,Ang Mo Kio,Land Transport Authority,03890BB52199CA52,2022-02-16 13:57:18,7.109190568538158,103.837490059559,1.3674446510326401
kml_1934,Ang Mo Kio,Land Transport Authority,318351D148CD0315,2022-02-16 13:57:18,84.6765246447728,103.83769723237529,1.367786885455639
kml_1935,Ang Mo Kio,Land Transport Authority,49925235D7F0EC33,2022-02-16 13:57:18,25.178958756739526,103.8381055360561,1.3680083214225176
kml_1936,Bishan,Land Transport Authority,E44289E78EE9A3A4,2022-02-16 13:57:18,13.779317765760347,103.84862915555573,1.3534076793577126
kml_1937,Bishan,Land Transport Authority,DC66D1B4ECB74626,2022-02-16 13:57:18,240.0021536076503,103.84873587105675,1.352516917834212
kml_1938,Bishan,Land Transport Authority,510C561E65227E65,2022-02-16 13:57:18,15.12937615384116,103.84999756389101,1.3481168066062623
kml_1939,Bishan,Land Transport Authority,F0978662BABA3D68,2022-02-16 13:57:18,16.685442664087507,103.85002012502098,1.348254152778975
kml_1940,Bishan,Land Transport Authority,9752ABA42A93740F,2022-02-16 13:57:18,82.05937601577745,103.85011810622541,1.348689372480807
kml_1941,Bishan,Land Transport Authority,ABD63F7DD6980761,2022-02-16 13:57:18,30.714825479689722,103.8502284724525,1.34916985330366
kml_1942,Bishan,LTA (Others),E8E31E1E19F6DA65,2022-02-16 13:57:18,13.148469397702687,103.8502724260835,1.349363154104615
kml_1943,Bishan,Land Transport Authority,742B8EA17A941C4B,2022-02-16 13:57:18,28.473953761437123,103.850313086874,1.34954682932453
kml_1944,Bishan,LTA (Others),2258D708AB186543,2022-02-16 13:57:18,3.733457912124662,103.850344508804,1.3496889029422299
kml_1945,Bishan,Land Transport Authority,340201AB13FD68AB,2022-02-16 13:57:18,16.28828741659153,103.85036337115301,1.34977734467345
kml_1946,Bishan,LTA (Others),251C6090FE23D895,2022-02-16 13:57:18,3.889656710156869,103.850382366495,1.3498664814077102
kml_1947,Bishan,Land Transport Authority,AA908F274507AB94,2022-02-16 13:57:18,92.71927643813532,103.85055804922393,1.3502504332052734
kml_1948,Bedok,LTA (Others),B6D3DB58BB323A62,2022-02-16 13:57:18,26.787369823224694,103.93002616667508,1.333900640977709
kml_1949,Marina Bay,Land Transport Authority,3C190597954A0171,2022-02-16 13:57:18,260.82583847494516,103.85799518070178,1.2798754752109587
kml_1950,Marina Bay,Land Transport Authority,EF0A2A204E39BE19,2022-02-16 13:57:18,427.9408392279191,103.85939354499152,1.279897823040764
kml_1951,Marina Bay,Land Transport Authority,FE817ADBFA436A18,2022-02-16 13:57:18,170.36819782984924,103.85811774252043,1.277096087629684
kml_1952,Marina Bay,Land Transport Authority,6BA4D20BBCD72914,2022-02-16 13:57:18,103.09146232102766,103.8575695332315,1.277063134326995
kml_1953,Marina Bay,Land Transport Authority,73CF5BCF90A042E3,2022-02-16 13:57:18,128.3003847135749,103.85770646519262,1.2783178131748676
kml_1954,Marina Bay,Land Transport Authority,3892C2BFF3E4A767,2022-02-16 13:57:18,338.58156151606886,103.8702874419416,1.2792675941150542
kml_1955,Marina Bay,Land Transport Authority,12FA6F955E8731C3,2022-02-16 13:57:18,446.58081466315275,103.86971464070805,1.276922845511254
kml_1956,Marina Bay,Land Transport Authority,F96EA0CA5CB52C57,2022-02-16 13:57:18,397.05685502150413,103.86676738039485,1.2747496383504133
kml_1957,Marina Bay,Land Transport Authority,22E16DFDCF15096D,2022-02-16 13:57:18,159.82796311129405,103.8652002949315,1.28026707341516
kml_1958,Marina Bay,Land Transport Authority,7B040BA778E82FAF,2022-02-16 13:57:18,190.8845899956531,103.86237753426285,1.2767025191439973
kml_1959,Marina Bay,Land Transport Authority,CF89CE5EAC03BAD5,2022-02-16 13:57:18,143.95470231302394,103.8533143178254,1.2814908456863878
kml_1960,Jurong Lake District - Taman Jurong,Land Transport Authority,AD0BF0991829D6DF,2022-02-16 13:57:18,13.888050751158081,103.721255623422,1.349467804540325
kml_1961,Bedok,Land Transport Authority,64F3D67E3D184795,2022-02-16 13:57:18,61.6730813252432,103.93447331216875,1.3311062214186304
kml_1962,Pasir Ris,Town Council,7CA62FEAC6D517AA,2022-02-16 13:57:18,115.3300526468113,103.94738992897456,1.3739654005375652
kml_1963,Pasir Ris,Town Council,934FD4C7FF8C6945,2022-02-16 13:57:18,90.99938249798586,103.94655795885346,1.3745922773594637
kml_1964,Pasir Ris,Town Council (Others),EB210F29F020EE66,2022-02-16 13:57:18,16.14423431990058,103.946964555126,1.374341629564565
kml_1965,Pasir Ris,Land Transport Authority,672DD52058A1CB38,2022-02-16 13:57:18,53.30737092910291,103.94810349013758,1.3736403280028546
kml_1966,Pasir Ris,Land Transport Authority,8F53335F7F415FE7,2022-02-16 13:57:18,192.22801702224808,103.94830500481784,1.3727514077741743
kml_1967,Pasir Ris,Town Council,CE136CF3E44F13AC,2022-02-16 13:57:18,33.257135936121195,103.95772661468392,1.3653180873974806
kml_1968,Pasir Ris,Town Council,802AE6B5925209A3,2022-02-16 13:57:18,43.93287984577468,103.95680787041056,1.365767261823078
kml_1969,Tampines,LTA (Others),5A3033C4B4E41BF0,2022-02-16 13:57:18,8.15750777414025,103.95538911758,1.35359475968457
kml_1970,Tampines,LTA (Others),360A9C84F98B9D94,2022-02-16 13:57:18,5.014070411201721,103.9561863049735,1.3560744137076102
kml_1971,Tampines,LTA (Others),3EA1C2F414946559,2022-02-16 13:57:18,13.267146620510626,103.95682457981249,1.356159212467335
kml_1972,Tampines,LTA (Others),54DEBAF9AD746730,2022-02-16 13:57:18,61.67101915607937,103.9572575576715,1.35631400117819
kml_1973,Tampines,LTA (Others),6BD873D75626F12E,2022-02-16 13:57:18,2.091241500106579,103.95785153130349,1.356700416708715
kml_1974,Jurong Lake District - Taman Jurong,LTA (Others),6DEE3F1185D6D665,2022-02-16 13:57:18,9.028706130806055,103.71574241395649,1.349716802579445
kml_1975,Jurong Lake District - Taman Jurong,Land Transport Authority,26BCEC4716CD2E07,2022-02-16 13:57:18,56.280972900418355,103.71760074742076,1.3505242650806037
kml_1976,Jurong Lake District - Taman Jurong,Land Transport Authority,F649C615C3CAADF1,2022-02-16 13:57:18,62.90593990480385,103.718212923916,1.3506362490431099
kml_1977,Jurong Lake District - Taman Jurong,LTA (Others),EE51A7423C38EF5A,2022-02-16 13:57:18,9.893139151847096,103.7178889388475,1.350592911008655
kml_1978,Jurong Lake District - Taman Jurong,Land Transport Authority,E5137B324B5BB104,2022-02-16 13:57:18,41.40016335291694,103.71893367214348,1.350752394823276
kml_1979,Jurong Lake District - Taman Jurong,LTA (Others),273FDE29D803A9EF,2022-02-16 13:57:18,29.44940177392582,103.71862531820041,1.350688606960243
kml_1980,Jurong Lake District - Taman Jurong,LTA (Others),755BFADE93A4034D,2022-02-16 13:57:18,1.7185634524005642,103.72566697126251,1.352128713280355
kml_1981,Jurong Lake District - Taman Jurong,Land Transport Authority,DF9831CFF17385DE,2022-02-16 13:57:18,20.50074422714429,103.72607747614279,1.3518051591278397
kml_1982,Jurong Lake District - Taman Jurong,LTA (Others),79311BE2BAD82F81,2022-02-16 13:57:18,2.3104603238729413,103.730727614258,1.345984869857705
kml_1983,Sembawang,Town Council (Others),0DE084D1FE4A5F41,2022-02-16 13:57:18,4.53729665525771,103.81948873073279,1.455431772459011
kml_1984,Sembawang,Town Council (Others),153766A8CCB46BE1,2022-02-16 13:57:18,12.165758148114362,103.814993204056,1.449790626168415
kml_1985,Sembawang,Town Council (Others),EA4DF7F26C87E15B,2022-02-16 13:57:18,11.207541576965035,103.816880822216,1.450430368597885
kml_1986,Ang Mo Kio,Land Transport Authority,ACDD269223C26368,2022-02-16 13:57:18,150.80562287472023,103.83682257933509,1.384847531801451
kml_1987,Sembawang,Town Council (Others),503912DE18896361,2022-02-16 13:57:18,59.18173593367827,103.81955289207662,1.4460561121365534
kml_1988,Sembawang,Town Council (Others),3B4E8790C5754AD2,2022-02-16 13:57:18,2.2227568783825085,103.8198113254225,1.445481913697495
kml_1989,Sembawang,Town Council (Others),314DC4750EF1F5B1,2022-02-16 13:57:18,2.1433094317443855,103.8196350695995,1.445792435396845
kml_1990,Pasir Ris,LTA (Others),8DDE2CB2E9038CF3,2022-02-16 13:57:18,46.13282035533395,103.94644180885318,1.3754761449350863
kml_1991,Jurong Lake District - Taman Jurong,Land Transport Authority,994C51ECEF3007BB,2022-02-16 13:57:18,72.07056829536647,103.731473828584,1.34716118642397
kml_1992,Punggol,LTA (Others),6525386ECCAAF358,2022-02-16 13:57:18,68.86929233311137,103.90632923784105,1.4030607449035157
kml_1993,Clementi,Land Transport Authority,700BFBD4820DFE90,2022-02-16 13:57:18,68.34653044319101,103.77922958809799,1.3119892792200751
kml_1994,Jurong Lake District - Taman Jurong,Land Transport Authority,CE265537AA810A38,2022-02-16 13:57:18,14.122000113571435,103.747298297507,1.33838144041641
kml_1995,Jurong Lake District - Taman Jurong,LTA (Others),E1C33E419C2F88B7,2022-02-16 13:57:18,1.5587596812042381,103.7472015207415,1.338892119306235
kml_1996,Jurong Lake District - Taman Jurong,LTA (Others),4ED92D63736F6F43,2022-02-16 13:57:18,16.38450933242653,103.73861060934,1.340232525780885
kml_1997,Jurong Lake District - Taman Jurong,LTA (Others),4AADB071B512659B,2022-02-16 13:57:18,16.74436731204034,103.7395290094675,1.33932476780499
kml_1998,Jurong Lake District - Taman Jurong,LTA (Others),8E6F9C4A87A44B94,2022-02-16 13:57:18,5.9585898601752625,103.73434931643102,1.3412137168377698
kml_1999,Jurong Lake District - Taman Jurong,LTA (Others),4073D3821CB22266,2022-02-16 13:57:18,97.09416677789483,103.73487100576051,1.3410401391364601
kml_2000,Jurong Lake District - Taman Jurong,LTA (Others),E67C7DD18E969DE1,2022-02-16 13:57:18,26.597990091190873,103.7358155656605,1.3420569587441542
kml_2001,Jurong Lake District - Taman Jurong,LTA (Others),7FEF93A935E00A6A,2022-02-16 13:57:18,51.1889400963345,103.74367867870446,1.336280842895139
kml_2002,Jurong Lake District - Taman Jurong,LTA (Others),6A962A9093695020,2022-02-16 13:57:18,25.803784788625137,103.74390285657884,1.3360154760435266
kml_2003,Jurong Lake District - Taman Jurong,LTA (Others),F353D229FC5D0A30,2022-02-16 13:57:18,20.018812227860963,103.74351469498367,1.3365681783172427
kml_2004,Jurong Lake District - Taman Jurong,Land Transport Authority,82B8BC4BE4CCED81,2022-02-16 13:57:18,18.87529635797618,103.74730278651401,1.3382320835865902
kml_2005,Jurong Lake District - Taman Jurong,Land Transport Authority,BE16B8236FE2DF7E,2022-02-16 13:57:18,17.934186922250284,103.74732120824702,1.33806578083267
kml_2006,Jurong Lake District - Taman Jurong,Land Transport Authority,83AC86ABF8144E77,2022-02-16 13:57:18,9.43327123904866,103.7473443256225,1.337944410188015
kml_2007,Jurong Lake District - Taman Jurong,Land Transport Authority,9570AB417A4A5EDD,2022-02-16 13:57:18,29.027758774867188,103.7473653254875,1.337773006009375
kml_2008,Jurong Lake District - Taman Jurong,Land Transport Authority,FC8FF84F7ACC7872,2022-02-16 13:57:18,36.094494165289184,103.7473962348205,1.33748020087452
kml_2009,Jurong Lake District - Taman Jurong,Land Transport Authority,195FE726194BDE08,2022-02-16 13:57:18,21.607061230502485,103.74646937246999,1.33901033160026
kml_2010,Jurong Lake District - Taman Jurong,Land Transport Authority,A9C0542D3F37AD41,2022-02-16 13:57:18,7.185927364458939,103.74693904448401,1.33893900849427
kml_2011,Woodlands,LTA (Others),4CCD53630A3E95F4,2022-02-16 13:57:18,70.48149242220444,103.7751640591042,1.4324361057359993
kml_2012,Kallang,Land Transport Authority,C6AEB7482399C528,2022-02-16 13:57:18,66.11025587206073,103.86621613032663,1.3356804369274073
kml_2013,Kallang,Land Transport Authority,5BB399902C0D2640,2022-02-16 13:57:18,75.97995730631638,103.86566779813538,1.3359570853865919
kml_2014,Kallang,Land Transport Authority,C246598D9B5F9FF1,2022-02-16 13:57:18,27.814313826228606,103.86506466182094,1.3359453446553393
kml_2015,Kallang,Land Transport Authority,F2862FE27AC7AE9B,2022-02-16 13:57:18,24.569829961486644,103.86805550866617,1.3328512191795896
kml_2016,Kallang,Land Transport Authority,F7ECB3BF9E9C08FA,2022-02-16 13:57:18,60.69032277482337,103.86791687978851,1.3334327528956795
kml_2017,Kallang,Land Transport Authority,FF53AE8A2B305722,2022-02-16 13:57:18,14.052032054357607,103.86785477513399,1.33376392480192
kml_2018,Kallang,Land Transport Authority,F4E43B991AB7566B,2022-02-16 13:57:18,95.47030507915179,103.86756703100387,1.3341555720208682
kml_2019,Kallang,Land Transport Authority,F65DC77077B26BB5,2022-02-16 13:57:18,39.909077997273585,103.86677877909484,1.3349647889454752
kml_2020,Kallang,Land Transport Authority,5F59CF31F90EFFA3,2022-02-16 13:57:18,48.795709228415824,103.86705698177248,1.334677890655995
kml_2021,Kallang,Land Transport Authority,92BDE1EFA0CA360C,2022-02-16 13:57:18,22.541409533092438,103.866512649423,1.33529353196367
kml_2022,Kallang,LTA (Others),FFE36AF89D53E41B,2022-02-16 13:57:18,4.700548332734786,103.86893335969302,1.3322897474581201
kml_2023,Kallang,LTA (Others),D6750B38827E3EEC,2022-02-16 13:57:18,10.040901546156901,103.8664286700555,1.33541410567744
kml_2024,Central,Land Transport Authority,7FE6C7DC0BEDC2C8,2022-02-16 13:57:18,19.34410560005255,103.84985269374849,1.2981736369441848
kml_2025,Central,Land Transport Authority,8797E75379DD3212,2022-02-16 13:57:18,33.40192476606558,103.85000418491386,1.2983548497531399
kml_2026,Central,Land Transport Authority,78B43B4EA590D1CB,2022-02-16 13:57:18,4.1754580329806394,103.85013619961953,1.298447224169963
kml_2027,Central,LTA (Others),4776288E09A42493,2022-02-16 13:57:18,6.493605963658228,103.8501674245985,1.298482207606425
kml_2028,Central,Land Transport Authority,5117267407C42667,2022-02-16 13:57:18,2.51767413013451,103.850187866263,1.298516676428425
kml_2029,Central,Land Transport Authority,B96934647422694F,2022-02-16 13:57:18,17.536959943613603,103.85023520710341,1.2985917223590686
kml_2030,Central,Land Transport Authority,E6474655F4D8E0EB,2022-02-16 13:57:18,25.601086622618737,103.85035950930464,1.2987412886741283
kml_2031,Central,Land Transport Authority,54E617194FDDAAAD,2022-02-16 13:57:18,45.75101624565976,103.85056697217894,1.2989869428748266
kml_2032,Bedok,Land Transport Authority,945F2E0773105831,2022-02-16 13:57:18,16.29608421768907,103.92307947835201,1.3243351308156002
kml_2033,Bedok,Land Transport Authority,3C9126692B24A247,2022-02-16 13:57:18,235.34530768839784,103.94043428673952,1.3265391440327512
kml_2034,Bedok,Land Transport Authority,8283D45FEDBEEC0E,2022-02-16 13:57:18,172.22540688711365,103.93714510275983,1.3235584491919614
kml_2035,Bedok,Land Transport Authority,F7263F68C0793B34,2022-02-16 13:57:18,90.75791457951824,103.9373121011443,1.3223065275842658
kml_2036,Bedok,Land Transport Authority,A432731B8605B5AE,2022-02-16 13:57:18,158.08049341595876,103.9374540463165,1.3211904778318715
kml_2037,Bedok,Land Transport Authority,EE365CB3C9BAC347,2022-02-16 13:57:18,66.70744005326236,103.93027110187302,1.3326865330215298
kml_2038,Bedok,Land Transport Authority,0FE3B5427F992EEC,2022-02-16 13:57:18,47.22591398286235,103.93036801513097,1.3320810463009147
kml_2039,Bedok,Land Transport Authority,819A826B99490C29,2022-02-16 13:57:18,12.315149687608201,103.92720463944245,1.3299840003214705
kml_2040,Bedok,Land Transport Authority,FEC5377107194963,2022-02-16 13:57:18,9.88077283537681,103.92738930590158,1.3300316394495342
kml_2041,Bedok,Land Transport Authority,E6AE98AD967066C5,2022-02-16 13:57:18,56.91039533078613,103.92863465206,1.330329709356375
kml_2042,Bedok,Land Transport Authority,1D5D2C3C166EE825,2022-02-16 13:57:18,25.167340512229792,103.92827669729,1.33024065250829
kml_2043,Bedok,Land Transport Authority,EACD77AA3EED75BD,2022-02-16 13:57:18,102.80267872862382,103.92932905324142,1.3305083610495985
kml_2044,Bedok,Land Transport Authority,C0008E31F6840E0F,2022-02-16 13:57:18,52.98724056560108,103.92999730789064,1.3306720548126958
kml_2045,Bedok,Land Transport Authority,AC1FE0F9EAC9DD3B,2022-02-16 13:57:18,53.536736515824366,103.93072010513318,1.3302844817030486
kml_2046,Bedok,Land Transport Authority,57319A5AECCCA91E,2022-02-16 13:57:18,24.684360959835164,103.930824685763,1.3308473594822
kml_2047,Bedok,Land Transport Authority,5DE2A716D5F4B870,2022-02-16 13:57:18,57.124370183622766,103.93055161324651,1.331136013241725
kml_2048,Bedok,Land Transport Authority,DC5F3E94371E58B9,2022-02-16 13:57:18,26.915884799957414,103.930484916932,1.33151005194303
kml_2049,Bedok,Land Transport Authority,4D9DAFB5BCEAC78F,2022-02-16 13:57:18,53.07376164809283,103.93075633911799,1.3317693454465571
kml_2050,Bedok,Land Transport Authority,73BEB44B1C8F5E31,2022-02-16 13:57:18,69.89765435619594,103.93129911792435,1.3318729073547664
kml_2051,Bedok,Land Transport Authority,014F1EFD96B287FF,2022-02-16 13:57:18,7.051520356281776,103.930960244242,1.3308883859543048
kml_2052,Bedok,Land Transport Authority,B9424D897C9F73FC,2022-02-16 13:57:18,7.570511475115928,103.931087245351,1.33091830717676
kml_2053,Bedok,Land Transport Authority,87B846642A8A401B,2022-02-16 13:57:18,84.81340788245134,103.92131933211583,1.337136969104097
kml_2054,Bedok,Land Transport Authority,BDEDE5828EB918E9,2022-02-16 13:57:18,111.34433660630276,103.92253213809414,1.3376560154772603
kml_2055,Bedok,Land Transport Authority,5333B64F9426808E,2022-02-16 13:57:18,131.77675411561378,103.92362305903563,1.3380328005001865
kml_2056,Bedok,Land Transport Authority,F3164C75564C9150,2022-02-16 13:57:18,47.53775631801332,103.9245604873725,1.338253617891155
kml_2057,Bedok,Land Transport Authority,FAAF418733E4FBDA,2022-02-16 13:57:18,8.333684944635548,103.926577283976,1.33307705717605
kml_2058,Ang Mo Kio,Land Transport Authority,18FCFB37DEE4449B,2022-02-16 13:57:18,25.060152902472584,103.8405154704145,1.3672215113930999
kml_2059,Ang Mo Kio,LTA (Others),2139AAB70652A494,2022-02-16 13:57:18,3.877130504963213,103.84064028833251,1.36718496927261
kml_2060,Toa Payoh,Land Transport Authority,DB193B9528CE33BA,2022-02-16 13:57:18,15.706266908167812,103.85618114055937,1.3344198455079015
kml_2061,Clementi,LTA (Others),A06BEF36FC8101D7,2022-02-16 13:57:18,9.692026863579063,103.765913672333,1.31866791979615
kml_2062,Clementi,LTA (Others),744A02FFAD05C035,2022-02-16 13:57:18,8.394861705993264,103.766220855302,1.31944611667552
kml_2063,Clementi,LTA (Others),0BE558809A632005,2022-02-16 13:57:18,9.282889187668284,103.767028577825,1.32029774192145
kml_2064,Clementi,LTA (Others),5D1C4D3DE2120ABF,2022-02-16 13:57:18,9.647103760382315,103.76759925180951,1.32088712172945
kml_2065,Clementi,Land Transport Authority,DCD784E8DC7164B7,2022-02-16 13:57:18,34.44489129864087,103.76774158868051,1.3210256623285002
kml_2066,Clementi,Land Transport Authority,E81516AFAAC5CFE4,2022-02-16 13:57:18,27.330245941722307,103.7674806950165,1.3207701567147998
kml_2067,Bedok,LTA (Others),EA13C6853FF803A0,2022-02-16 13:57:18,48.09721134320984,103.93043630922301,1.3307849164242733
kml_2068,Bedok,LTA (Others),82F9346834261E8B,2022-02-16 13:57:18,16.51697648459777,103.93064918391292,1.3308371211522583
kml_2069,Bedok,LTA (Others),8CC5D4C41264B20E,2022-02-16 13:57:18,1.7573827693963273,103.9317742054805,1.331081924209275
kml_2070,Bedok,LTA (Others),A61D2CE78F11609F,2022-02-16 13:57:18,1.751772016480566,103.932721921396,1.331268910076955
kml_2071,Bedok,LTA (Others),64613CCC9212D717,2022-02-16 13:57:18,56.86107743563589,103.93426898327178,1.3316410561300946
kml_2072,Bedok,LTA (Others),29550E346C1ABE8A,2022-02-16 13:57:18,18.059015407084896,103.93563858806299,1.331955830629485
kml_2073,Bedok,LTA (Others),0E84B96F12D71B02,2022-02-16 13:57:18,24.120251939140026,103.936965010683,1.3321495445980251
kml_2074,Bedok,LTA (Others),70DB20EC678597B0,2022-02-16 13:57:18,14.528067595913816,103.937773027639,1.33210407235741
kml_2075,Bedok,LTA (Others),545E5B43195D7C20,2022-02-16 13:57:18,45.04949636543901,103.937608364287,1.3320826975111302
kml_2076,Bedok,LTA (Others),5029AEEC36C36FB1,2022-02-16 13:57:18,5.677118398837959,103.93776316502901,1.33294517925528
kml_2077,Bedok,LTA (Others),2BDE74600FCDFE11,2022-02-16 13:57:18,11.879621024045617,103.938599854852,1.333179334996505
kml_2078,Bedok,LTA (Others),F39783EB5501D120,2022-02-16 13:57:18,16.634071885148924,103.939527813752,1.333412795544875
kml_2079,Bedok,LTA (Others),9C67CDF2BF88DD19,2022-02-16 13:57:18,11.493784616156814,103.9405795568205,1.33372733458246
kml_2080,Bedok,LTA (Others),0A6A075B2D2CEBC0,2022-02-16 13:57:18,19.117045939540116,103.94190772286397,1.33402331601929
kml_2081,Bedok,LTA (Others),62D46996114C45E2,2022-02-16 13:57:18,10.093887994874388,103.9424929232795,1.3341542286013701
kml_2082,Bedok,LTA (Others),93C04581AC9F4F9C,2022-02-16 13:57:18,16.232811463324254,103.9393888897435,1.331034666895935
kml_2083,Bedok,LTA (Others),75D05D03E4150150,2022-02-16 13:57:18,10.114548694769708,103.93995738511799,1.3290380510729252
kml_2084,Bedok,LTA (Others),51A9966768467B22,2022-02-16 13:57:18,9.599960659963072,103.9401337419205,1.328156636741235
kml_2085,Bedok,LTA (Others),0E49BDBF4E0F992E,2022-02-16 13:57:18,1472.8244778510325,103.93810524362377,1.3273059631611384
kml_2086,Bedok,LTA (Others),323DFAAD53E6F44D,2022-02-16 13:57:18,42.18801742966751,103.93425025631974,1.3313614761721788
kml_2087,Bedok,LTA (Others),07A48B2C4C20842C,2022-02-16 13:57:18,7.880573058145864,103.93453333317049,1.3308022388054699
kml_2088,Clementi,LTA (Others),699BE0A8CCAE6F7F,2022-02-16 13:57:18,39.83863960045864,103.7658762703875,1.318291674396475
kml_2089,Bedok,LTA (Others),AAEB9F13E6D831E6,2022-02-16 13:57:18,3.0014249967578124,103.9346029101295,1.3304956622470598
kml_2090,Bedok,LTA (Others),0CCD6504BAD906F1,2022-02-16 13:57:18,12.230062509532898,103.935501950202,1.330285891830685
kml_2091,Bedok,LTA (Others),09D49C605267C04E,2022-02-16 13:57:18,26.050596462113614,103.9354611343155,1.326161174583975
kml_2092,Bedok,LTA (Others),B3EC99ECFE16A27A,2022-02-16 13:57:18,4.645634209510908,103.93540970362551,1.3264300072621849
kml_2093,Bedok,LTA (Others),36C364526D005ABB,2022-02-16 13:57:18,7.539218881776264,103.935385763068,1.326551620231835
kml_2094,Bishan,Land Transport Authority,FA3981664297937B,2022-02-16 13:57:18,81.85289402542568,103.85113819392379,1.3507206577663204
kml_2095,Sembawang,Land Transport Authority,CB035D104DD2425E,2022-02-16 13:57:18,60.338221486780654,103.82197738702104,1.4439586863418092
kml_2096,Jurong Lake District - Taman Jurong,Land Transport Authority,01D8F8036FDB68FD,2022-02-16 13:57:18,146.28843377669537,103.72107248941721,1.3295138252607848
kml_2097,Jurong Lake District - Taman Jurong,LTA (Others),649FAF85664513CB,2022-02-16 13:57:18,18.663956429264413,103.7242591179945,1.33826605847096
kml_2098,Jurong Lake District - Taman Jurong,LTA (Others),143FC11932AB3D84,2022-02-16 13:57:18,11.867415513993594,103.723216495484,1.3399723028020802
kml_2099,Jurong Lake District - Taman Jurong,Land Transport Authority,385999AD1D74AF26,2022-02-16 13:57:18,43.21516775743649,103.722761074729,1.329113070537645
kml_2100,Jurong Lake District - Taman Jurong,Land Transport Authority,62C159D4C75542D4,2022-02-16 13:57:18,11.209011149797712,103.72113320077904,1.3375182307490905
kml_2101,Jurong Lake District - Taman Jurong,Land Transport Authority,F8FD9FB74F18D6A5,2022-02-16 13:57:18,17.89078289856181,103.7208850286155,1.337921004249785
kml_2102,Bedok,Land Transport Authority,214187CB6B4EB771,2022-02-16 13:57:18,13.922900928871439,103.93128057530497,1.3275654313921337
kml_2103,Bedok,Land Transport Authority,137F920F17459874,2022-02-16 13:57:18,109.55351852909969,103.93182774422432,1.3276419148252818
kml_2104,Hougang,Land Transport Authority,784C395DBD0A453D,2022-02-16 13:57:18,121.02456732573421,103.89267134548732,1.379268240403811
kml_2105,Hougang,LTA (Others),1605F2E73D9E1116,2022-02-16 13:57:18,49.63387394012378,103.89256917687351,1.37674410379538
kml_2106,Hougang,LTA (Others),731BB54DB2D0EF58,2022-02-16 13:57:18,7.246697404725095,103.892644031126,1.375690207051645
kml_2107,Hougang,LTA (Others),037553BF8EC01E1A,2022-02-16 13:57:18,7.314073567700077,103.892625689282,1.37395233733849
kml_2108,Hougang,LTA (Others),F48DDA582541C5CC,2022-02-16 13:57:18,118.56384721053863,103.89250595419401,1.37269171916982
kml_2109,Sembawang,Land Transport Authority,FDDA0D9F2FC382FF,2022-02-16 13:57:18,1.775171252453081,103.818325688171,1.450963213925145
kml_2110,Kallang,Land Transport Authority,BB3C23EB7E165B5C,2022-02-16 13:57:18,15.905369551890628,103.865257859482,1.33597423528122
kml_2111,Sembawang,Land Transport Authority,C276863FB675B1BA,2022-02-16 13:57:18,19.83923962183659,103.81803501122867,1.4508147646997598
kml_2112,Sembawang,Land Transport Authority,7965C05425B2096C,2022-02-16 13:57:18,101.02923850056898,103.81579625738235,1.4546749128785528
kml_2113,Sembawang,Land Transport Authority,EEAA08E3AAF9EF1E,2022-02-16 13:57:18,46.85861690586606,103.82269983433433,1.4444925591102755
kml_2114,Yishun,Land Transport Authority,2E7FCB1A3029AD45,2022-02-16 13:57:18,13.032907836305872,103.83734510142551,1.417664323613695
kml_2115,Sembawang,Land Transport Authority,EBFE985383B08F43,2022-02-16 13:57:18,467.8714896567689,103.81681562296592,1.4579866461696938
kml_2116,Yishun,Land Transport Authority,C2334B975CE50697,2022-02-16 13:57:18,12.95217104114467,103.83677373992252,1.4304855076294591
kml_2117,Sembawang,Land Transport Authority,79A925851B6C3886,2022-02-16 13:57:18,12.834646684628286,103.8201117648295,1.446970800132135
kml_2118,Sembawang,Land Transport Authority,5CE0E6EE99FD4EC1,2022-02-16 13:57:18,14.075878563243094,103.82150715501758,1.4493744357434704
kml_2119,Yishun,Land Transport Authority,9876402C020195B5,2022-02-16 13:57:18,25.0450834350821,103.84439258678387,1.4309371690911643
kml_2120,Sembawang,Land Transport Authority,47965810F0C2946C,2022-02-16 13:57:18,19.42970132144557,103.81920640316508,1.451350153503134
kml_2121,Sembawang,Land Transport Authority,80F4DF8E504B55C7,2022-02-16 13:57:18,27.598173004981053,103.81811585939145,1.4561894917903286
kml_2122,Jurong Lake District - Taman Jurong,Land Transport Authority,6F73510438AF7D54,2022-02-16 13:57:18,107.83612759759116,103.73119205375262,1.3484189928156305
kml_2123,Jurong Lake District - Taman Jurong,Land Transport Authority,3E2917000BCCAAED,2022-02-16 13:57:18,200.81050984759776,103.72248247755749,1.3463687920837701
kml_2124,Jurong Lake District - Taman Jurong,Land Transport Authority,A87E3EA7057F82AF,2022-02-16 13:57:18,77.66318853858553,103.72315607191948,1.3472089644667138
kml_2125,Jurong Lake District - Taman Jurong,Land Transport Authority,7734C67E940525DB,2022-02-16 13:57:18,10.733093692502397,103.72311572291702,1.3476750175676
kml_2126,Jurong Lake District - Taman Jurong,LTA (Others),AFCCA25E15D7A3A5,2022-02-16 13:57:18,5.960486044423797,103.72325979877498,1.34684929659328
kml_2127,Jurong Lake District - Taman Jurong,LTA (Others),73F27CF683C7FFCA,2022-02-16 13:57:18,7.888103540749132,103.723115680875,1.34759081867859
kml_2128,Jurong Lake District - Taman Jurong,LTA (Others),45BE0C3057B73122,2022-02-16 13:57:18,21.11447102246666,103.723210920615,1.34772158889448
kml_2129,Jurong Lake District - Taman Jurong,Land Transport Authority,21709643D11DFAA7,2022-02-16 13:57:18,28.833260484998743,103.72330691774812,1.3477010930534947
kml_2130,Jurong Lake District - Taman Jurong,Land Transport Authority,65FF1A8D147FE45C,2022-02-16 13:57:18,6.8938285877238705,103.72331533069668,1.3475287088187156
kml_2131,Jurong Lake District - Taman Jurong,Land Transport Authority,9BB9315C65CFFE8F,2022-02-16 13:57:18,25.11337853136359,103.722748723911,1.328804351688295
kml_2132,Jurong Lake District - Taman Jurong,Land Transport Authority,9D94A67763C5DE24,2022-02-16 13:57:18,67.18103000796687,103.72300127460551,1.337493234201365
kml_2133,Jurong Lake District - Taman Jurong,Land Transport Authority,ABF6A0AACB20CCB7,2022-02-16 13:57:18,13.359723926791098,103.721789279859,1.3367223721219301
kml_2134,Jurong Lake District - Taman Jurong,LTA (Others),DBE1F59BCE265E51,2022-02-16 13:57:18,6.287724680346083,103.7216456953955,1.33561001828874
kml_2135,Jurong Lake District - Taman Jurong,Land Transport Authority,E0A4D06512F7305C,2022-02-16 13:57:18,16.76590550627879,103.72190366820648,1.336795188502125
kml_2136,Jurong Lake District - Taman Jurong,Land Transport Authority,F27A0EE106018B35,2022-02-16 13:57:18,100.27047288820519,103.7214001443118,1.3370917082635905
kml_2137,Jurong Lake District - Taman Jurong,Land Transport Authority,0011C9FC1D7B7577,2022-02-16 13:57:18,11.73911993472675,103.72168787716015,1.3366899483268675
kml_2138,Jurong Lake District - Taman Jurong,Land Transport Authority,A1CEE8D82BC38E09,2022-02-16 13:57:18,154.36450112491468,103.72473470535759,1.3304716879238727
kml_2139,Jurong Lake District - Taman Jurong,Land Transport Authority,D64360855E3C3FB2,2022-02-16 13:57:18,59.00509563991089,103.72468090778577,1.3294274343206587
kml_2140,Pasir Ris,Town Council,788560C05736CDF5,2022-02-16 13:57:18,129.01682845045175,103.96053081448511,1.3700813485851315
kml_2141,Pasir Ris,Town Council,85AEE820E85DFEFB,2022-02-16 13:57:18,179.36036717611347,103.96021892258172,1.3685497741245005
kml_2142,Central,Land Transport Authority,327E1A5E06EDA6D6,2022-02-16 13:57:18,4.043190160292058,103.8490327956589,1.2972713908099096
kml_2143,Central,Land Transport Authority,3AED976CF5CB0891,2022-02-16 13:57:18,23.10013247351364,103.84912117118665,1.2973442804055966
kml_2144,Central,Land Transport Authority,33866DE0F80583B2,2022-02-16 13:57:18,4.7523132238643875,103.84920490941249,1.29743775755843
kml_2145,Central,LTA (Others),7716F82B3303DF79,2022-02-16 13:57:18,6.1484934799186135,103.849235432746,1.2974763045579851
kml_2146,Central,Land Transport Authority,83461BBA1FE9E6BC,2022-02-16 13:57:18,14.814777521295747,103.8492944949787,1.297550139270235
kml_2147,Central,LTA (Others),7D781FB734651D45,2022-02-16 13:57:18,5.74576502397203,103.8493535459325,1.297621613976475
kml_2148,Central,Land Transport Authority,919369A05B15D6BA,2022-02-16 13:57:18,2.2874829923606836,103.849377234424,1.297649019243685
kml_2149,Central,Land Transport Authority,63A5FE3109B2BB0A,2022-02-16 13:57:18,19.883102043572112,103.84944222390898,1.29772499179971
kml_2150,Central,Land Transport Authority,765506A7886A7F2A,2022-02-16 13:57:18,9.08912850000279,103.84952386208413,1.2978267692435883
kml_2151,Central,LTA (Others),7A90874AA488CB84,2022-02-16 13:57:18,14.445616289552282,103.849586946424,1.2979120216446
kml_2152,Central,LTA (Others),4605871E1CE33976,2022-02-16 13:57:18,7.080912311651296,103.84964943151753,1.2979854180292039
kml_2153,Central,LTA (Others),FBD936425190FF05,2022-02-16 13:57:18,5.8295485244620995,103.849701835755,1.2980001747605
kml_2154,Central,Land Transport Authority,31D67CB680ADD264,2022-02-16 13:57:18,2.991693134377848,103.84973455451002,1.2980098693377449
kml_2155,Central,Land Transport Authority,CDE7E1F1B1CE3E6E,2022-02-16 13:57:18,11.270558964103934,103.84976808996453,1.2980646791565897
kml_2156,Bedok,LTA (Others),89225F4C5BC5241E,2022-02-16 13:57:18,1651.5177244226763,103.93029725917881,1.3223132429680136
kml_2157,Bedok,LTA (Others),9064CF58A5A32565,2022-02-16 13:57:18,128.9074991486786,103.9381285823995,1.3204863135636
kml_2158,Marina Bay,Land Transport Authority,E61F8D493C6A1B0D,2022-02-16 13:57:18,65.35591108118516,103.85249270845,1.282032147533235
kml_2159,Yishun,LTA (Others),035E64C65327735F,2022-02-16 13:57:18,1.5251325460313838,103.8299399017645,1.42916571820277
kml_2160,Yishun,LTA (Others),3F2467605F6BCBEF,2022-02-16 13:57:18,6.312401260245033,103.8425420557295,1.43128107918441
kml_2161,Yishun,LTA (Others),C362FF0083AC0259,2022-02-16 13:57:18,3.706283845886591,103.83057642886749,1.428575425414735
kml_2162,Jurong Lake District - Taman Jurong,LTA (Others),F1C23A1B5E950834,2022-02-16 13:57:18,45.75026241253569,103.74195939297455,1.321737123566031
kml_2163,Jurong Lake District - Taman Jurong,Land Transport Authority,9618ADABE807B517,2022-02-16 13:57:18,25.143028804793424,103.73989056967945,1.3222128936513164
kml_2164,Jurong Lake District - Taman Jurong,Land Transport Authority,37872F6554F1C538,2022-02-16 13:57:18,4.466615582192574,103.73953681549018,1.322278076887202
kml_2165,Jurong Lake District - Taman Jurong,LTA (Others),4846149BF4DF2E0D,2022-02-16 13:57:18,12.396316573218211,103.73250331149204,1.3451908873100669
kml_2166,Jurong Lake District - Taman Jurong,LTA (Others),A6A8D2B5D0FDA05D,2022-02-16 13:57:18,27.57368576232974,103.73168604451418,1.3461352969595204
kml_2167,Jurong Lake District - Taman Jurong,Land Transport Authority,E718966C02F04E48,2022-02-16 13:57:18,28.928341173925393,103.73176709135015,1.3458939634658067
kml_2168,Jurong Lake District - Taman Jurong,Land Transport Authority,F1BB3036263ADF72,2022-02-16 13:57:18,1.2055969016924404,103.73164031205499,1.34625164884697
kml_2169,Jurong Lake District - Taman Jurong,LTA (Others),DB099C61AF4B0F32,2022-02-16 13:57:18,19.042774533954404,103.731892829057,1.34581652108404
kml_2170,Jurong Lake District - Taman Jurong,LTA (Others),CB765CBF5256D8D2,2022-02-16 13:57:18,10.680523654934316,103.7310923187145,1.346102995532765
kml_2171,Jurong Lake District - Taman Jurong,Land Transport Authority,0C4BCC05B6ACE118,2022-02-16 13:57:18,24.08955812186983,103.73124324069308,1.3461435512494493
kml_2172,Jurong Lake District - Taman Jurong,Land Transport Authority,16510598BCE3A377,2022-02-16 13:57:18,26.312565396954156,103.73872561308438,1.334303580677317
kml_2173,Jurong Lake District - Taman Jurong,LTA (Others),DDDF02B1C3D42998,2022-02-16 13:57:18,2.4514672186118363,103.7386476685733,1.3341998462681355
kml_2174,Jurong Lake District - Taman Jurong,Land Transport Authority,471896DE6B6D2E56,2022-02-16 13:57:18,46.269090517646156,103.73892490647687,1.3348918326330759
kml_2175,Jurong Lake District - Taman Jurong,Land Transport Authority,0FF2D183CEAC4D10,2022-02-16 13:57:18,76.95441100485985,103.74321869988756,1.3292505851245462
kml_2176,Jurong Lake District - Taman Jurong,Land Transport Authority,8A01B14997171292,2022-02-16 13:57:18,20.001580444936646,103.7428625767165,1.329502307100585
kml_2177,Jurong Lake District - Taman Jurong,Land Transport Authority,9E8970F0BE75CFC1,2022-02-16 13:57:18,2.8455009186246056,103.725109777492,1.350115690783446
kml_2178,Jurong Lake District - Taman Jurong,LTA (Others),8F709479C4ED62F3,2022-02-16 13:57:18,1.72973724637908,103.7246173149305,1.35030962772661
kml_2179,Jurong Lake District - Taman Jurong,Land Transport Authority,70DD7BF8B574D095,2022-02-16 13:57:18,8.98954995577977,103.724295104118,1.3504436768483852
kml_2180,Jurong Lake District - Taman Jurong,LTA (Others),4518D867E225FB92,2022-02-16 13:57:18,1.4212207854459435,103.72433833022299,1.350425693284605
kml_2181,Jurong Lake District - Taman Jurong,LTA (Others),3A56FBF40B0D0AFD,2022-02-16 13:57:18,9.524337713279895,103.7242171854005,1.3504728290815802
kml_2182,Jurong Lake District - Taman Jurong,Land Transport Authority,B0A4971FF00992CB,2022-02-16 13:57:18,40.580579207692445,103.72400734223474,1.350552588544647
kml_2183,Jurong Lake District - Taman Jurong,LTA (Others),CA5FEA6F21E0317F,2022-02-16 13:57:18,26.94221164008073,103.72371559010168,1.3506311206249404
kml_2184,Jurong Lake District - Taman Jurong,LTA (Others),11BD7B168F3FDA51,2022-02-16 13:57:18,1.397826677195004,103.723551131061,1.350684897292025
kml_2185,Jurong Lake District - Taman Jurong,Land Transport Authority,6B165EE41A28B44F,2022-02-16 13:57:18,31.794023966651828,103.73694355678182,1.3429530965316014
kml_2186,Jurong Lake District - Taman Jurong,Land Transport Authority,FDA9F405FB16A115,2022-02-16 13:57:18,50.374335137202024,103.73760787207713,1.3425763076911033
kml_2187,Jurong Lake District - Taman Jurong,Land Transport Authority,7F400D0F1CF86BAA,2022-02-16 13:57:18,20.03359820015225,103.73649446224155,1.343291470680886
kml_2188,Jurong Lake District - Taman Jurong,LTA (Others),3804F63A0949A11A,2022-02-16 13:57:18,1.8006689240620313,103.73654599304307,1.3432078841846529
kml_2189,Jurong Lake District - Taman Jurong,Land Transport Authority,2873A28AB4892FF5,2022-02-16 13:57:18,16.53191970218413,103.73660758181464,1.3431533521715937
kml_2190,Jurong Lake District - Taman Jurong,LTA (Others),204C4316148B1BC7,2022-02-16 13:57:18,2.153329110698133,103.73667532523717,1.3431036897436424
kml_2191,Jurong Lake District - Taman Jurong,Land Transport Authority,4B579DBC18D73919,2022-02-16 13:57:18,15.047590018442406,103.73674353155569,1.3430671271619625
kml_2192,Jurong Lake District - Taman Jurong,LTA (Others),6DDDFBF67CAE35F7,2022-02-16 13:57:18,2.1667686813406224,103.736810953647,1.343029033704335
kml_2193,Woodlands,LTA (Others),4A5D2422C8ACF9EF,2022-02-16 13:57:18,68.34535936360926,103.77433088901044,1.4324268404286278
kml_2194,Woodlands,LTA (Others),FA3212F743BDD4D4,2022-02-16 13:57:18,24.245748119292575,103.77473854187855,1.4324297809095148
kml_2195,Sengkang,Land Transport Authority,72B786EDC98A2B4E,2022-02-16 13:57:18,59.677596909344736,103.89418211326979,1.3933498521130154
kml_2196,Bedok,Land Transport Authority,AFACE9BC99632043,2022-02-16 13:57:18,99.30916957696782,103.93013151202986,1.3334224005231206
kml_2197,Bedok,Land Transport Authority,438874CE09461A5B,2022-02-16 13:57:18,108.6666853003327,103.93712614853472,1.320306635628939
kml_2198,Bedok,Land Transport Authority,DF40552E0A421E3D,2022-02-16 13:57:18,59.643680563138126,103.93566349109449,1.319843995324045
kml_2199,Bedok,Land Transport Authority,BA13155E88613CBC,2022-02-16 13:57:18,29.168054348711376,103.93491681314057,1.319642832277185
kml_2200,Bedok,Land Transport Authority,3A56724FCDCC6C38,2022-02-16 13:57:18,43.396534444107765,103.9308312514475,1.32979302675403
kml_2201,Bedok,Land Transport Authority,2424461B1C6FF022,2022-02-16 13:57:18,50.87193168045836,103.9308882560475,1.329366069161905
kml_2202,Bedok,Land Transport Authority,0834EB2A67D0D46F,2022-02-16 13:57:18,41.471563520210694,103.93099677638996,1.3289720090161206
kml_2203,Bedok,Land Transport Authority,63C60ADC52A06669,2022-02-16 13:57:18,39.139102818392985,103.931032997172,1.3286169300192099
kml_2204,Bedok,Land Transport Authority,FB9B06591CF5A4A3,2022-02-16 13:57:18,86.4901200747135,103.93117642524899,1.3280003131501947
kml_2205,Tampines,LTA (Others),8E2B49A7617523BD,2022-02-16 13:57:18,6.851770464456268,103.938936751412,1.35454724395446
kml_2206,Jurong Lake District - Taman Jurong,LTA (Others),9EE03A55F7929A66,2022-02-16 13:57:18,9.841788079767312,103.7231680984945,1.3307740114546749
kml_2207,Jurong Lake District - Taman Jurong,LTA (Others),B19B4E336EFF6124,2022-02-16 13:57:18,25.4430709543084,103.72465134498329,1.3290472133945126
kml_2208,Jurong Lake District - Taman Jurong,LTA (Others),D30C5B213C93B705,2022-02-16 13:57:18,8.246485335401704,103.72469280621951,1.329731276677815
kml_2209,Yishun,Land Transport Authority,CE02F816C6D2BC23,2022-02-16 13:57:18,29.066866820403018,103.83625592141739,1.4172402701228173
kml_2210,Yishun,Land Transport Authority,ABD46CB8239C751B,2022-02-16 13:57:18,12.099525701641385,103.83763645059099,1.4178100405320004
kml_2211,Yishun,Land Transport Authority,CCAFFE2EC565CC9E,2022-02-16 13:57:18,24.10628186587606,103.83135841590395,1.435243562391513
kml_2212,Sembawang,Land Transport Authority,66EE9DD86697B271,2022-02-16 13:57:18,51.90711517536407,103.81884018674492,1.4511928414819018
kml_2213,Sembawang,Land Transport Authority,7C71BAE47D2E798C,2022-02-16 13:57:18,3.3864832953928077,103.81839962045198,1.451000542749132
kml_2214,Yishun,Land Transport Authority,C5D947D4A4184C81,2022-02-16 13:57:18,101.42159604694399,103.8435468577257,1.4194427199430983
kml_2215,Yishun,Land Transport Authority,AECAB43474AC4704,2022-02-16 13:57:18,40.94355369023104,103.84535160705168,1.430050569512537
kml_2216,Sembawang,Land Transport Authority,7EF66A7F274BC781,2022-02-16 13:57:18,29.224267064512325,103.82334888440701,1.445183537368099
kml_2217,Sembawang,Land Transport Authority,AC7F0ECB4D9AC747,2022-02-16 13:57:18,19.324143803827198,103.82113262403563,1.4434469477561096
kml_2218,Yishun,Land Transport Authority,B6B84172C5BF206A,2022-02-16 13:57:18,8.699241204695763,103.84049630938057,1.428875411941448
kml_2219,Sembawang,Land Transport Authority,5A7697E55207B77A,2022-02-16 13:57:18,45.09573824906188,103.8222773583322,1.4472263095530842
kml_2220,Sembawang,Land Transport Authority,43A4DD6D7ED8626C,2022-02-16 13:57:18,16.89555501338447,103.81525376374502,1.4546346631434584
kml_2221,Sembawang,Land Transport Authority,4300E5B7E9EC88B0,2022-02-16 13:57:18,192.83304061967513,103.81708286104218,1.45497803257915
kml_2222,Sembawang,Land Transport Authority,F74DD87575EE204D,2022-02-16 13:57:18,24.86646734630502,103.8216400131065,1.443740976788255
kml_2223,Hougang,Land Transport Authority,32AD4D1D87EB9014,2022-02-16 13:57:18,19.08851872288149,103.89267009664754,1.3781976629448263
kml_2224,Hougang,Land Transport Authority,A09B51C8F75F5549,2022-02-16 13:57:18,7.367663822804071,103.892683456155,1.37831326969773
kml_2225,Yishun,Land Transport Authority,0D85AEFC7E11CEC8,2022-02-16 13:57:18,44.15169589613785,103.83610160704023,1.424819676512064
kml_2226,Bedok,LTA (Others),47EA7F0532AEB498,2022-02-16 13:57:18,3.2523127803491865,103.9313410688165,1.327526657628915
kml_2227,Bedok,LTA (Others),70FF28ED91899841,2022-02-16 13:57:18,7.711329539795669,103.931082880484,1.328413419166705
kml_2228,Bedok,LTA (Others),DD1CD3D861BC925A,2022-02-16 13:57:18,7.503747754598861,103.930779795958,1.330016384821785
kml_2229,Bedok,LTA (Others),E457457B5ECDEC35,2022-02-16 13:57:18,2.911647331893305,103.930856046515,1.329596039169965
kml_2230,Bedok,LTA (Others),FCDE82634DE81C23,2022-02-16 13:57:18,387.8578773130629,103.93239922758202,1.3309066920569301
kml_2231,Bedok,LTA (Others),346C090DA23A932C,2022-02-16 13:57:18,9.063084509815974,103.94462313753951,1.3193043582120798
kml_2232,Bedok,LTA (Others),F164215A25734D25,2022-02-16 13:57:18,67.10930909089919,103.9450680825485,1.317854336869245
kml_2233,Bedok,LTA (Others),8228393EA9AAD832,2022-02-16 13:57:18,606.7013844613828,103.94725771163647,1.3178186497762079
kml_2234,Bedok,LTA (Others),D96EA389C41DF2AF,2022-02-16 13:57:18,12.625260974175717,103.94520075566399,1.31735082907084
kml_2235,Bedok,LTA (Others),92D3B44D3BAE52ED,2022-02-16 13:57:18,11.835669219652544,103.92449445138851,1.32321129373243
kml_2236,Bedok,LTA (Others),649DE18C5F9456D9,2022-02-16 13:57:18,14.223496939981304,103.92427959024701,1.3272322477287402
kml_2237,Bedok,LTA (Others),1CBDFC4634ECC8B6,2022-02-16 13:57:18,273.6386232744085,103.92316117550325,1.3255479902504854
kml_2238,Jurong Lake District - Taman Jurong,LTA (Others),0B54E2A04A243A0B,2022-02-16 13:57:18,2.6729204091638405,103.72320290320101,1.350778927928875
kml_2239,Jurong Lake District - Taman Jurong,Land Transport Authority,89EF222992BE80D0,2022-02-16 13:57:18,24.677229792780892,103.72308424662177,1.3508097411595528
kml_2240,Jurong Lake District - Taman Jurong,LTA (Others),CF02C942F030DB57,2022-02-16 13:57:18,2.119675890418679,103.722967151669,1.3508377287797448
kml_2241,Jurong Lake District - Taman Jurong,Land Transport Authority,B9F51D2457FA862D,2022-02-16 13:57:18,11.459859113522601,103.72290719013901,1.35084902559829
kml_2242,Jurong Lake District - Taman Jurong,Land Transport Authority,EC4A5B31FF3E0C14,2022-02-16 13:57:18,15.33118162744315,103.74511801459138,1.3272519862706382
kml_2243,Jurong Lake District - Taman Jurong,Land Transport Authority,98AA01C37111D1A1,2022-02-16 13:57:18,10.28339297209688,103.744779479779,1.327704576538
kml_2244,Jurong Lake District - Taman Jurong,LTA (Others),4E4C26EEEF8416DF,2022-02-16 13:57:18,50.01232623325221,103.744947844893,1.3274909940895898
kml_2245,Jurong Lake District - Taman Jurong,Land Transport Authority,284116B288666C2E,2022-02-16 13:57:18,162.24875159734432,103.74537892024499,1.326497391784034
kml_2246,Jurong Lake District - Taman Jurong,Land Transport Authority,5B5181A8A9AD1C40,2022-02-16 13:57:18,131.58360704320066,103.74436681616449,1.31960233134617
kml_2247,Jurong Lake District - Taman Jurong,LTA (Others),92D2EA726C2C57E5,2022-02-16 13:57:18,28.238715546014046,103.74335241737043,1.3211002472542543
kml_2248,Jurong Lake District - Taman Jurong,Land Transport Authority,A5EA9E52807742AE,2022-02-16 13:57:18,107.4021382296873,103.74292895908931,1.3215218889531386
kml_2249,Jurong Lake District - Taman Jurong,Land Transport Authority,44ED6AE5C34F2697,2022-02-16 13:57:18,192.54360245641112,103.74091503783902,1.32197347263851
kml_2250,Jurong Lake District - Taman Jurong,Land Transport Authority,6DACE13A0042FF13,2022-02-16 13:57:18,34.03366801450748,103.742310640978,1.3216655693535801
kml_2251,Jurong Lake District - Taman Jurong,LTA (Others),1273664C681760E2,2022-02-16 13:57:18,28.263650699353757,103.7396663547607,1.3222310033445457
kml_2252,Jurong Lake District - Taman Jurong,Land Transport Authority,AAEF4F255B04DC74,2022-02-16 13:57:18,26.187661511502366,103.739402620767,1.3223020882665806
kml_2253,Jurong Lake District - Taman Jurong,Land Transport Authority,BABBFEE07F384A23,2022-02-16 13:57:18,172.24701945105855,103.74037137832148,1.3393852349668398
kml_2254,Pasir Ris,LTA (Others),655E1F53B630148E,2022-02-16 13:57:18,10.73218429528316,103.9650125339305,1.3676483115404416
kml_2255,Pasir Ris,LTA (Others),B91090C73539E63A,2022-02-16 13:57:18,243.23892322772426,103.96563168270065,1.3666894606845859
kml_2256,Pasir Ris,LTA (Others),8B432D526DFA8DDF,2022-02-16 13:57:18,108.14838120621476,103.96605617404313,1.3654258373261008
kml_2257,Pasir Ris,Town Council (Others),3234886A61960C7D,2022-02-16 13:57:18,37.5060388988042,103.93810234474557,1.379568257917494
kml_2258,Pasir Ris,Town Council (Others),25497CF03A288D78,2022-02-16 13:57:18,115.75984464009396,103.93536382769247,1.3810701776031569
kml_2259,Pasir Ris,LTA (Others),DC015406BBC4AC70,2022-02-16 13:57:18,9.290448930026074,103.96052037938902,1.37095071655526
kml_2260,Pasir Ris,LTA (Others),4DF57499F05784E6,2022-02-16 13:57:18,7.717166597474456,103.960478117111,1.371225079195165
kml_2261,Punggol,LTA (Others),F6D455459E35B09B,2022-02-16 13:57:18,2.2678229845567355,103.9113161201835,1.39517488880536
kml_2262,Jurong Lake District - Taman Jurong,LTA (Others),47945A73ADA4CCF3,2022-02-16 13:57:18,1.5310681331302798,103.7170073745335,1.351180795260845
kml_2263,Jurong Lake District - Taman Jurong,Land Transport Authority,BF5A02F1C3E3EBC3,2022-02-16 13:57:18,95.51188809536148,103.71696296032852,1.3516052889274894
kml_2264,Jurong Lake District - Taman Jurong,LTA (Others),2F66D88AC3E56564,2022-02-16 13:57:18,2.5197219954353587,103.71708119562149,1.352007842440555
kml_2265,Jurong Lake District - Taman Jurong,Land Transport Authority,1C29C6F8D85B23E7,2022-02-16 13:57:18,39.50995791629869,103.71722372143265,1.3521280229843302
kml_2266,Jurong Lake District - Taman Jurong,LTA (Others),C2ED0CA3E6994AE1,2022-02-16 13:57:18,1.8343495868122612,103.71738396228,1.35222003267471
kml_2267,Jurong Lake District - Taman Jurong,Land Transport Authority,3A5EDEE8DADC3EB5,2022-02-16 13:57:18,20.29696075398578,103.71747647969326,1.3522561948955758
kml_2268,Jurong Lake District - Taman Jurong,LTA (Others),F536188B58ADA067,2022-02-16 13:57:18,9.149772605192629,103.717601368258,1.352300121706135
kml_2269,Jurong Lake District - Taman Jurong,LTA (Others),6EDB4B0C5E6022A2,2022-02-16 13:57:18,9.745821463206646,103.71790587734449,1.35240704099619
kml_2270,Jurong Lake District - Taman Jurong,Land Transport Authority,C956200DF9F1C991,2022-02-16 13:57:18,14.833778673084046,103.718010701949,1.35244196570979
kml_2271,Jurong Lake District - Taman Jurong,LTA (Others),CDDEB3FDEEEE3CB4,2022-02-16 13:57:18,1.6020808024442863,103.718081082561,1.352464456954495
kml_2272,Jurong Lake District - Taman Jurong,Land Transport Authority,7F0398CA3EAC3890,2022-02-16 13:57:18,31.029881931979396,103.718220817201,1.35250911110043
kml_2273,Jurong Lake District - Taman Jurong,LTA (Others),6481A332242C27B3,2022-02-16 13:57:18,1.9496822231409385,103.7183620402875,1.352554241011285
kml_2274,Jurong Lake District - Taman Jurong,Land Transport Authority,4FB0994BEB75672C,2022-02-16 13:57:18,18.20593678773866,103.71844834948,1.352581822303605
kml_2275,Jurong Lake District - Taman Jurong,LTA (Others),4227C081DF5BC609,2022-02-16 13:57:18,1.9214712355997086,103.718534537818,1.3526093651542
kml_2276,Jurong Lake District - Taman Jurong,Land Transport Authority,3B0F13E6C91BFC41,2022-02-16 13:57:18,59.19045219723236,103.7187995630041,1.352681516251864
kml_2277,Jurong Lake District - Taman Jurong,LTA (Others),551EB468D7419FA6,2022-02-16 13:57:18,1.7303070072913174,103.71906384441951,1.352753178068075
kml_2278,Jurong Lake District - Taman Jurong,Land Transport Authority,26DA94C1BAF2EC8E,2022-02-16 13:57:18,26.78920306206563,103.71918773336449,1.352785914795808
kml_2279,Jurong Lake District - Taman Jurong,LTA (Others),37C458B1081185BE,2022-02-16 13:57:18,1.8844377577785176,103.71931343792349,1.35281375142948
kml_2280,Jurong Lake District - Taman Jurong,Land Transport Authority,9D53A894B79AB7E2,2022-02-16 13:57:18,13.287787204321333,103.723466393888,1.3528566152266048
kml_2281,Jurong Lake District - Taman Jurong,LTA (Others),100D89F76984E72C,2022-02-16 13:57:18,1.4732084706424255,103.7235309118135,1.35284116803306
kml_2282,Jurong Lake District - Taman Jurong,Land Transport Authority,4A51B277AAC668BD,2022-02-16 13:57:18,50.81152731815512,103.72375945677814,1.3527865268682258
kml_2283,Jurong Lake District - Taman Jurong,LTA (Others),7F20E293742D5260,2022-02-16 13:57:18,2.085708490874034,103.723990770862,1.35273163261657
kml_2284,Jurong Lake District - Taman Jurong,LTA (Others),A3DBEE010B10AFC1,2022-02-16 13:57:18,24.204862625097082,103.73364295617449,1.344681019775385
kml_2285,Bedok,Land Transport Authority,E19980C052EFC369,2022-02-16 13:57:18,41.116441663819174,103.92009672380699,1.3279610507337265
kml_2286,Bedok,Land Transport Authority,BA290E188698F11A,2022-02-16 13:57:18,35.64202238800673,103.93464650072163,1.3303395785084462
kml_2287,Bishan,Land Transport Authority,5C86FA0FF2EB5D25,2022-02-16 13:57:18,30.52099598263719,103.84893083206332,1.3551311135333826
kml_2288,Bishan,Land Transport Authority,8C6C66EF457240BB,2022-02-16 13:57:18,134.68142916979,103.84855016994821,1.354472699268607
kml_2289,Bishan,LTA (Others),6D06CDC51F80FC42,2022-02-16 13:57:18,1.725859425160347,103.84885545137249,1.35500659047271
kml_2290,Bishan,Land Transport Authority,959E60DAE3B49C18,2022-02-16 13:57:18,42.84734771474604,103.84908095816353,1.3554224330373519
kml_2291,Bishan,Land Transport Authority,013711B4AF5F9877,2022-02-16 13:57:18,52.90829514481991,103.84931300828646,1.3557653605706392
kml_2292,Bishan,Land Transport Authority,3C74BE69242F796B,2022-02-16 13:57:18,113.43911184156403,103.84986316281481,1.3566793340530654
kml_2293,Bishan,Land Transport Authority,BB581102B7FDC814,2022-02-16 13:57:18,26.283488258937062,103.8495378106235,1.3561397558730701
kml_2294,Bishan,LTA (Others),6C9DE3BC189699B4,2022-02-16 13:57:18,8.77533061505844,103.849456358827,1.356004067402075
kml_2295,Choa Chu Kang,Land Transport Authority,3A24B0C476CCA1B8,2022-02-16 13:57:18,142.746180467282,103.74537618883869,1.3930548455814737
kml_2296,Choa Chu Kang,Land Transport Authority,EA4742B6B1838CF9,2022-02-16 13:57:18,345.5313304676292,103.7465791548624,1.3948931820505694
kml_2297,Choa Chu Kang,Land Transport Authority,1F8C1058C52E0113,2022-02-16 13:57:18,11.286570795583499,103.74502513680801,1.3924581815054808
kml_2298,Choa Chu Kang,Land Transport Authority,CA9986011C50AC87,2022-02-16 13:57:18,24.167631514641062,103.74488517546276,1.3924194304884085
kml_2299,Woodlands,Land Transport Authority,C1CA7C3FC143DFC5,2022-02-16 13:57:18,159.04627500927057,103.787886600754,1.438134718781365
kml_2300,Clementi,Town Council,5976A7308B7E0E92,2022-02-16 13:57:18,491.22153601544346,103.76683903234463,1.3052953775969978
kml_2301,Woodlands,LTA (Others),55117ED0C120B0C6,2022-02-16 13:57:18,14.964225679447537,103.77551182474453,1.4325072589786412
kml_2302,Woodlands,LTA (Others),002B95A3DC73785C,2022-02-16 13:57:18,41.149956759404155,103.7728261188285,1.432437267848505
kml_2303,Woodlands,Land Transport Authority,F39B9DB86BC1E448,2022-02-16 13:57:18,33.096910302383456,103.77258967431999,1.43316265090243
kml_2304,Woodlands,Land Transport Authority,B31A3AAC093A7325,2022-02-16 13:57:18,59.38916011675613,103.77266023487712,1.4326714750769869
kml_2305,Woodlands,Land Transport Authority,14421CBF0B3BC59B,2022-02-16 13:57:18,113.77214657557928,103.77246084103132,1.4339001445533919
kml_2306,Woodlands,Land Transport Authority,3CBED820C5D53AC4,2022-02-16 13:57:18,103.5195840255649,103.77227512387579,1.434864276119566
kml_2307,Woodlands,LTA (Others),66D9A1C2EB8B88DE,2022-02-16 13:57:18,8.810186335981717,103.77262262708149,1.4329760861576402
kml_2308,Woodlands,LTA (Others),E7D1B1180F55A4AB,2022-02-16 13:57:18,9.382392111393527,103.77255896616548,1.4333521978446448
kml_2309,Woodlands,Land Transport Authority,C2BA10A3A848D814,2022-02-16 13:57:18,34.57895381138279,103.77215193849233,1.4354758358757491
kml_2310,Woodlands,Land Transport Authority,68BD5F2A1C0D803E,2022-02-16 13:57:18,37.67530898776781,103.7755314650545,1.4327417009479926
kml_2311,Woodlands,Land Transport Authority,8B47B5E0D4F2003B,2022-02-16 13:57:18,120.82403195331982,103.775611353871,1.4339812406323136
kml_2312,Woodlands,Land Transport Authority,FE189D8DCF580C3E,2022-02-16 13:57:18,4.431223722756045,103.77553125726999,1.43293209766825
kml_2313,Woodlands,Land Transport Authority,E091C2A2DE0A3A79,2022-02-16 13:57:18,56.01824146027042,103.77553240467462,1.4332054342771663
kml_2314,Woodlands,Town Council (Others),42E817E77CA41189,2022-02-16 13:57:18,53.84536514597558,103.8020289429665,1.44072348372814
kml_2315,Woodlands,Town Council (Others),D002FE17D69AB9EE,2022-02-16 13:57:18,73.85796978249206,103.80181609705168,1.441242226178792
kml_2316,Woodlands,LTA (Others),F32072C9FCAF3A5B,2022-02-16 13:57:18,13.378475437424367,103.77306228327367,1.4324362702478448
kml_2317,Woodlands,LTA (Others),BF2EFBB0CF0E7852,2022-02-16 13:57:18,100.79568701435264,103.773571315453,1.4324183392678052
kml_2318,Sembawang,Land Transport Authority,A6D3BE04D00A2093,2022-02-16 13:57:18,16.665769710492498,103.820638159305,1.44704195215968
kml_2319,Sembawang,Land Transport Authority,68779440813805CD,2022-02-16 13:57:18,16.174078881827455,103.820453122426,1.44702066510263
kml_2320,Sembawang,Land Transport Authority,EEF21C48778B5BBB,2022-02-16 13:57:18,22.072253314750697,103.81944664428369,1.4560462311536215
kml_2321,Yishun,Land Transport Authority,BFE61B79F3FF62B6,2022-02-16 13:57:18,60.14510747320291,103.83170234235156,1.4351217793434325
kml_2322,Yishun,Land Transport Authority,7ED4FFCB4D4659A4,2022-02-16 13:57:18,31.951306375777428,103.83913797194325,1.4183896080812137
kml_2323,Sembawang,Land Transport Authority,74F3AAF6EFD08B16,2022-02-16 13:57:18,90.29442634132505,103.8234148991054,1.4499231240214434
kml_2324,Jurong Lake District - Taman Jurong,Land Transport Authority,07F955BBA88884EE,2022-02-16 13:57:18,21.815025898075582,103.73415526632193,1.3464462105730908
kml_2325,Jurong Lake District - Taman Jurong,Land Transport Authority,7998858F455A2777,2022-02-16 13:57:18,14.200949246864154,103.733964868378,1.34534655650755
kml_2326,Jurong Lake District - Taman Jurong,LTA (Others),D0ADB9D276A86E55,2022-02-16 13:57:18,13.589508981694063,103.7339166832795,1.345231108512775
kml_2327,Jurong Lake District - Taman Jurong,LTA (Others),89E1404D668CE26A,2022-02-16 13:57:18,14.800080143954233,103.7348625465835,1.344075497633325
kml_2328,Jurong Lake District - Taman Jurong,LTA (Others),F10DFB44F73574CB,2022-02-16 13:57:18,27.525965956033033,103.7217975670475,1.35304666458441
kml_2329,Jurong Lake District - Taman Jurong,Land Transport Authority,2B41AFD28724FC89,2022-02-16 13:57:18,4.520604910508251,103.7258860766715,1.350492840573915
kml_2330,Jurong Lake District - Taman Jurong,Land Transport Authority,833430ACBA3493C8,2022-02-16 13:57:18,55.02913155813213,103.74544639196908,1.3360689397967958
kml_2331,Jurong Lake District - Taman Jurong,LTA (Others),962D2D0B12911F5E,2022-02-16 13:57:18,8.307814308228634,103.74567152694149,1.336243013676875
kml_2332,Jurong Lake District - Taman Jurong,Land Transport Authority,47098C616C3BA172,2022-02-16 13:57:18,30.379936166589708,103.74101407608867,1.3414739446597859
kml_2333,Jurong West,LTA (Others),7ECD161EC7D5BB8F,2022-02-16 13:57:18,8.784632963645963,103.7208115960985,1.32677535410116
kml_2334,Jurong Lake District - Taman Jurong,Land Transport Authority,C590C72CA9D0D087,2022-02-16 13:57:18,12.800028318660909,103.725911988845,1.3505666901866902
kml_2335,Jurong Lake District - Taman Jurong,LTA (Others),C9F42F2AABF2E509,2022-02-16 13:57:18,5.265055121586797,103.7258759508665,1.350449960664085
kml_2336,Jurong Lake District - Taman Jurong,Land Transport Authority,8F20B71E4C12A5C3,2022-02-16 13:57:18,61.98459783711643,103.72622519873974,1.349842046334244
kml_2337,Hougang,LTA (Others),7398A9E40B4A69BF,2022-02-16 13:57:18,54.21660719819247,103.892639675822,1.3800350156445749
kml_2338,Punggol,Land Transport Authority,958EF7EA472ECA79,2022-02-16 13:57:18,21.09210771611194,103.90155028361248,1.4058608234105998
kml_2339,Punggol,LTA (Others),E738BB4B4EFBC1ED,2022-02-16 13:57:18,46.23674863076905,103.9009302877575,1.406271692926235
kml_2340,Punggol,Land Transport Authority,314A978DB83F025C,2022-02-16 13:57:18,45.744515298113825,103.9012562353724,1.4060428103679963
kml_2341,Punggol,LTA (Others),396F98DD33171F0F,2022-02-16 13:57:18,5.220963173480109,103.901447274859,1.405919208519535
kml_2342,Sembawang,Land Transport Authority,47CE41A1963FA890,2022-02-16 13:57:18,30.260272881297215,103.82293118838585,1.4463403999426825
kml_2343,Yishun,Land Transport Authority,53DC435C81FA7353,2022-02-16 13:57:18,41.32206710258115,103.83225357655378,1.4306474939348273
kml_2344,Yishun,LTA (Others),D3B05D7258650BFB,2022-02-16 13:57:18,21.248821112782867,103.83869472372612,1.418203437714133
kml_2345,Yishun,Land Transport Authority,2E63D001A12944D9,2022-02-16 13:57:18,28.47264023043637,103.83842408621587,1.4181047141644507
kml_2346,Jurong Lake District - Taman Jurong,LTA (Others),E5272407586ACB1A,2022-02-16 13:57:18,7.389241314304968,103.72321775736401,1.33318714191714
kml_2347,Jurong Lake District - Taman Jurong,LTA (Others),E5272407586ACB1A,2022-02-16 13:57:18,7.389241314304968,103.72321775736401,1.33318714191714
kml_2348,Punggol,LTA (Others),D3BD2FB5D832ED82,2022-02-16 13:57:18,76.01814378193974,103.89786510428118,1.4064411620424657
kml_2349,Punggol,LTA (Others),40A320935072329E,2022-02-16 13:57:18,7.464538981628202,103.8975614179475,1.40565516291622
kml_2350,Punggol,LTA (Others),3200D01C718C3A25,2022-02-16 13:57:18,7.612422806531158,103.8986514189395,1.403021572371005
kml_2351,Punggol,LTA (Others),34C94E6B0F74FB6D,2022-02-16 13:57:18,57.444626593146,103.89951354264907,1.4027169080933974
kml_2352,Punggol,LTA (Others),C7615BDA65748F17,2022-02-16 13:57:18,57.28480843400779,103.90212536400128,1.4016131606065054
kml_2353,Tampines,LTA (Others),7AFE1C437822AB07,2022-02-16 13:57:18,8.967193540246782,103.93956000544699,1.358448396304265
kml_2354,Tampines,Land Transport Authority,25052D318C84F7F6,2022-02-16 13:57:18,61.552875499405005,103.9381690614116,1.3580678487831073
kml_2355,Tampines,LTA (Others),B1ECF5CC39A5C926,2022-02-16 13:57:18,16.82499739109288,103.94163698842549,1.35668092502936
kml_2356,Tampines,LTA (Others),E7477E99142E3728,2022-02-16 13:57:18,7.48926050698741,103.941192445081,1.3571276423431
kml_2357,Tampines,LTA (Others),2646CECA4E503721,2022-02-16 13:57:18,8.757568595831946,103.93869803541801,1.35753717160521
kml_2358,Tampines,LTA (Others),4AD7FD240CAA34E7,2022-02-16 13:57:18,4.371922944817151,103.94107287662999,1.359052523264805
kml_2359,Tampines,LTA (Others),3F659F4CE90DC550,2022-02-16 13:57:18,6.500875661914534,103.94100596605051,1.3590355545434
kml_2360,Tampines,LTA (Others),FD4CD9C459402AF3,2022-02-16 13:57:18,4.343754850658763,103.94076657157599,1.3589192384438151
kml_2361,Jurong Lake District - Taman Jurong,Land Transport Authority,5BB4C5ADEE2DD3D8,2022-02-16 13:57:18,31.049179645911508,103.74455992959939,1.3289287585657499
kml_2362,Jurong Lake District - Taman Jurong,Land Transport Authority,126238FDD3E41B11,2022-02-16 13:57:18,39.87254563466136,103.74521348429641,1.3297653787798376
kml_2363,Jurong Lake District - Taman Jurong,Land Transport Authority,A79DB3FD44E69C0C,2022-02-16 13:57:18,15.863562220406244,103.74535018261368,1.3299728504040769
kml_2364,Bedok,LTA (Others),EE620930124A7D28,2022-02-16 13:57:18,526.4918245171764,103.91964309702338,1.3236559150553053
kml_2365,Bedok,LTA (Others),E5F3798792E65DE4,2022-02-16 13:57:18,19.654361328863526,103.9167541814315,1.32138498876637
kml_2366,Bedok,LTA (Others),7C57E026E1673589,2022-02-16 13:57:18,9.979841254390896,103.91519534334199,1.321273444730315
kml_2367,Bedok,LTA (Others),69A3987AB2AB9072,2022-02-16 13:57:18,17.864864502831395,103.91456464122798,1.3211857201226498
kml_2368,Bedok,LTA (Others),90CFA2235C205809,2022-02-16 13:57:18,51.5641714303101,103.92189393278301,1.337303130323245
kml_2369,Bedok,LTA (Others),ADD8DC0C88AAB82E,2022-02-16 13:57:18,7.286072343820848,103.923025873456,1.337853106974995
kml_2370,Bedok,LTA (Others),8AA583173E39E0AF,2022-02-16 13:57:18,18.455496011689494,103.92427506043151,1.3381771849893749
kml_2371,Bedok,LTA (Others),42A91E336464CB68,2022-02-16 13:57:18,32.70519425396495,103.9212801811345,1.3283066064590452
kml_2372,Bedok,LTA (Others),280D6C4FDFDA05C4,2022-02-16 13:57:18,9.68533374514124,103.92227007228102,1.32836869651607
kml_2373,Bedok,LTA (Others),B51160C0575ABB4F,2022-02-16 13:57:18,8.130323238555716,103.92204132032549,1.328360056362065
kml_2374,Bedok,LTA (Others),645467622ABB2A10,2022-02-16 13:57:18,12.0343235727227,103.921815429624,1.3283460527553053
kml_2375,Bedok,LTA (Others),3754D54275377BD8,2022-02-16 13:57:18,23.163337975778713,103.920531822067,1.328162609636065
kml_2376,Bedok,LTA (Others),85A9217546E3899E,2022-02-16 13:57:18,42.09542882114708,103.91888599413551,1.32749783638564
kml_2377,Bedok,LTA (Others),0EEB51AA01AA20D0,2022-02-16 13:57:18,20.59404519017182,103.918726693958,1.3284648141553048
kml_2378,Bedok,LTA (Others),D1704C9B766E6550,2022-02-16 13:57:18,14.590685102283032,103.9187656311245,1.32938358741608
kml_2379,Bedok,LTA (Others),9E715BE341C2BAB9,2022-02-16 13:57:18,15.222497195845714,103.919288492973,1.3261495564109849
kml_2380,Bedok,LTA (Others),B43432563407D2B6,2022-02-16 13:57:18,1.7004923819398712,103.91939688795699,1.32597463920736
kml_2381,Bedok,LTA (Others),B025938742A5E230,2022-02-16 13:57:18,172.5190979474642,103.92317267882369,1.3230726952074274
kml_2382,Bedok,LTA (Others),B2BEAFA70F434B46,2022-02-16 13:57:18,11.300512783447738,103.927299091241,1.3300213377373749
kml_2383,Bedok,LTA (Others),F3C16B7EB6BEA0C5,2022-02-16 13:57:18,48.83969440056793,103.933896917314,1.3278553758334501
kml_2384,Bedok,LTA (Others),6461F9E372E91020,2022-02-16 13:57:18,490.6740295803269,103.9389210228708,1.324886583595508
kml_2385,Bedok,LTA (Others),925A0A409C824897,2022-02-16 13:57:18,8.658193821615352,103.9372663104215,1.322752387482925
kml_2386,Bedok,LTA (Others),FFB3199EA33E5049,2022-02-16 13:57:18,91.01483770323944,103.93631477541399,1.320029361350745
kml_2387,Bedok,LTA (Others),BC68CCAA240B44DA,2022-02-16 13:57:18,42.11356792804568,103.93522039869949,1.3197337509598852
kml_2388,Jurong Lake District - Taman Jurong,Land Transport Authority,1732DB99FD1D65D7,2022-02-16 13:57:18,88.20991344111032,103.7331650301338,1.3448341388205056
kml_2389,Jurong Lake District - Taman Jurong,LTA (Others),390E7A3263C2659D,2022-02-16 13:57:18,10.353741280211517,103.73275806763458,1.3450059505136613
kml_2390,Jurong Lake District - Taman Jurong,Land Transport Authority,61B956993C0C6B02,2022-02-16 13:57:18,23.72461515282816,103.73262969612833,1.3450897158238255
kml_2391,Marina Bay,Land Transport Authority,44752746BDF963C1,2022-02-16 13:57:18,89.6077401215564,103.859234617825,1.28181674093085
kml_2392,Marina Bay,LTA (Others),2CCE5425586C4D61,2022-02-16 13:57:18,79.93744405357634,103.85882281925326,1.2811717810643497
kml_2393,Marina Bay,Land Transport Authority,BC799148FB02D82D,2022-02-16 13:57:18,422.2812530581286,103.85927677182272,1.27540817675914
kml_2394,Marina Bay,Land Transport Authority,5D71CAB28706CA16,2022-02-16 13:57:18,161.76891225239294,103.85525960443589,1.27770325221009
kml_2395,Marina Bay,Land Transport Authority,E5D59EF971FA84C8,2022-02-16 13:57:18,127.49070846176105,103.85672223377976,1.2767311470003886
kml_2396,Jurong Lake District - Taman Jurong,Land Transport Authority,D0BD42E5BEE18201,2022-02-16 13:57:18,25.38565405543998,103.7423929274735,1.3414450016783048
kml_2397,Jurong Lake District - Taman Jurong,LTA (Others),3B12F58683BCD2C4,2022-02-16 13:57:18,1.5186165236775742,103.742506360836,1.341402976537565
kml_2398,Jurong Lake District - Taman Jurong,Land Transport Authority,9828A686F032F264,2022-02-16 13:57:18,33.39289881467821,103.742653101437,1.3413473155815254
kml_2399,Jurong Lake District - Taman Jurong,Land Transport Authority,895AC69AF8868723,2022-02-16 13:57:18,1.5077470390966798,103.74305727613151,1.34115948003072
kml_2400,Jurong Lake District - Taman Jurong,Land Transport Authority,7B8AA904B41F3ADA,2022-02-16 13:57:18,8.172849109843046,103.7439954198,1.34066706754703
kml_2401,Jurong Lake District - Taman Jurong,Land Transport Authority,5549ED5E34F8A5AD,2022-02-16 13:57:18,10.673499999873457,103.74348545762899,1.3370790073245602
kml_2402,Jurong Lake District - Taman Jurong,LTA (Others),C7B4FFA9BBA4516B,2022-02-16 13:57:18,11.768461960229885,103.7434858686235,1.33718048414963
kml_2403,Jurong Lake District - Taman Jurong,LTA (Others),E3AE8AD59088B7D0,2022-02-16 13:57:18,41.90798883964136,103.74347699684546,1.3368420116895114
kml_2404,Jurong Lake District - Taman Jurong,Land Transport Authority,B0618DC40825688B,2022-02-16 13:57:18,36.77552425764134,103.74348414019026,1.337400419985529
kml_2405,Jurong Lake District - Taman Jurong,LTA (Others),9CA3269953EA97EE,2022-02-16 13:57:18,10.892966864730573,103.7434817791775,1.3376159544255704
kml_2406,Jurong Lake District - Taman Jurong,Land Transport Authority,67D92271D811DAE4,2022-02-16 13:57:18,27.11737969598405,103.7434136528448,1.3382659308198799
kml_2407,Jurong Lake District - Taman Jurong,Land Transport Authority,591CA123D0F145E3,2022-02-16 13:57:18,55.96516525244556,103.74348911178541,1.3379033404118055
kml_2408,Jurong Lake District - Taman Jurong,LTA (Others),2316DB4BF3FB643A,2022-02-16 13:57:18,10.543461528121528,103.7433107739985,1.338399903673815
kml_2409,Jurong Lake District - Taman Jurong,LTA (Others),E682EE70EC374AB6,2022-02-16 13:57:18,15.720396845889773,103.74231913156001,1.3393026679281999
kml_2410,Jurong Lake District - Taman Jurong,Land Transport Authority,24F9C80635BEF1DC,2022-02-16 13:57:18,45.68054140962146,103.72333698619035,1.3472611729858543
kml_2411,Bedok,LTA (Others),C8C2547BC8717BB0,2022-02-16 13:57:18,49.27790756688383,103.939424935843,1.320610095439375
kml_2412,Ang Mo Kio,Land Transport Authority,2A63137F42505236,2022-02-16 13:57:18,78.30052264746833,103.8385512719595,1.367894706722435
kml_2413,Ang Mo Kio,Land Transport Authority,E2B231D8104A9509,2022-02-16 13:57:18,10.181387979616748,103.838926838287,1.367763632758775
kml_2414,Ang Mo Kio,LTA (Others),5AE7E37C380DB0A7,2022-02-16 13:57:18,8.368275381874001,103.83900506634002,1.36773474446535
kml_2415,Ang Mo Kio,Land Transport Authority,0458CB44F9612153,2022-02-16 13:57:18,6.952587294848423,103.8390704246455,1.36771303097448
kml_2416,Ang Mo Kio,Land Transport Authority,A7344557C4AB3612,2022-02-16 13:57:18,135.67148870161503,103.83967793391857,1.3675079169903515
kml_2417,Ang Mo Kio,Land Transport Authority,B7C1240EF594E921,2022-02-16 13:57:18,9.969255471947807,103.8402963275205,1.3672929898337949
kml_2418,Ang Mo Kio,LTA (Others),05FE51EBB43A29BE,2022-02-16 13:57:18,8.14932086487168,103.84037236752451,1.36726393374236
kml_2419,Jurong Lake District - Taman Jurong,Land Transport Authority,3C7E3AF6528B53B7,2022-02-16 13:57:18,2.0586959881320004,103.7370766041785,1.3428787047161448
kml_2420,Jurong Lake District - Taman Jurong,LTA (Others),0179225C7453E8D2,2022-02-16 13:57:18,2.266425687209019,103.737093566203,1.342869162547665
kml_2421,Jurong Lake District - Taman Jurong,Land Transport Authority,690CA79225A6CE7D,2022-02-16 13:57:18,23.42832185594898,103.737194334186,1.3428124738151301
kml_2422,Pasir Ris,Town Council (Others),B81E0723754EB79D,2022-02-16 13:57:18,21.751378484597026,103.93628145692348,1.377313758982275
kml_2423,Pasir Ris,LTA (Others),0D06B35A09521F51,2022-02-16 13:57:18,16.941200845617434,103.94631509230443,1.3752253862256434
kml_2424,Pasir Ris,LTA (Others),EF7ED13B2D708B96,2022-02-16 13:57:18,132.62877577521397,103.94586502586269,1.37460633090925
kml_2425,Sembawang,Land Transport Authority,23B6DBA6A3EE97FF,2022-02-16 13:57:18,3.2085850273406304,103.824041596366,1.442679997939925
kml_2426,Pasir Ris,LTA (Others),4E3C1D0C3047E5A2,2022-02-16 13:57:18,30.062710101021853,103.96054370472437,1.3725049569567072
kml_2427,Pasir Ris,LTA (Others),E226AF04CF33269F,2022-02-16 13:57:18,24.81354914728673,103.96073662879019,1.3733105272990795
kml_2428,Pasir Ris,LTA (Others),376D667703150F6D,2022-02-16 13:57:18,1.377607660441387,103.96089916270151,1.37395767917212
kml_2429,Jurong Lake District - Taman Jurong,LTA (Others),326D51C183FB6BF0,2022-02-16 13:57:18,5.6313836098514045,103.74023849207502,1.34352937444619
kml_2430,Jurong Lake District - Taman Jurong,LTA (Others),9FB9FFC56DFD7FCE,2022-02-16 13:57:18,12.767808205310681,103.740700868216,1.34353201840144
kml_2431,Jurong Lake District - Taman Jurong,Land Transport Authority,5269B40DD7CFF07F,2022-02-16 13:57:18,31.025691101994603,103.74089761647349,1.3435332596767702
kml_2432,Jurong Lake District - Taman Jurong,LTA (Others),FDE7C449BA53055C,2022-02-16 13:57:18,1.8830770400765549,103.7410454554255,1.34353252530687
kml_2433,Jurong Lake District - Taman Jurong,LTA (Others),93D1D1D86663D603,2022-02-16 13:57:18,4.314249093571973,103.74158807241348,1.3433686625768702
kml_2434,Jurong Lake District - Taman Jurong,Land Transport Authority,D8E4577A5C2D58B1,2022-02-16 13:57:18,6.472496433449821,103.7417574988987,1.3427893694269772
kml_2435,Jurong Lake District - Taman Jurong,Land Transport Authority,760428AEA2154650,2022-02-16 13:57:18,2.444909343347387,103.741730775005,1.342762113742705
kml_2436,Jurong Lake District - Taman Jurong,LTA (Others),6B9FDBE08FB9AD79,2022-02-16 13:57:18,1.663148015822739,103.741726020947,1.342744164664475
kml_2437,Jurong Lake District - Taman Jurong,Land Transport Authority,B6416CED99D2ED7E,2022-02-16 13:57:18,4.437163712329341,103.741468875472,1.34196946466969
kml_2438,Jurong Lake District - Taman Jurong,LTA (Others),7E5FB1E8AB3F15D5,2022-02-16 13:57:18,17.00263997693935,103.74177145370798,1.342882081784785
kml_2439,Jurong Lake District - Taman Jurong,LTA (Others),8CEB4983545FF77F,2022-02-16 13:57:18,4.661576770570719,103.74146887573552,1.342010576122185
kml_2440,Jurong Lake District - Taman Jurong,LTA (Others),2F16BAE4D7AE6A59,2022-02-16 13:57:18,5.050296692231644,103.74146394262151,1.34192696257215
kml_2441,Jurong Lake District - Taman Jurong,Land Transport Authority,6B6F6E687A5210F1,2022-02-16 13:57:18,42.02511790361682,103.74170429709818,1.341496798339996
kml_2442,Jurong Lake District - Taman Jurong,Land Transport Authority,B111B5F83DD92CEB,2022-02-16 13:57:18,10.952585658483994,103.7462025394525,1.3391231201627098
kml_2443,Jurong Lake District - Taman Jurong,Land Transport Authority,6BFE55C20F6417C0,2022-02-16 13:57:18,16.151684829361088,103.746024508235,1.339247816465425
kml_2444,Jurong Lake District - Taman Jurong,Land Transport Authority,FDF601757EADB509,2022-02-16 13:57:18,5.118576864704807,103.747172370374,1.338899253703365
kml_2445,Jurong Lake District - Taman Jurong,Land Transport Authority,1B7BD3D47FED3343,2022-02-16 13:57:18,5.1686927256524715,103.746263502154,1.3390839918921
kml_2446,Jurong Lake District - Taman Jurong,Land Transport Authority,439DF3529C7F9C38,2022-02-16 13:57:18,26.791405507253437,103.7466821847615,1.338970039836975
kml_2447,Jurong Lake District - Taman Jurong,Land Transport Authority,07E33E308EBFB1EC,2022-02-16 13:57:18,6.4537416203251565,103.74683039758699,1.33895205143887
kml_2448,Jurong Lake District - Taman Jurong,Land Transport Authority,1FEC4EC8AAF7DF72,2022-02-16 13:57:18,10.971684501885626,103.746330176608,1.33905558640866
kml_2449,Jurong Lake District - Taman Jurong,Land Transport Authority,9BC24054CE97509F,2022-02-16 13:57:18,7.338978488072458,103.7472408588081,1.338887602346969
kml_2450,Jurong Lake District - Taman Jurong,LTA (Others),AB1AFEFA32C82866,2022-02-16 13:57:18,8.34435865723826,103.7446261435665,1.34028200544568
kml_2451,Jurong Lake District - Taman Jurong,LTA (Others),4A44CB01E4A3842F,2022-02-16 13:57:18,45.19026124293428,103.7433692344955,1.3410265081117
kml_2452,Bedok,Land Transport Authority,1334CFC54B1D8BAA,2022-02-16 13:57:18,28.52173386373338,103.95146797614049,1.329978994190518
kml_2453,Changi-Simei,Land Transport Authority,DA0C31C6FE2B1B49,2022-02-16 13:57:18,83.05200554157955,103.95836632123853,1.3418013665422648
kml_2454,Changi-Simei,Land Transport Authority,25CB51C343C663EF,2022-02-16 13:57:18,63.03580079729338,103.95755648634895,1.343988655723336
kml_2455,Changi-Simei,Land Transport Authority,240C325A794344AA,2022-02-16 13:57:18,40.78492323269339,103.95600017419412,1.342114787038087
kml_2456,Changi-Simei,Land Transport Authority,37D9AF768942F56A,2022-02-16 13:57:18,52.55499738308865,103.9567262327744,1.3412906587287958
kml_2457,Changi-Simei,Town Council,BA62D57D32468F8D,2022-02-16 13:57:18,121.88898959319526,103.95318064066517,1.344665607081796
kml_2458,Punggol,Land Transport Authority,159F3D3AEEBC1644,2022-11-30 14:41:12,91.64163621864726,103.91631176163108,1.3959493039883297
kml_2459,Punggol,Land Transport Authority,A469957BAB5F4F83,2022-11-30 14:41:12,16.65262385981685,103.9163430197071,1.3952792313297921
kml_2460,Sembawang,LTA (Others),5E4ED730126882D5,2022-02-16 13:57:18,2.06121259964825,103.82229526255449,1.4499954787417648
kml_2461,Sembawang,LTA (Others),3EFF997B0B9B7286,2022-02-16 13:57:18,1.8609112440980284,103.82274783130299,1.4499966493544698
kml_2462,Sembawang,LTA (Others),AE0FB362D5A9D948,2022-02-16 13:57:18,1.8664101515240625,103.822889121976,1.4499901462836449
kml_2463,Sembawang,LTA (Others),9D7E0B2945FB6AB8,2022-02-16 13:57:18,7.90407967610262,103.822978598403,1.44998544355382
kml_2464,Sembawang,LTA (Others),97EA650EFF965975,2022-02-16 13:57:18,2.2764751243661028,103.82393954953099,1.449837643098335
kml_2465,Sembawang,LTA (Others),95DEB07333B51D9C,2022-02-16 13:57:18,3.048158427331434,103.82428798770349,1.4496656160198098
kml_2466,Sembawang,LTA (Others),FD1113BB6AAD5DBF,2022-02-16 13:57:18,6.254082911309651,103.82497469713701,1.4493174264585251
kml_2467,Yishun,Land Transport Authority,17817E9CDD2A31D0,2022-02-16 13:57:18,325.74242482519435,103.83757890223853,1.435224146715572
kml_2468,Yishun,LTA (Others),390DED55A86AFBC0,2022-02-16 13:57:18,2.3763159106161194,103.8346449864435,1.4305766789396799
kml_2469,Yishun,LTA (Others),C9FDCDCDDA10A955,2022-02-16 13:57:18,3.718244632332484,103.830501968227,1.4286594325842699
kml_2470,Changi-Simei,LTA (Others),C26B3429829D60A3,2022-02-16 13:57:18,1.8548949003673942,103.95567335940001,1.342505896934115
kml_2471,Changi-Simei,LTA (Others),AE275166A0DA3C13,2022-02-16 13:57:18,1.8406686002292694,103.956423582509,1.3416029033836998
kml_2472,Ang Mo Kio,LTA (Others),31C5EA1123777D1C,2022-02-16 13:57:18,22.372122704747355,103.83631643050099,1.36794390574512
kml_2473,Hougang,Land Transport Authority,763608796A1463C3,2022-02-16 13:57:18,131.17161819954612,103.89279431517417,1.3808417024020958
kml_2474,Ang Mo Kio,Land Transport Authority,D2D49659BDB41E77,2022-02-16 13:57:18,53.088388819886454,103.84456386394984,1.3643874397715445
kml_2475,Ang Mo Kio,LTA (Others),F5220525D8F16302,2022-02-16 13:57:18,51.34246219511561,103.84775191546025,1.3636815175501407
kml_2476,Ang Mo Kio,LTA (Others),0EBA4292106FD057,2022-02-16 13:57:18,8.801940474156478,103.83990708452468,1.3652143652222424
kml_2477,Ang Mo Kio,LTA (Others),29BA7782842DD758,2022-02-16 13:57:18,2.610926854170736,103.84211280194883,1.364563383293042
kml_2478,Ang Mo Kio,Land Transport Authority,B4B05F3E7C22C793,2022-02-16 13:57:18,102.26646339324684,103.84919216485692,1.3629465754669243
kml_2479,Ang Mo Kio,LTA (Others),E274BDCBDD736A0F,2022-02-16 13:57:18,5.478061098496866,103.839254661409,1.36968715738694
kml_2480,Ang Mo Kio,Land Transport Authority,1A2945986FC60B61,2022-02-16 13:57:18,164.7292950649773,103.84682807474236,1.363972574563908
kml_2481,Changi-Simei,LTA (Others),DE724A05571D8920,2022-02-16 13:57:18,2.4928105536507603,103.955204782375,1.343793269096245
kml_2482,Changi-Simei,LTA (Others),8147ECD4BF7C2F16,2022-02-16 13:57:18,1.480394731787144,103.956622725058,1.3446532397815152
kml_2483,Ang Mo Kio,Land Transport Authority,8AF3AB8E231B71EF,2022-02-16 13:57:18,132.60850458456633,103.84912986669896,1.3687170097420382
kml_2484,Changi-Simei,LTA (Others),5637A3E1AA5F2832,2022-02-16 13:57:18,2.1229927928247085,103.955084061343,1.34321910313339
kml_2485,Ang Mo Kio,Land Transport Authority,E3226D308203B6F6,2022-02-16 13:57:18,151.55734662734204,103.85158397174233,1.3611287224081987
kml_2486,Changi-Simei,LTA (Others),6970F15A3AC82081,2022-02-16 13:57:18,2.2707953368296403,103.956123427415,1.34196487876221
kml_2487,Ang Mo Kio,Land Transport Authority,981D36F9F89BB762,2022-02-16 13:57:18,39.446729069995584,103.83868297491117,1.3697108502274904
kml_2488,Ang Mo Kio,Land Transport Authority,83B7CB3E7F1E9CEB,2022-02-16 13:57:18,15.796460400626378,103.83958493033,1.36528994649685
kml_2489,Ang Mo Kio,LTA (Others),7767CD672F98FEC9,2022-02-16 13:57:18,4.162437430410281,103.8394857871005,1.36965997206297
kml_2490,Ang Mo Kio,Land Transport Authority,A7E85A817F939819,2022-02-16 13:57:18,9.83452148486481,103.84539327672898,1.36428059217836
kml_2491,Changi-Simei,LTA (Others),432B3301BFD80733,2022-02-16 13:57:18,2.2873809028570453,103.9525593719525,1.34156795873899
kml_2492,Ang Mo Kio,LTA (Others),0B181AD1FCE7E3AA,2022-02-16 13:57:18,16.775864296344864,103.84487376188801,1.3643849122602951
kml_2493,Ang Mo Kio,LTA (Others),7E7F204A0FD82659,2022-02-16 13:57:18,5.853058784992279,103.8441338457525,1.364399382834205
kml_2494,Changi-Simei,LTA (Others),1AB59928DEFDAC1C,2022-02-16 13:57:18,6.4497390244983475,103.957424184464,1.3417243269279449
kml_2495,Yishun,Land Transport Authority,84336A987AAC8213,2022-02-16 13:57:18,89.81092004614503,103.83399882142282,1.4343989418545222
kml_2496,Yishun,LTA (Others),E4D7616DBF4DEB64,2022-02-16 13:57:18,1.6056645932179257,103.839916015104,1.4336047452450948
kml_2497,Tampines,Town Council,6ADF0A51AC02A093,2022-02-16 13:57:18,39.70260004940792,103.9524917513525,1.3536866536065801
kml_2498,Tampines,Town Council,A5B223BE59871138,2022-02-16 13:57:18,138.40904525676956,103.95715863092403,1.3536839037191621
kml_2499,Changi-Simei,Land Transport Authority,5B2B89705A601455,2022-02-16 13:57:18,41.82119580280041,103.9553571376075,1.34392210776023
kml_2500,Punggol,Land Transport Authority,925A94D1390FD058,2022-02-16 13:57:18,18.033631496736508,103.90683439294973,1.4037466203085938
kml_2501,Punggol,Land Transport Authority,3384248791DCB482,2022-02-16 13:57:18,73.68796533665969,103.9152770006297,1.3966325926135412
kml_2502,Punggol,Land Transport Authority,80D9229769EC45F0,2022-02-16 13:57:18,19.54062573577177,103.9174740758025,1.3967705990095198
kml_2503,Punggol,Land Transport Authority,B9A83915024CF3F5,2022-02-16 13:57:18,84.12315000485536,103.91245904838881,1.3976936481278341
kml_2504,Punggol,Land Transport Authority,873F9D466DE50A22,2022-02-16 13:57:18,2.7014400542911243,103.9122240735125,1.3973135787939301
kml_2505,Punggol,Land Transport Authority,788CA56B0AE966DE,2022-02-16 13:57:18,84.01296095285912,103.911960870537,1.39694927262401
kml_2506,Punggol,Land Transport Authority,58C92A3572509A4B,2022-02-16 13:57:18,12.142486659657537,103.91169297655,1.3965713450816049
kml_2507,Punggol,Land Transport Authority,8DBD39604848A127,2022-02-16 13:57:18,6.448125172390206,103.911615401031,1.396468886945935
kml_2508,Punggol,Land Transport Authority,8CF257D3CF31AD08,2022-02-16 13:57:18,40.14195085844775,103.9113109755935,1.39604091309872
kml_2509,Punggol,Land Transport Authority,EA0564F55C9993B5,2022-02-16 13:57:18,94.69080376803254,103.91042935760952,1.395919773348052
kml_2510,Punggol,Land Transport Authority,3D4A2B96506CD69E,2022-02-16 13:57:18,204.26293038137246,103.9093304483133,1.3967999186597198
kml_2511,Punggol,Land Transport Authority,A4CFDBFF8DE68E47,2022-02-16 13:57:18,60.38333699226163,103.90838208412204,1.397576474230549
kml_2512,Punggol,Land Transport Authority,50177D692D909A89,2022-02-16 13:57:18,98.84902856428674,103.90777701610133,1.3980793672488792
kml_2513,Yishun,LTA (Others),771FB88E974E2AA7,2022-02-16 13:57:18,1.711741674118174,103.84609650093901,1.425765542514235
kml_2514,Yishun,LTA (Others),D86A7269DDD31CE0,2022-02-16 13:57:18,8.210186570980339,103.8477855863865,1.42362201156909
kml_2515,Yishun,LTA (Others),086BC603B69DD387,2022-02-16 13:57:18,3.031709229517838,103.83662476008548,1.42337484013362
kml_2516,Yishun,Land Transport Authority,673D77EB907E80A7,2022-02-16 13:57:18,43.620887245956034,103.8318545202745,1.4199909162886046
kml_2517,Yishun,Land Transport Authority,EBB8E00FD0C2FD03,2022-02-16 13:57:18,45.62692600536232,103.83106903563046,1.4351468522197581
kml_2518,Yishun,Land Transport Authority,4A1B35156B275B1E,2022-02-16 13:57:18,114.28786024504285,103.83188331482266,1.4281232111347595
kml_2519,Yishun,LTA (Others),85C6A5443D40F36E,2022-02-16 13:57:18,1.4317626984649678,103.829613093473,1.4338568399664249
kml_2520,Yishun,Land Transport Authority,4C8CB02AD7BD9FBE,2022-02-16 13:57:18,125.05504084224421,103.83208939985434,1.4247994274650855
kml_2521,Yishun,LTA (Others),3967B9C3D2331131,2022-02-16 13:57:18,1.4195760298421796,103.8317787360025,1.43062845497204
kml_2522,Yishun,LTA (Others),C614D57911380729,2022-02-16 13:57:18,6.525965969893286,103.839470159095,1.4340009392221251
kml_2523,Yishun,LTA (Others),EF479A30D7546CE2,2022-02-16 13:57:18,1.7714548267166728,103.838244202472,1.427821902235885
kml_2524,Yishun,LTA (Others),55E88308E500E6A9,2022-02-16 13:57:18,7.143903920256351,103.8393388942135,1.4156306670806051
kml_2525,Yishun,LTA (Others),65E2CA7A2D58E3B6,2022-02-16 13:57:18,4.076608580603117,103.8488246374095,1.423650436170795
kml_2526,Punggol,Land Transport Authority,57D8ECD5289DD01D,2022-02-16 13:57:18,66.14381037466114,103.90255687366734,1.4013850784557493
kml_2527,Punggol,Land Transport Authority,4D1D287D24FE5605,2022-02-16 13:57:18,15.085488953320894,103.903136657825,1.4011014772604349
kml_2528,Punggol,Land Transport Authority,F03E8AD2446BDF8F,2022-02-16 13:57:18,4.972618800097891,103.90422114477349,1.404393036295465
kml_2529,Punggol,Land Transport Authority,E371DA152653E28A,2022-02-16 13:57:18,17.60574041944306,103.90713378355025,1.4043847832971994
kml_2530,Jurong Lake District - Taman Jurong,Land Transport Authority,96A9A1F4B8CA3E70,2022-11-30 14:41:12,8.082641615633296,103.72169745139804,1.341628156953849
kml_2531,Jurong Lake District - Taman Jurong,Land Transport Authority,CEE5DF1D348D5817,2022-11-30 14:41:12,6.949091446615894,103.72203323319404,1.3446871212036564
kml_2532,Jurong Lake District - Taman Jurong,Land Transport Authority,7F28005730341D03,2022-11-30 14:41:12,72.96436867033952,103.72333722936777,1.3402609598305575
kml_2533,Jurong Lake District - Taman Jurong,Land Transport Authority,BC516E4FD4ABE4EE,2022-11-30 14:41:12,12.572465277628346,103.72309878858499,1.340562573282345
kml_2534,Bishan,Land Transport Authority,30EC856EA53CE5A4,2022-11-30 14:41:13,14.541208995512058,103.8452947486844,1.3575004464878457
kml_2535,Bishan,Land Transport Authority,656F5BBDB1AFC4C1,2022-11-30 14:41:13,113.48544426728472,103.84572687372037,1.3571279185269527
kml_2536,Bishan,Land Transport Authority,3A63A3D6B6BEEAD0,2022-11-30 14:41:13,5.356919942618818,103.84613142573828,1.3567797579782863
kml_2537,Bishan,LTA (Others),10D8A7B633D346A4,2022-11-30 14:41:13,11.634346589980447,103.85367530266001,1.34975782820461
kml_2538,Bishan,Land Transport Authority,B52A722EA7A62F86,2022-11-30 14:41:13,18.00233709689095,103.853747967605,1.3496455489450199
kml_2539,Bishan,LTA (Others),650F925D167EE5D2,2022-11-30 14:41:13,8.303377335200329,103.8538109609625,1.349545011580755
kml_2540,Bishan,Land Transport Authority,3F37642C58F03438,2022-11-30 14:41:13,203.92998086361203,103.85430092229265,1.3487279150345453
kml_2541,Bishan,Land Transport Authority,E95DCAC2AEDD8DD6,2022-11-30 14:41:13,44.293042462482504,103.85453870688002,1.3476934760794714
kml_2542,Bishan,LTA (Others),A1AD907D5D66906A,2022-11-30 14:41:13,5.929333566679904,103.8544718163215,1.34748005169856
kml_2543,Bishan,Land Transport Authority,09A23D3EF578977F,2022-11-30 14:41:13,68.78115186697856,103.854398002019,1.3471504996941048
kml_2544,Sengkang,Land Transport Authority,4AA03D8384E9308B,2022-11-30 14:41:13,86.42658096157155,103.87850843477393,1.3918715618217612
kml_2545,Sengkang,Land Transport Authority,8671B2C18F5E0ADA,2022-11-30 14:41:13,4.52538578769598,103.87886743082554,1.392050176418922
kml_2546,Sengkang,Land Transport Authority,C0D14E38A62403D0,2022-11-30 14:41:13,25.657580786432753,103.87933089522734,1.3921480503546546
kml_2547,Sengkang,Land Transport Authority,93C5CFE64A417377,2022-11-30 14:41:13,49.643857289654136,103.87966217398846,1.39219181455702
kml_2548,Sengkang,Land Transport Authority,6351D405D73C169A,2022-11-30 14:41:13,47.37755921716289,103.88008059407228,1.3922240167479871
kml_2549,Sengkang,Land Transport Authority,628CFF52AB323C0C,2022-11-30 14:41:13,20.6131192511637,103.88036012471652,1.3922067266127849
kml_2550,Sengkang,LTA (Others),8588398276490360,2022-11-30 14:41:13,8.026268658687702,103.878128452516,1.3916835569720551
kml_2551,Toa Payoh,Land Transport Authority,3D2385980CB2A8F0,2022-11-30 14:41:13,13.032981996927692,103.87280165896989,1.3395646606123723
kml_2552,Toa Payoh,Land Transport Authority,60E4FCBC5BF8BB6B,2022-11-30 14:41:13,332.32052360036494,103.87344699406336,1.3408414860580653
kml_2553,Toa Payoh,Land Transport Authority,050C090824876A78,2022-11-30 14:41:13,12.407986161034277,103.87464959994072,1.341558642551182
kml_2554,Toa Payoh,Land Transport Authority,A5C659C4F9343745,2022-11-30 14:41:13,73.97631808651003,103.87501857843652,1.34164244447149
kml_2555,Toa Payoh,Land Transport Authority,8F6DF100647458D3,2022-11-30 14:41:13,43.02051327297844,103.87552869278645,1.3417393900783388
kml_2556,Toa Payoh,Land Transport Authority,2832E2B0A2646A04,2022-11-30 14:41:13,46.74990509053082,103.8759105208818,1.3418543727355394
kml_2557,Jurong Lake District - Taman Jurong,Land Transport Authority,E02755B98F3D65F0,2022-11-30 14:41:12,56.375667741476,103.7167250018085,1.339183952026795
kml_2558,Jurong Lake District - Taman Jurong,Land Transport Authority,40A415D8F2A886EB,2022-11-30 14:41:12,33.851303407540556,103.72430425048921,1.338621004794685
kml_2559,Jurong Lake District - Taman Jurong,Land Transport Authority,BD0B6B67F222F2AB,2022-11-30 14:41:12,32.71242604770789,103.724160166243,1.338884499875625
kml_2560,Bukit Panjang,Land Transport Authority,0475BC8316B5662D,2022-11-30 14:41:13,76.33960434857619,103.77227273771119,1.3739238064886619
kml_2561,Pasir Ris,Town Council,53ADDEC9EA9917B7,2022-11-30 14:41:12,55.938747394572474,103.95643317263524,1.3677942992318461
kml_2562,Jurong Lake District - Taman Jurong,Land Transport Authority,B6A9244D31FFF453,2022-11-30 14:41:13,57.6706635276109,103.72034936931301,1.3385799938912062
kml_2563,Jurong Lake District - Taman Jurong,Land Transport Authority,4CB7F687B95B684D,2022-11-30 14:41:13,15.564275245869617,103.7213817858245,1.335631282696715
kml_2564,Jurong Lake District - Taman Jurong,Land Transport Authority,ABE0D370C4FBFD18,2022-11-30 14:41:13,82.30982111845837,103.72498875153083,1.336354202777745
kml_2565,Jurong Lake District - Taman Jurong,Land Transport Authority,99951DB486AD72B4,2022-11-30 14:41:13,33.97868123668126,103.72479371337475,1.3343775259587574
kml_2566,Jurong Lake District - Taman Jurong,Land Transport Authority,3F2E76BE0152191B,2022-11-30 14:41:13,40.99376143886252,103.72337913918786,1.3344592041390797
kml_2567,Jurong Lake District - Taman Jurong,Land Transport Authority,5DE6B10057D9B3D5,2022-11-30 14:41:13,18.969955856116623,103.72456406622236,1.3344342020638746
kml_2568,Yishun,Land Transport Authority,E2D2DF2EF8E200A7,2022-02-16 13:57:18,75.13845472657252,103.83666697051497,1.4331719502079632
kml_2569,Jurong Lake District - Taman Jurong,Land Transport Authority,DD36897E75367D95,2022-11-30 14:41:13,157.47563879105925,103.72496982680683,1.3350942173795775
kml_2570,Jurong Lake District - Taman Jurong,Land Transport Authority,032ABF36B02F4FBC,2022-11-30 14:41:13,24.720989206722322,103.72094513871392,1.3267064978057268
kml_2571,Jurong Lake District - Taman Jurong,LTA (Others),713003EEC932CECD,2022-11-30 14:41:13,2.4839530067395326,103.721300714889,1.33563268209907
kml_2572,Jurong Lake District - Taman Jurong,LTA (Others),0F095191D3D08939,2022-11-30 14:41:13,11.976565071685092,103.71957757096048,1.336670280472135
kml_2573,Jurong Lake District - Taman Jurong,LTA (Others),E9CDE9C250C64894,2022-11-30 14:41:13,70.45378027809558,103.7218414341777,1.3450943864604334
kml_2574,Jurong Lake District - Taman Jurong,Land Transport Authority,2F179204B80BD359,2022-11-30 14:41:13,2.652112357732678,103.71921687468601,1.338576951460215
kml_2575,Jurong Lake District - Taman Jurong,Land Transport Authority,F65A86D0EBC05E0C,2022-11-30 14:41:13,2.107587418714319,103.719440534163,1.33868217638714
kml_2576,Jurong Lake District - Taman Jurong,Land Transport Authority,C4B911A4E692F3C3,2022-11-30 14:41:13,1.871836779325536,103.7201105771405,1.338698115353355
kml_2577,Jurong Lake District - Taman Jurong,Land Transport Authority,A47E1B68B39D8498,2022-11-30 14:41:13,2.415831791846243,103.72143426821901,1.3388065006218501
kml_2578,Jurong Lake District - Taman Jurong,Land Transport Authority,4304CC3108B21362,2022-11-30 14:41:13,23.13892282405324,103.7218118326937,1.3342481094502365
kml_2579,Jurong Lake District - Taman Jurong,Land Transport Authority,B2D0AF398D8EC3FF,2022-11-30 14:41:13,8.598928122891166,103.721297930429,1.342999849053355
kml_2580,Jurong Lake District - Taman Jurong,Land Transport Authority,F2905B01E0FB9AF7,2022-11-30 14:41:13,8.24256290903516,103.7242952882032,1.3344602044977485
kml_2581,Jurong Lake District - Taman Jurong,Land Transport Authority,2FFD02503E21FD3D,2022-11-30 14:41:13,21.60584573407488,103.71984148682878,1.3357854289989064
kml_2582,Ang Mo Kio,LTA (Others),159D8117EB4A6257,2022-02-16 13:57:18,6.605221580992125,103.845466569303,1.364271389448765
kml_2583,Yishun,Land Transport Authority,981102D3D854E77D,2022-02-16 13:57:18,9.858272276895997,103.8299810046905,1.43446776857218
kml_2584,Yishun,LTA (Others),FBE0EBC1C432392A,2022-02-16 13:57:18,1.7529341260965081,103.8362880688065,1.434526841714065
kml_2585,Yishun,LTA (Others),F8E3866081A3FBED,2022-02-16 13:57:18,25.644533985823667,103.83333615116094,1.4306053574546618
kml_2586,Yishun,LTA (Others),5B2702A5C9B61319,2022-02-16 13:57:18,3.4754855493924004,103.8296255125825,1.4335275552523048
kml_2587,Yishun,LTA (Others),680EE7192298A6DB,2022-02-16 13:57:18,8.7746230163821,103.83282584735265,1.430622886327831
kml_2588,Yishun,LTA (Others),9625945B42A34A6D,2022-02-16 13:57:18,4.995773618857671,103.83263485726901,1.434337519489455
kml_2589,Yishun,Land Transport Authority,D58516AEDD086D70,2022-02-16 13:57:18,109.63705499185113,103.848314045438,1.423632292095945
kml_2590,Yishun,Land Transport Authority,3DE4667A4B370AB3,2022-02-16 13:57:18,22.306787353132478,103.848942741059,1.423660321872675
kml_2591,Yishun,Land Transport Authority,E0D162DB754E9240,2022-02-16 13:57:18,47.08976918028819,103.84926220124667,1.4237018183705172
kml_2592,Yishun,Land Transport Authority,5A327F941C7700B9,2022-02-16 13:57:18,324.09943433631355,103.84383105814773,1.4227145968683363
kml_2593,Yishun,Land Transport Authority,F7C2E26A91DB9F56,2022-02-16 13:57:18,33.60864842996561,103.84458191040483,1.4241213695110664
kml_2594,Yishun,Land Transport Authority,AF9FB01DD9C22460,2022-02-16 13:57:18,148.55336386650112,103.84367746264593,1.4205544761231699
kml_2595,Yishun,Land Transport Authority,332E93EEC3D76F9E,2022-02-16 13:57:18,33.38308501801154,103.840703140511,1.4189667593265882
kml_2596,Yishun,Land Transport Authority,3679480C18A7BE24,2022-02-16 13:57:18,33.09515750602798,103.840222719021,1.43333178111687
kml_2597,Yishun,Land Transport Authority,672CA2D6C747ECCC,2022-02-16 13:57:18,21.52336933989975,103.83956500285501,1.43391753265669
kml_2598,Yishun,Land Transport Authority,206B8919A765AA2B,2022-02-16 13:57:18,4.3023150154351955,103.839432872435,1.43403229678016
kml_2599,Yishun,Land Transport Authority,8F04627338C2641D,2022-02-16 13:57:18,54.52739064168368,103.83949437174823,1.4298905701765583
kml_2600,Hougang,Land Transport Authority,9CA163D09988948F,2022-02-16 13:57:18,61.31121536332039,103.8926274444998,1.3746963205224851
kml_2601,Yishun,LTA (Others),699E46BC25E7A35E,2022-02-16 13:57:18,21.507245266102426,103.84413830889432,1.431044339346569
kml_2602,Yishun,Land Transport Authority,2DC69AC28A1F3BAD,2022-02-16 13:57:18,13.81690089450331,103.83531822769899,1.4150201696105849
kml_2603,Yishun,Land Transport Authority,B09F37000D9C2601,2022-02-16 13:57:18,5.894128363434304,103.846120103006,1.42765690989386
kml_2604,Sembawang,Land Transport Authority,7058903C37E13FF2,2022-02-16 13:57:18,5.085878487701153,103.82292032500648,1.4499886876896149
kml_2605,Yishun,Land Transport Authority,324F22F3AC1A15CD,2022-02-16 13:57:18,31.37842456410641,103.84329583128203,1.4189018851800597
kml_2606,Yishun,Land Transport Authority,4048EFF070F29EC0,2022-02-16 13:57:18,135.3031257353386,103.8428047118326,1.4183378314554225
kml_2607,Yishun,Land Transport Authority,12798A8060A50C49,2022-02-16 13:57:18,17.46351031876181,103.83822372807799,1.4180239589547
kml_2608,Yishun,Land Transport Authority,1F1ABB4D1B0C6A98,2022-02-16 13:57:18,61.67468866545618,103.840398809318,1.4235673887796685
kml_2609,Yishun,Land Transport Authority,E96F021E62BD12B2,2022-02-16 13:57:18,36.682365535046856,103.8401379091089,1.4239437821776653
kml_2610,Yishun,Land Transport Authority,9E4DE1D4444CADD0,2022-02-16 13:57:18,32.38637943520541,103.84060152786513,1.4230963703567154
kml_2611,Pasir Ris,Land Transport Authority,EE58DDE299742DA8,2022-02-16 13:57:18,42.17637611914688,103.95150958516057,1.3747477048576395
kml_2612,Yishun,Land Transport Authority,C83A43C2447793AB,2022-02-16 13:57:18,22.70182067706481,103.83718254141296,1.4319896446207399
kml_2613,Tampines,Land Transport Authority,3D24869E8F7BBA18,2022-02-16 13:57:18,62.75496475170876,103.95648912424294,1.3561015557639495
kml_2614,Yishun,Land Transport Authority,107B788442A12CAE,2022-02-16 13:57:18,29.45082023192243,103.82976072592399,1.43149087799923
kml_2615,Tampines,Land Transport Authority,1D9F09FB0BC4E113,2022-02-16 13:57:18,27.687977607795723,103.94036718995415,1.3515733322721566
kml_2616,Punggol,Land Transport Authority,436DABF418BE096D,2022-02-16 13:57:18,16.07579518959636,103.9070558035565,1.40425573896648
kml_2617,Punggol,Land Transport Authority,F7B98FA4523FECB2,2022-02-16 13:57:18,19.924598333461915,103.9069309621685,1.40396971633474
kml_2618,Punggol,LTA (Others),962998EA73B5FA15,2022-02-16 13:57:18,1.419237790279295,103.9145171364345,1.397208565565345
kml_2619,Sembawang,Land Transport Authority,7DF741A0E1649B5C,2022-02-16 13:57:18,200.8379857617267,103.82648845397883,1.4449795307201243
kml_2619,Sembawang,Land Transport Authority,7DF741A0E1649B5C,2022-02-16 13:57:18,12.897688035347016,103.82549305360806,1.4451523217668174
kml_2619,Sembawang,Land Transport Authority,7DF741A0E1649B5C,2022-02-16 13:57:18,74.76221722763445,103.82511260370714,1.4453951452537726
kml_2620,Kallang,Land Transport Authority,83F49FB189825F52,2022-11-30 14:41:12,13.966492845036765,103.86899801037757,1.3322381953838487
kml_2621,Sengkang,LTA (Others),B10CA7CCA85EA012,2022-11-30 14:41:12,130.22953963573073,103.89291811775587,1.3937943714012333
kml_2622,Sengkang,Land Transport Authority,ABAE7D6D1BB6E83B,2022-11-30 14:41:12,69.10466695871581,103.89100376452313,1.3943364345071636
kml_2623,Bukit Panjang,Land Transport Authority,4D3ED0EA57C88F0B,2022-11-30 14:41:13,8.890650227502046,103.77194042005962,1.3740732102563658
kml_2624,Bukit Panjang,Land Transport Authority,3FDA66A73041411A,2022-11-30 14:41:13,16.768997413445366,103.7730898328355,1.3734489354841548
kml_2625,Bukit Panjang,LTA (Others),4E28B31BDC283193,2022-11-30 14:41:13,6.017931616614028,103.7725879067915,1.373729365446765
kml_2626,Toa Payoh,Land Transport Authority,598578DDDC3330E8,2022-11-30 14:41:13,9.232840758804178,103.87615487573603,1.3418959516785895
kml_2627,Toa Payoh,Land Transport Authority,11708341B561CB4C,2022-11-30 14:41:13,6.763829181701659,103.87650408087164,1.3421229247226303
kml_2628,Toa Payoh,Land Transport Authority,28CEA3BBA553D93D,2022-11-30 14:41:13,63.08312973972765,103.87669316041365,1.3423649652041698
kml_2629,Punggol,Land Transport Authority,33ED49A1D1061B7B,2022-11-30 14:41:13,17.334683883494915,103.91871168927253,1.3977072627157043
kml_2630,Sembawang,Town Council,0FB3311EDB870DFA,2022-02-16 13:57:18,413.43656488766027,103.81493810407302,1.4461951160658506
kml_2631,Pasir Ris,LTA (Others),D9CA9809E3FA303C,2022-02-16 13:57:18,66.07064345608396,103.9539405272408,1.375041397735264
kml_2632,Sembawang,Town Council,C5DE202B55ED74E5,2022-02-16 13:57:18,171.17958634683842,103.81503773764354,1.4554200847460268
kml_2633,Sembawang,Town Council,D9FFDDD3BB3F5412,2022-02-16 13:57:18,1.4112809684885792,103.8148996296165,1.45616176787633
kml_2634,Pasir Ris,LTA (Others),A8FCF20A6ED58658,2022-02-16 13:57:18,129.18676495991463,103.95480793205621,1.3751566486303788
kml_2635,Pasir Ris,LTA (Others),4D061443D25A4181,2022-02-16 13:57:18,68.51995357550493,103.95565427306279,1.3752925943734808
kml_2636,Sembawang,Town Council,75247F5F843C1132,2022-02-16 13:57:18,209.96854011658795,103.8159392798435,1.45011048159516
kml_2637,Sembawang,Town Council,F120A20816EBB9A0,2022-02-16 13:57:18,146.83733960572133,103.81981366220097,1.4495484138414543
kml_2638,Pasir Ris,LTA (Others),75913CE996E9557D,2022-02-16 13:57:18,221.31018289181156,103.9604284630272,1.366998778976471
kml_2639,Pasir Ris,LTA (Others),2C67D61D9EA0E04F,2022-02-16 13:57:18,2.128720241410877,103.9601433019715,1.3676189972016
kml_2640,Pasir Ris,LTA (Others),26F8BEFF4168820C,2022-02-16 13:57:18,1.6936638352518651,103.960182225045,1.367590140555575
kml_2641,Sembawang,LTA (Others),BABDD8ED4811B801,2022-02-16 13:57:18,2.0559909436849546,103.820371744373,1.44701130583
kml_2642,Sembawang,LTA (Others),3E46233DBE0D291E,2022-02-16 13:57:18,4.3058571280037246,103.820544543675,1.447031180208295
kml_2643,Sembawang,LTA (Others),C27DE09C91C762FA,2022-02-16 13:57:18,2.5240469618941543,103.8207238209825,1.4470518097533849
kml_2644,Sembawang,LTA (Others),81B8B05EDFF7AC26,2022-02-16 13:57:18,2.097900616768762,103.8209595996,1.4470652697999
kml_2645,Sembawang,LTA (Others),F3706BFEE435120C,2022-02-16 13:57:18,31.736683992766704,103.81867449424502,1.4567829194732296
kml_2646,Sembawang,LTA (Others),03C521D811735807,2022-02-16 13:57:18,50.708838987135536,103.81986070276596,1.4555485257159129
kml_2647,Sembawang,LTA (Others),55F8493334654D6B,2022-02-16 13:57:18,47.72942719216,103.81776536202769,1.4506983261624018
kml_2648,Sembawang,LTA (Others),F2F79B3DC237BE53,2022-02-16 13:57:18,40.05823791556195,103.81783153742036,1.4509175576411573
kml_2649,Sembawang,LTA (Others),42D0F264A19689B9,2022-02-16 13:57:18,0.8364307839601987,103.8211712145245,1.44705891417928
kml_2650,Yishun,Land Transport Authority,2B9955387668E2EB,2022-02-16 13:57:18,132.56117461787107,103.83665357503719,1.4239863416623952
kml_2651,Yishun,Land Transport Authority,C73FCB3E617F7E3E,2022-02-16 13:57:18,29.4099971894667,103.8366184124702,1.4232282982529039
kml_2652,Yishun,Land Transport Authority,61C18867D2091AD7,2022-02-16 13:57:18,25.62095048714818,103.84647059030823,1.4235673700473341
kml_2653,Yishun,Land Transport Authority,8AC74DAA55B2D17A,2022-02-16 13:57:18,12.751682220744685,103.84022924556639,1.417799446001258
kml_2654,Yishun,Land Transport Authority,B835430EED585600,2022-02-16 13:57:18,40.67968521666101,103.84012342937702,1.417568529579535
kml_2655,Yishun,Land Transport Authority,F07FD3A3A0A66B19,2022-02-16 13:57:18,14.07118303949917,103.8466658346115,1.423570420330035
kml_2656,Yishun,Land Transport Authority,23BF8A6C5FE6DD87,2022-02-16 13:57:18,16.696573096847896,103.84688776465799,1.423595482115185
kml_2657,Jurong Lake District - Taman Jurong,Land Transport Authority,9AB86F1781471A2E,2022-11-30 14:41:13,16.553007378785672,103.72074072526998,1.3383644157668027
kml_2658,Jurong Lake District - Taman Jurong,Land Transport Authority,062ED32B53FE0E2F,2022-11-30 14:41:13,19.356422733449016,103.71962276883761,1.336057313328879
kml_2659,Jurong Lake District - Taman Jurong,Land Transport Authority,8F8A0DEBF3CC3C41,2022-11-30 14:41:13,38.3844762501993,103.7223433898805,1.326600055095465
kml_2660,Jurong Lake District - Taman Jurong,Land Transport Authority,9D5072E5CB6F5D74,2022-11-30 14:41:13,73.20506448642746,103.72487044178537,1.3370341019518686
kml_2661,Jurong Lake District - Taman Jurong,LTA (Others),9427951B96ADE3D0,2022-11-30 14:41:12,8.864483783201683,103.72070607426802,1.33422160099956
kml_2662,Jurong Lake District - Taman Jurong,Land Transport Authority,AB97230BDA5220A1,2022-11-30 14:41:13,22.342583136945393,103.7191181904585,1.3385230178782201
kml_2663,Jurong Lake District - Taman Jurong,Land Transport Authority,8D5DF996CA31AEF5,2022-11-30 14:41:13,35.131367302924374,103.71994791989577,1.338730056037304
kml_2664,Jurong Lake District - Taman Jurong,Land Transport Authority,C2109BD47BE05158,2022-11-30 14:41:13,51.336045542382514,103.71957509835184,1.3363850877244474
kml_2665,Jurong Lake District - Taman Jurong,Land Transport Authority,70D6C42550084584,2022-11-30 14:41:13,23.50025358708134,103.72056446568354,1.3341959765187332
kml_2666,Jurong Lake District - Taman Jurong,Land Transport Authority,16105F5F638ADC2F,2022-11-30 14:41:13,37.56854082030701,103.72303520199495,1.3343939457816074
kml_2667,Jurong Lake District - Taman Jurong,Land Transport Authority,EB5F9FAD16775F51,2022-11-30 14:41:13,25.187490038963904,103.71932964179423,1.338631297542211
kml_2668,Sembawang,Town Council,08D740CC7B9A33FD,2022-02-16 13:57:18,75.36763171636964,103.81980913154396,1.4524088776452198
kml_2669,Sembawang,Town Council,30C28865EE67CB72,2022-02-16 13:57:18,146.76078079080622,103.82081281870404,1.4513837852313927
kml_2670,Yishun,LTA (Others),8B78BFEF76D3DE5C,2022-02-16 13:57:18,63.018374367097955,103.83539979805445,1.4305389051591275
kml_2671,Pasir Ris,LTA (Others),A7A38A671C9E082C,2022-02-16 13:57:18,3.809334380028182,103.9569252833515,1.370577200951635
kml_2672,Tampines,Land Transport Authority,EDC74AC501E4768F,2022-02-16 13:57:18,52.12897048286721,103.94617765108019,1.3578920131846974
kml_2673,Tampines,Town Council,435790E7BB8380C0,2022-02-16 13:57:18,62.00450989507451,103.95201450472494,1.3536503381042386
kml_2674,Yishun,LTA (Others),655F860962474D77,2022-02-16 13:57:18,1.8728810600637409,103.8299363279355,1.434439745437785
kml_2675,Yishun,Land Transport Authority,ED2CCE4D22B032C9,2022-02-16 13:57:18,32.47533749243338,103.83075989514289,1.4349562326556136
kml_2676,Tampines,Land Transport Authority,36ECA804EF3B18E3,2022-02-16 13:57:18,18.18786515743626,103.95225112385299,1.36184888134814
kml_2677,Pasir Ris,Land Transport Authority,0AA8E2ECFE176D69,2022-02-16 13:57:18,8.89753189701964,103.95690158434289,1.3700896634358226
kml_2678,Tampines,Land Transport Authority,8A4106A196F75A5E,2022-02-16 13:57:18,253.0656392839734,103.93441777658049,1.349595334855785
kml_2679,Pasir Ris,Land Transport Authority,7984D4786C27E53C,2022-02-16 13:57:18,20.52013065035836,103.95874411136002,1.3684595215765698
kml_2680,Pasir Ris,Land Transport Authority,C84159AE9BE891E8,2022-02-16 13:57:18,15.954959731690991,103.95988834373905,1.3685165321114996
kml_2681,Pasir Ris,Land Transport Authority,3FB50319AF0803E9,2022-02-16 13:57:18,19.337588850202554,103.945753934131,1.3728769206495501
kml_2682,Pasir Ris,Land Transport Authority,98E41CEA20309871,2022-02-16 13:57:18,101.03332606663398,103.94368771524718,1.37369910193003
kml_2683,Pasir Ris,Land Transport Authority,4FA0724ED6778937,2022-02-16 13:57:18,5.013950325402435,103.951042985077,1.3727981482358447
kml_2684,Pasir Ris,Land Transport Authority,8479708914573DA9,2022-02-16 13:57:18,34.109722039448386,103.9560865644666,1.3738164584458867
kml_2685,Yishun,Land Transport Authority,1F5846FA31C37A2E,2022-02-16 13:57:18,28.091039100129095,103.82972648867242,1.4317673635423707
kml_2686,Pasir Ris,Land Transport Authority,D41ACE671BB3EF63,2022-02-16 13:57:18,16.153453685818082,103.9629799967015,1.36492136486653
kml_2687,Pasir Ris,Land Transport Authority,15FC6E393CD379E0,2022-02-16 13:57:18,43.658475896106154,103.95971661794157,1.3682220196385197
kml_2688,Pasir Ris,Land Transport Authority,74BD312A4934859D,2022-02-16 13:57:18,75.33640809841901,103.94098077386948,1.3755987052735785
kml_2689,Tampines,Land Transport Authority,BE6549D183F4B107,2022-02-16 13:57:18,72.20854683849608,103.93715571076707,1.348573978456684
kml_2690,Tampines,Land Transport Authority,85A2A85B6D31CE9B,2022-02-16 13:57:18,31.095590075948223,103.943054370957,1.351585978182335
kml_2691,Tampines,Land Transport Authority,DCC49D10A32CF819,2022-02-16 13:57:18,46.441691891645725,103.942690321678,1.3515849696049103
kml_2692,Pasir Ris,Land Transport Authority,33B158E5B0751B37,2022-02-16 13:57:18,20.583003849519823,103.95847473588348,1.3685864968714898
kml_2693,Tampines,Land Transport Authority,942F8A4ECBA2BBAB,2022-02-16 13:57:18,33.347922409987014,103.95533883245058,1.357631479828413
kml_2694,Yishun,LTA (Others),0FD52DC1CD2AF7BF,2022-02-16 13:57:18,2.269179196102058,103.83708394139799,1.432042369162065
kml_2695,Tampines,Land Transport Authority,2DC33C927BA7A55B,2022-02-16 13:57:18,100.68900594227445,103.94815621588256,1.3587760979637298
kml_2696,Tampines,Land Transport Authority,6592E5A3A738ABF3,2022-02-16 13:57:18,51.239924560786385,103.95496920032502,1.3526015592613103
kml_2697,Pasir Ris,Land Transport Authority,A3DB1700916637CE,2022-02-16 13:57:18,9.031125721600342,103.9609097975628,1.3740035106266202
kml_2698,Yishun,Land Transport Authority,7D274CCA424FAC74,2022-02-16 13:57:18,110.30657524771792,103.8296753780905,1.43280277602989
kml_2699,Pasir Ris,Land Transport Authority,13CA44727D6C0652,2022-02-16 13:57:18,21.68107812552742,103.96108272428631,1.3668685146937474
kml_2700,Pasir Ris,Land Transport Authority,B8E7D30E0CE1715D,2022-02-16 13:57:18,18.792740223888522,103.95667959742543,1.3718058482718873
kml_2701,Pasir Ris,Land Transport Authority,255AA2BABCC173B7,2022-02-16 13:57:18,24.39432555840608,103.9641789513371,1.3637575905358794
kml_2702,Yishun,Land Transport Authority,2A4E9098CFD27EF3,2022-02-16 13:57:18,23.357262095685165,103.83527679079316,1.4175714659029501
kml_2703,Yishun,Land Transport Authority,3E7A91ACD86029E5,2022-02-16 13:57:18,55.34335993920455,103.83575239884243,1.4173298643708607
kml_2704,Yishun,Land Transport Authority,CFA81FC1190241FE,2022-02-16 13:57:18,20.621603719883428,103.8348991853945,1.4177544134323197
kml_2705,Yishun,Land Transport Authority,951A87A83643E131,2022-02-16 13:57:18,20.97900710247363,103.83508297596627,1.4176853701596435
kml_2706,Yishun,Land Transport Authority,6CC4925F5F7D15D8,2022-02-16 13:57:18,16.89876491948386,103.83544771862798,1.41748032832578
kml_2707,Yishun,Land Transport Authority,4F2A879646D83355,2022-02-16 13:57:18,50.31854564990138,103.83996434574851,1.417172702166385
kml_2708,Yishun,Land Transport Authority,649375EA3DD737A2,2022-02-16 13:57:18,60.369512011938525,103.83976883138749,1.416694233162735
kml_2709,Yishun,Land Transport Authority,B909785FAAFD356E,2022-02-16 13:57:18,7.088063496572463,103.83964148086599,1.41639644592227
kml_2710,Yishun,Land Transport Authority,D70292B454B0DD4D,2022-02-16 13:57:18,48.69595601870752,103.83814674842584,1.4319171446802899
kml_2711,Pasir Ris,LTA (Others),6C72C44AF50F2273,2022-02-16 13:57:18,73.1333168283092,103.95331884106987,1.3749790816765248
kml_2712,Yishun,Land Transport Authority,F5CD0D3B00A10801,2022-02-16 13:57:18,3.702691514548928,103.836809975193,1.4295542097153748
kml_2713,Yishun,Land Transport Authority,208B593657CCC10A,2022-02-16 13:57:18,3.1176130379493157,103.83680724338402,1.42949714255356
kml_2714,Yishun,Land Transport Authority,7F3489A461416EF1,2022-02-16 13:57:18,22.457183642458762,103.83681935995743,1.4293466038453513
kml_2715,Yishun,Land Transport Authority,42BDDBF933B9140D,2022-02-16 13:57:18,12.694682893673136,103.8368040187025,1.4291445650167
kml_2716,Yishun,Land Transport Authority,B5E62258AC2E947A,2022-02-16 13:57:18,61.50625777938382,103.84538050715194,1.4240964054718834
kml_2717,Yishun,Land Transport Authority,18EB64A112C3982E,2022-02-16 13:57:18,40.94914293928729,103.84615588954999,1.4235754334004802
kml_2718,Yishun,Land Transport Authority,D62EEF3CB2225A6D,2022-02-16 13:57:18,13.867135853251796,103.845665592966,1.423812714502945
kml_2719,Yishun,LTA (Others),D55AC66CC4490D48,2022-02-16 13:57:18,2.512006437689491,103.830433964858,1.4305429193811698
kml_2720,Yishun,LTA (Others),BDCCF34A3ED37D1C,2022-02-16 13:57:18,2.043242471105042,103.8362324289065,1.43469045068997
kml_2721,Yishun,Land Transport Authority,2E2B2B9B000E9F09,2022-02-16 13:57:18,35.02984617671616,103.83752720095191,1.4304806525916696
kml_2722,Yishun,LTA (Others),5B44624609FC8ED1,2022-02-16 13:57:18,1.8202440354501523,103.83691199437649,1.43223605929522
kml_2723,Yishun,LTA (Others),20048293E8FC3381,2022-02-16 13:57:18,23.734351710711596,103.8369385158915,1.430483255230265
kml_2724,Punggol,Land Transport Authority,CBCAA3F97C3A1441,2022-11-30 14:41:12,132.44482940251802,103.9170596055015,1.3961946931203237
kml_2725,Pasir Ris,Land Transport Authority,86E31258C72068BA,2022-02-16 13:57:18,17.51127106527863,103.95094288627399,1.369899704837235
kml_2726,Pasir Ris,Land Transport Authority,28860EFB5F793559,2022-02-16 13:57:18,96.89701464041246,103.94134387300232,1.3786266951731736
kml_2727,Yishun,Land Transport Authority,2A25CDAA185A3A4F,2022-02-16 13:57:18,53.06373386153915,103.8368147725123,1.4299585214968336
kml_2728,Yishun,LTA (Others),FBCE8C68ABD6D9E5,2022-02-16 13:57:18,1.4334683373388932,103.83191760019399,1.43494977253379
kml_2729,Tampines,Land Transport Authority,03CAF54F1FAF3FEC,2022-02-16 13:57:18,12.96574697000328,103.955331758901,1.35819272155072
kml_2730,Tampines,Land Transport Authority,0968BFF8CFBB638E,2022-02-16 13:57:18,83.42830200431897,103.9340267893945,1.3557954312761087
kml_2731,Tampines,Land Transport Authority,91D4035D88C4DC11,2022-02-16 13:57:18,144.64542711162414,103.93557121389848,1.3556354787484846
kml_2732,Tampines,Land Transport Authority,E129474B832FBE2C,2022-02-16 13:57:18,4.704400179932875,103.95532827994,1.35939834837411
kml_2733,Tampines,Land Transport Authority,7A598EF494F557AB,2022-02-16 13:57:18,51.91876673977518,103.94100540913499,1.35157285364373
kml_2734,Tampines,Land Transport Authority,B29E8FAAF11A7C64,2022-02-16 13:57:18,83.59756598981332,103.94130243412756,1.3512311766390612
kml_2735,Pasir Ris,Land Transport Authority,C97B40D09135C882,2022-02-16 13:57:18,21.422187825838822,103.9577043282093,1.3688866113165934
kml_2736,Yishun,Land Transport Authority,CED87F0473E138E0,2022-02-16 13:57:18,41.28256692654375,103.83819549208376,1.4304150096608692
kml_2737,Pasir Ris,Land Transport Authority,A9FE024542DA1837,2022-02-16 13:57:18,34.70955801686567,103.94190032193542,1.3744932404951802
kml_2738,Pasir Ris,Land Transport Authority,3028D5EEC33F00B2,2022-02-16 13:57:18,41.472221950518986,103.9566309773757,1.3691880418905455
kml_2739,Pasir Ris,Land Transport Authority,F44590B81A327801,2022-02-16 13:57:18,35.423852988634565,103.95627936438893,1.3692590409212233
kml_2740,Tampines,Land Transport Authority,9EA6BF02AD9592E4,2022-02-16 13:57:18,19.30490038666803,103.9577804836325,1.3566353291712736
kml_2741,Tampines,Land Transport Authority,E82728FEE5ACD574,2022-02-16 13:57:18,102.51200236886748,103.93906339979719,1.351405940693363
kml_2742,Tampines,Land Transport Authority,43B3E6F50F5A072C,2022-02-16 13:57:18,23.202146190044495,103.95275151408171,1.3620851361054565
kml_2743,Yishun,Land Transport Authority,A486C4B75E8A9AC3,2022-02-16 13:57:18,20.15352557448114,103.83612063658524,1.4350161846010392
kml_2744,Tampines,Land Transport Authority,C63FBE1725A750B5,2022-02-16 13:57:18,39.78642360772504,103.94477391256156,1.3516981753135187
kml_2745,Pasir Ris,Land Transport Authority,733DC4275BEE6F90,2022-02-16 13:57:18,6.84562998782868,103.960964446941,1.36694720548215
kml_2746,Tampines,Land Transport Authority,4327EA536A2003F5,2022-02-16 13:57:18,42.459695027490405,103.9331953802765,1.35008634332821
kml_2747,Yishun,Land Transport Authority,1181776F507F0B54,2022-02-16 13:57:18,90.22081463898613,103.83614265757807,1.4157263263536033
kml_2748,Yishun,Land Transport Authority,1CB8264C8ACDFDB5,2022-02-16 13:57:18,9.668262081752541,103.8470208271085,1.4236006312249851
kml_2749,Yishun,LTA (Others),77E90781F4C7EA7C,2022-02-16 13:57:18,7.01351458095505,103.83756381175999,1.41776704358917
kml_2750,Yishun,LTA (Others),E47E6902DE505095,2022-02-16 13:57:18,36.4797292349269,103.83682550594337,1.4303239726781658
kml_2751,Tampines,Land Transport Authority,5EB0A1C2EF57D23D,2022-02-16 13:57:18,30.616457273688972,103.95532753028435,1.3583862942705958
kml_2752,Changi-Simei,Land Transport Authority,B8F02C59216B2F02,2022-02-16 13:57:18,50.96473625726961,103.95762421423976,1.343142232041035
kml_2753,Changi-Simei,Land Transport Authority,5EA11E52416F4D57,2022-02-16 13:57:18,25.480601081392,103.95516274773419,1.3431226655529795
kml_2754,Changi-Simei,Land Transport Authority,07A50E1434A92F18,2022-02-16 13:57:18,50.35726088494161,103.95792182200908,1.3424862880011441
kml_2755,Yishun,LTA (Others),11959E531FBD6C8E,2022-02-16 13:57:18,1.7349199143152878,103.84596694582899,1.42942994312779
kml_2756,Yishun,LTA (Others),115405EB11DE0C3B,2022-02-16 13:57:18,2.1129753893537426,103.84607070785201,1.428884217777995
kml_2757,Yishun,LTA (Others),658954CA7FB5ED26,2022-02-16 13:57:18,5.730278069308984,103.846076872775,1.42874423488716
kml_2758,Yishun,LTA (Others),CC8F2F5F29185C9F,2022-02-16 13:57:18,1.2189732105884639,103.846079655428,1.428691740169975
kml_2759,Yishun,LTA (Others),844BA20C5C42250C,2022-02-16 13:57:18,2.477390201165064,103.84608521238349,1.4285393145928
kml_2760,Yishun,LTA (Others),04929AFF097DB54B,2022-02-16 13:57:18,1.4614999993718811,103.8461012405415,1.4281250399107848
kml_2761,Yishun,LTA (Others),309147DBD2A53E4E,2022-02-16 13:57:18,1.5632652254696116,103.846109208141,1.42792244564108
kml_2762,Yishun,LTA (Others),DE0A992312837886,2022-02-16 13:57:18,1.5633723349091802,103.846119584255,1.42769059157059
kml_2763,Yishun,LTA (Others),9100D2E58A1521C0,2022-02-16 13:57:18,7.698500595328383,103.8461225059515,1.42759549408138
kml_2764,Yishun,LTA (Others),3D3A0C0FE6939D67,2022-02-16 13:57:18,1.797270400300066,103.8461266380565,1.42750117976439
kml_2765,Yishun,LTA (Others),1ED281428890E1CD,2022-02-16 13:57:18,1.5474818404385877,103.8461231776035,1.427262015797715
kml_2766,Yishun,LTA (Others),6BF5A935B778E5AA,2022-02-16 13:57:18,4.010058921493441,103.84610069286501,1.42706915219927
kml_2767,Yishun,LTA (Others),FD36E90DFDDEDE80,2022-02-16 13:57:18,38.54635709104229,103.82986364358298,1.4303771214826486
kml_2768,Yishun,LTA (Others),E6545C82F66D81DF,2022-02-16 13:57:18,7.999326044657799,103.82985150398599,1.429792671907965
kml_2769,Yishun,LTA (Others),37A07EAB87F85E34,2022-02-16 13:57:18,35.83988395696811,103.83382161055223,1.4183530161981106
kml_2770,Yishun,LTA (Others),CE4BEAF43AB2D5C8,2022-02-16 13:57:18,7.459929090893824,103.834783879445,1.4178038844763399
kml_2771,Yishun,LTA (Others),19358FDBB23B2C33,2022-02-16 13:57:18,1.4835911884994957,103.83498800095549,1.4177097893428547
kml_2772,Yishun,LTA (Others),064533ECF91A258A,2022-02-16 13:57:18,4.4471001785194195,103.840788432645,1.4284051919328151
kml_2773,Yishun,LTA (Others),94D41165E33CE545,2022-02-16 13:57:18,3.571055738634187,103.8407062524715,1.42859851850681
kml_2774,Yishun,LTA (Others),64211C343BE77522,2022-02-16 13:57:18,2.2726821047509964,103.84052413317248,1.42883448479227
kml_2775,Yishun,LTA (Others),DB7A4C39C671376E,2022-02-16 13:57:18,6.127040337750716,103.840872503569,1.41926021047288
kml_2776,Yishun,LTA (Others),CAB0C85665E852F4,2022-02-16 13:57:18,2.3874723882786606,103.84097913250349,1.4195659199357649
kml_2777,Yishun,LTA (Others),356EE415262D9FEC,2022-02-16 13:57:18,2.222995428582153,103.84106899348149,1.419778970585655
kml_2778,Yishun,LTA (Others),99306E10211BB3B4,2022-02-16 13:57:18,2.1784662569499944,103.84116274270352,1.420001368723485
kml_2779,Yishun,LTA (Others),626B5FF536B8F376,2022-02-16 13:57:18,1.7638335270795813,103.8412750690845,1.4202681158935802
kml_2780,Yishun,LTA (Others),6745C3E32A981A72,2022-02-16 13:57:18,37.843386391342534,103.84032080423572,1.4180067300678696
kml_2781,Yishun,LTA (Others),8ECF1D5670D64324,2022-02-16 13:57:18,1.6777936155252557,103.8401950101015,1.417745763442655
kml_2782,Yishun,LTA (Others),FFFA15F3B5F7AA5D,2022-02-16 13:57:18,1.718260378555973,103.8400498506425,1.417391694546635
kml_2783,Yishun,LTA (Others),234995D0B97DA56F,2022-02-16 13:57:18,1.868912716084661,103.83987880491,1.4169529849382898
kml_2784,Yishun,LTA (Others),6B9F91218063BD06,2022-02-16 13:57:18,2.119767992961795,103.8396582337945,1.416434515075695
kml_2785,Pasir Ris,Land Transport Authority,DFE60A84A7E98FE8,2022-02-16 13:57:18,38.43474597985661,103.94149086998209,1.3792305581594135
kml_2786,Pasir Ris,Land Transport Authority,B163DA50ED598D61,2022-02-16 13:57:18,61.559338141711805,103.96163151959624,1.3662829572438733
kml_2787,Pasir Ris,LTA (Others),206693B2A2A75E41,2022-02-16 13:57:18,146.6525759458878,103.95234849145417,1.3748644359542783
kml_2788,Pasir Ris,Land Transport Authority,D7B0FA7115DBF83D,2022-02-16 13:57:18,24.753740415913434,103.95911470759029,1.3682683615698348
kml_2789,Pasir Ris,Land Transport Authority,D1B4C74A6577BBFD,2022-02-16 13:57:18,32.68577587517292,103.9628152449445,1.36508776600484
kml_2790,Pasir Ris,Land Transport Authority,45FC311055B35028,2022-02-16 13:57:18,4.901886594429051,103.95634527675094,1.372561696825233
kml_2791,Tampines,Land Transport Authority,C5634BB73CAC5A8B,2022-02-16 13:57:18,20.39543350274955,103.95526242492673,1.360573263255649
kml_2792,Tampines,Land Transport Authority,6631ABD39A337522,2022-02-16 13:57:18,83.04724237115614,103.93047316386864,1.3514128920710453
kml_2793,Tampines,Land Transport Authority,8762C67F90BFB13D,2022-02-16 13:57:18,9.165097441262546,103.9461628211835,1.35759329385768
kml_2794,Sembawang,Town Council,DAA5DDDB57144C50,2022-02-16 13:57:18,108.403596972181,103.81959513961681,1.4550492284840935
kml_2795,Sembawang,Town Council,66AA0A118D1394E8,2022-02-16 13:57:18,289.77456710892443,103.81911357210546,1.4542652997270276
kml_2796,Tampines,Town Council,4397576B8A85D4D5,2022-02-16 13:57:18,60.583278626632435,103.953061242805,1.35387213678163
kml_2797,Yishun,LTA (Others),B2AAF391C719E375,2022-02-16 13:57:18,1.4948172051260098,103.8309957503215,1.4282262681893951
kml_2798,Yishun,LTA (Others),AFDED313F13E4E50,2022-02-16 13:57:18,36.40450710806167,103.83146581210076,1.4277860331145287
kml_2799,Pasir Ris,LTA (Others),F888A2F70CCC64F2,2022-02-16 13:57:18,1.3877213035704365,103.960665853403,1.36720862366984
kml_2800,Pasir Ris,LTA (Others),F349007C267CD321,2022-02-16 13:57:18,1.6414544918113423,103.96086733257849,1.367033653216955
kml_2801,Tampines,Town Council,7E200B35EF2C539C,2022-02-16 13:57:18,84.58242646833423,103.93442335853584,1.3528187231766133
kml_2802,Tampines,Land Transport Authority,F8F2ACAB3AEA098D,2022-02-16 13:57:18,45.676072856100255,103.95596024281764,1.356061076618917
kml_2803,Jurong West,Town Council,0A16B571E7335355,2022-02-16 13:57:18,132.41787457578107,103.70170715377627,1.346502318505789
kml_2804,Bukit Panjang,Town Council,6ABE503DE0BA4C88,2022-02-16 13:57:18,209.85260161541026,103.7681766204925,1.376424066217075
kml_2805,Jurong West,Town Council,1EDDF720AA73D701,2022-02-16 13:57:18,140.64395381515752,103.6971812499158,1.3476356124311117
kml_2806,Tampines,Town Council,61FEBBDA8A2A741A,2022-02-16 13:57:18,38.2456067226309,103.96066114777001,1.3536793133557552
kml_2807,Pasir Ris,LTA (Others),66EE2BC1DA25C2E7,2022-02-16 13:57:18,4.814789463272612,103.9611740865535,1.36680896161781
kml_2808,Jurong West,Town Council,2906E50CE7F0AE7B,2022-02-16 13:57:18,173.10925119479631,103.69958424975256,1.345530317602238
kml_2809,Changi-Simei,Land Transport Authority,6AD49062896106C3,2022-02-16 13:57:18,54.74247956411692,103.95773798355377,1.3460734291484464
kml_2810,Bukit Panjang,Town Council,8D8C5B9126FFE88B,2022-02-16 13:57:18,133.50765858494984,103.769944028443,1.375325483282845
kml_2811,Pasir Ris,LTA (Others),8ADB244B0B2AB011,2022-02-16 13:57:18,1.496587618272475,103.95945303826649,1.36448245548463
kml_2812,Pasir Ris,LTA (Others),86E98F5000D690D2,2022-02-16 13:57:18,5.534914934253002,103.9589750299305,1.364865834338585
kml_2813,Pasir Ris,LTA (Others),71D842D7D7D3D855,2022-02-16 13:57:18,1.5643822879586264,103.95918222281,1.364686327902745
kml_2814,Woodlands,Town Council,89840A26DE9FC777,2022-02-16 13:57:18,79.37087287369758,103.80122754629102,1.4432207630938563
kml_2815,Changi-Simei,Town Council (Others),8AA2217B9573EF1A,2022-02-16 13:57:18,11.532057119914771,103.955600347181,1.3466443787371651
kml_2816,Woodlands,Town Council (Others),4444434750883867,2022-02-16 13:57:18,1.2052777163442767,103.800290289034,1.4453788717053802
kml_2817,Woodlands,Town Council,959730679AC5CAB9,2022-02-16 13:57:18,246.84684280457037,103.79791994120887,1.4466885216102363
kml_2818,Pasir Ris,Land Transport Authority,FC1B793FDDAF3770,2022-02-16 13:57:18,38.487788084360716,103.96032670594636,1.367481209340625
kml_2819,Yishun,Land Transport Authority,DCB1E98614DE5E92,2022-02-16 13:57:18,51.244885995189904,103.83670544612222,1.4154548671524776
kml_2820,Yishun,LTA (Others),BD9D5CBB821E2A06,2022-02-16 13:57:18,1.6483332637740644,103.839647818123,1.432065801442405
kml_2821,Punggol,Land Transport Authority,19BBBF766EB083CE,2022-02-16 13:57:18,56.8108608506544,103.904458193002,1.4042551737727
kml_2822,Punggol,Land Transport Authority,639467CB7EECA148,2022-02-16 13:57:18,40.85948897023424,103.905332495989,1.4037278401833702
kml_2823,Punggol,Land Transport Authority,F9178659E09856E9,2022-02-16 13:57:18,32.90924516436901,103.90589597777402,1.4033941662713787
kml_2824,Jurong West,Town Council,E77BBACBE7D93388,2022-02-16 13:57:18,271.2493055008471,103.70111494302375,1.3453816193605597
kml_2825,Jurong West,Town Council,910B61DF29B40B76,2022-02-16 13:57:18,438.2606796306178,103.70060217039021,1.348774025606244
kml_2826,Jurong West,Town Council,A6DF8797D73B6093,2022-02-16 13:57:18,58.78013923499236,103.69978629347673,1.347695382354291
kml_2827,Jurong West,LTA (Others),15629F5B4CAEB6C7,2022-02-16 13:57:18,7.7414674307660185,103.69733627770151,1.3501261432118752
kml_2828,Jurong West,LTA (Others),29CDAACD0101AE43,2022-02-16 13:57:18,56.22307584259064,103.6976101226395,1.350173386183935
kml_2829,Jurong West,LTA (Others),0BE868FB8E76791F,2022-02-16 13:57:18,43.562742243527296,103.69932530992901,1.3503290267618149
kml_2830,Jurong West,LTA (Others),A828C70E1B8ED52F,2022-02-16 13:57:18,5.999344659905112,103.69949574579951,1.35031213685859
kml_2831,Jurong West,LTA (Others),09BD6D45D867A983,2022-02-16 13:57:18,2.340204706399524,103.701007986717,1.35028554872162
kml_2832,Jurong West,LTA (Others),48CCB14280E0CE6F,2022-02-16 13:57:18,12.075326266460348,103.69933078686,1.349414322388115
kml_2833,Jurong West,LTA (Others),DB529A057531734E,2022-02-16 13:57:18,2.708984304981641,103.699224800594,1.3483424490882752
kml_2834,Punggol,Land Transport Authority,99754EF68A06975D,2022-02-16 13:57:18,17.269847820783305,103.90609506308093,1.4032976680750184
kml_2835,Punggol,Land Transport Authority,F9E1BB3DEDA8E68F,2022-02-16 13:57:18,29.73912347413919,103.90565405768322,1.403533954135597
kml_2836,Punggol,Land Transport Authority,E44B4D7AB9F076C9,2022-02-16 13:57:18,131.7167683145456,103.9074482217231,1.405018755547039
kml_2837,Punggol,Land Transport Authority,06CFF86911AB8A33,2022-02-16 13:57:18,16.54375423020045,103.9069968410785,1.404120703121845
kml_2838,Pasir Ris,LTA (Others),85FE144C768692A1,2022-02-16 13:57:18,1.3771677611884867,103.9611125129145,1.3642520598072498
kml_2839,Punggol,Land Transport Authority,942214B7ABB10EFA,2022-02-16 13:57:18,82.17780480280805,103.90668658057072,1.4033203643657337
kml_2840,Yishun,Land Transport Authority,44CF79CE158FB853,2022-02-16 13:57:18,24.32042139460677,103.8389669525275,1.43446893069321
kml_2841,Yishun,Land Transport Authority,57930605AA81F68D,2022-02-16 13:57:18,59.86149986130546,103.82984462899361,1.4306781609958759
kml_2842,Yishun,Land Transport Authority,03F822264751B521,2022-02-16 13:57:18,43.82093371737459,103.83858021647698,1.4319018837007473
kml_2843,Yishun,LTA (Others),92ABC9C96915BAD0,2022-02-16 13:57:18,1.3143148307978214,103.835693174176,1.4349574285457751
kml_2844,Yishun,LTA (Others),A64B2B34C38FAF12,2022-02-16 13:57:18,21.478500443955415,103.83252423001129,1.4306189584417761
kml_2845,Punggol,Land Transport Authority,740B8E1C4DC77EC8,2022-02-16 13:57:18,86.55436479352132,103.90687234042812,1.4026928487443056
kml_2846,Punggol,Land Transport Authority,E17D661BE4A7B118,2022-02-16 13:57:18,64.54267745117757,103.9075229138714,1.4022184517494456
kml_2847,Yishun,LTA (Others),0E67439C0BD0ED28,2022-02-16 13:57:18,1.8384983765823621,103.83201939192551,1.430628633735265
kml_2848,Yishun,Land Transport Authority,101FA0DDC04A00A6,2022-02-16 13:57:18,11.845338593100129,103.83541409333228,1.4152176224262238
kml_2849,Yishun,Land Transport Authority,B7CA1972B6628251,2022-02-16 13:57:18,7.400753636467833,103.837239366657,1.415185504327465
kml_2850,Yishun,Land Transport Authority,52982A04B90F3176,2022-02-16 13:57:18,11.180339874359671,103.83713118669,1.415239812918875
kml_2851,Yishun,LTA (Others),886C17FAEDDE4D4F,2022-02-16 13:57:18,2.13502666721931,103.837696393226,1.417831400138765
kml_2852,Yishun,Land Transport Authority,E8C1E05F47FE3A4E,2022-02-16 13:57:18,14.202569568743186,103.83697159079063,1.4153396847837478
kml_2853,Yishun,Land Transport Authority,2BF23D30142210FB,2022-02-16 13:57:18,15.405690577976374,103.837213264927,1.417611313191995
kml_2854,Yishun,Land Transport Authority,960988036C607995,2022-02-16 13:57:18,9.465666701121005,103.83960417451351,1.4162763274922292
kml_2855,Yishun,Land Transport Authority,C3FD279D94AF6F4E,2022-02-16 13:57:18,27.39799178429298,103.8394996692075,1.416019622276195
kml_2856,Yishun,Land Transport Authority,49CEBA1EBE00ED0C,2022-02-16 13:57:18,24.07754681935659,103.83677621545544,1.4327070631461596
kml_2857,Tampines,Land Transport Authority,E168943B197E5ED7,2022-02-16 13:57:18,37.80536726859509,103.95532723567852,1.3589102368527215
kml_2858,Tampines,Land Transport Authority,53C182AFF840959D,2022-02-16 13:57:18,15.68595833781358,103.9414941933955,1.3496267664751151
kml_2859,Tampines,Land Transport Authority,EC2D79C2A881AFF2,2022-02-16 13:57:18,17.54201597262324,103.95532725099628,1.3591739200725583
kml_2860,Tampines,Land Transport Authority,837A3DDE3225F913,2022-02-16 13:57:18,18.97631873043912,103.9489175980175,1.35891964117486
kml_2861,Pasir Ris,Land Transport Authority,7D3F0C7FEF4F929A,2022-02-16 13:57:18,35.18829104312716,103.93880591892578,1.38029125454279
kml_2862,Tampines,Land Transport Authority,E52CAFC0B8F9EBD9,2022-02-16 13:57:18,134.40160710874625,103.95100968479595,1.3606406562466458
kml_2863,Tampines,Land Transport Authority,8C9D646BC6E93E93,2022-02-16 13:57:18,47.90207943359004,103.9543389940931,1.3615397360764632
kml_2864,Pasir Ris,LTA (Others),D7CC7BA481FDE275,2022-02-16 13:57:18,1.4901324817679673,103.956640666857,1.3718883541106401
kml_2865,Tampines,Land Transport Authority,4B0A3A3E0374468E,2022-02-16 13:57:18,16.7112194374457,103.94419958358117,1.3515900319817602
kml_2866,Tampines,Land Transport Authority,CAAAE217FD5F1860,2022-02-16 13:57:18,47.12438186173355,103.95805061283146,1.356898406178184
kml_2867,Pasir Ris,Land Transport Authority,B01114BADF2D587A,2022-02-16 13:57:18,30.588918472715108,103.9463241509665,1.37265144959546
kml_2868,Pasir Ris,Land Transport Authority,BCD53E64772E2414,2022-02-16 13:57:18,23.490988766092475,103.94595047901026,1.3728237707977702
kml_2869,Tampines,Land Transport Authority,6DA3DC8136ED26B0,2022-02-16 13:57:18,35.27681675893324,103.95047086447204,1.3600988545798476
kml_2870,Tampines,Land Transport Authority,AC913831C7D70CEB,2022-02-16 13:57:18,57.34930998069568,103.931334966815,1.3509317593446348
kml_2871,Pasir Ris,Land Transport Authority,EC56775A1E56CD96,2022-02-16 13:57:18,15.466782115481381,103.9346983150475,1.3809238124742
kml_2872,Tampines,Land Transport Authority,0473F83910EE7171,2022-02-16 13:57:18,12.182776378075772,103.94766349057525,1.358620853847541
kml_2873,Yishun,Land Transport Authority,F5817B97C8F02A6A,2022-02-16 13:57:18,68.82331612159956,103.83222126892187,1.4256494484915418
kml_2874,Pasir Ris,LTA (Others),510C7533FFBBCE79,2022-02-16 13:57:18,1.656312507082588,103.956729195617,1.371729352249645
kml_2875,Pasir Ris,LTA (Others),E3C79301A23113AA,2022-02-16 13:57:18,1.5406852006730267,103.956356384551,1.3725347951602949
kml_2876,Pasir Ris,Land Transport Authority,51D00CB4109FC174,2022-02-16 13:57:18,10.263045268204026,103.95692602548428,1.3705130988178795
kml_2877,Pasir Ris,Land Transport Authority,093F7868ED2B4F2B,2022-02-16 13:57:18,5.995993081403629,103.95861040473801,1.3685249316249901
kml_2878,Pasir Ris,Land Transport Authority,D8F7732322C58B59,2022-02-16 13:57:18,18.119926314432828,103.940751750309,1.375328764361785
kml_2879,Pasir Ris,Land Transport Authority,3398E435E177402F,2022-02-16 13:57:18,47.17374654520862,103.9568643786742,1.3693826959434356
kml_2880,Pasir Ris,Land Transport Authority,827EDAD9B60F7F8D,2022-02-16 13:57:18,56.636212876505546,103.9411116708215,1.37664482039725
kml_2881,Pasir Ris,Land Transport Authority,57480860C4046B93,2022-02-16 13:57:18,5.516102599274366,103.939134612219,1.3765344008989453
kml_2882,Tampines,Land Transport Authority,73570BB547ED9B03,2022-02-16 13:57:18,35.865195991339604,103.94168244696301,1.3488558511437199
kml_2883,Yishun,LTA (Others),348673FF5F137EB8,2022-02-16 13:57:18,5.740413678393422,103.83961987956451,1.416342712294495
kml_2884,Yishun,LTA (Others),7A53E548A02F0866,2022-02-16 13:57:18,12.294920389014585,103.8395699266365,1.41618459118079
kml_2885,Yishun,LTA (Others),5B404D940A7D6203,2022-02-16 13:57:18,6.836854920674911,103.8394412228795,1.4158764955364749
kml_2886,Yishun,LTA (Others),2D0512D3ADCAF2E9,2022-02-16 13:57:18,41.51010616147259,103.84482002449006,1.4243189561570357
kml_2887,Yishun,LTA (Others),8565FC1CF7942B35,2022-02-16 13:57:18,6.99893943666224,103.8455978233865,1.4238779063873
kml_2888,Yishun,LTA (Others),0CDC1C58C7B351A8,2022-02-16 13:57:18,1.9683445511322362,103.8457176750325,1.42376395589771
kml_2889,Yishun,LTA (Others),2BFE2AD87445C43C,2022-02-16 13:57:18,1.8352428675092654,103.8459673103295,1.4236035760063501
kml_2890,Yishun,LTA (Others),B115DCC263E2B614,2022-02-16 13:57:18,1.9939814613038889,103.84634828254849,1.42357459217815
kml_2891,Jurong Lake District - Taman Jurong,LTA (Others),7440DC6108657A57,2022-11-30 14:41:12,12.237223761670608,103.7215170405155,1.341483538976145
kml_2892,Jurong Lake District - Taman Jurong,Land Transport Authority,FDF2F002EF9AC546,2022-11-30 14:41:12,68.86969972995149,103.71607640098476,1.3424208668734525
kml_2893,Jurong Lake District - Taman Jurong,Land Transport Authority,9E7734AFC13AAC3D,2022-11-30 14:41:12,130.7772061977987,103.7160379139862,1.3413271275851122
kml_2894,Jurong Lake District - Taman Jurong,LTA (Others),D3A88ACA7C4F115B,2022-11-30 14:41:12,21.763661095282817,103.7160403951815,1.342015393905205
kml_2895,Jurong Lake District - Taman Jurong,LTA (Others),9233948B3CEA064E,2022-11-30 14:41:12,11.44253693078606,103.71619972532072,1.3427469662259262
kml_2896,Jurong Lake District - Taman Jurong,Land Transport Authority,BF50E277B730C662,2022-11-30 14:41:12,67.57882845461725,103.71852292090897,1.338161841047493
kml_2897,Jurong Lake District - Taman Jurong,LTA (Others),06D2A6469C4AA03D,2022-11-30 14:41:12,25.746373141776825,103.71816627920705,1.337937273321727
kml_2898,Jurong Lake District - Taman Jurong,Land Transport Authority,92431823A47AF516,2022-11-30 14:41:12,61.422070709964515,103.7178423781379,1.3377205949806934
kml_2899,Jurong Lake District - Taman Jurong,LTA (Others),5254924657189D53,2022-11-30 14:41:12,4.425489647444092,103.7168416202225,1.338935341990565
kml_2900,Jurong Lake District - Taman Jurong,LTA (Others),5CAD4D9FC1B7F1BA,2022-11-30 14:41:12,4.671464979204625,103.71687300330501,1.33886707451179
kml_2901,Jurong Lake District - Taman Jurong,LTA (Others),7DC9A0B44E9155BF,2022-11-30 14:41:12,10.636133119305178,103.7163479404125,1.33991024113456
kml_2902,Jurong Lake District - Taman Jurong,LTA (Others),649357D072206C5C,2022-11-30 14:41:12,49.102049576743745,103.71652205843401,1.3396149529395749
kml_2903,Jurong Lake District - Taman Jurong,Land Transport Authority,9D29A18517A95A20,2022-11-30 14:41:12,16.498359756175013,103.71970447868415,1.3359194443036353
kml_2904,Jurong Lake District - Taman Jurong,Land Transport Authority,CCC3DC639FB93A90,2022-11-30 14:41:12,12.70528914667248,103.720776750564,1.335635315024955
kml_2905,Jurong Lake District - Taman Jurong,Land Transport Authority,1817251A2624E847,2022-11-30 14:41:12,135.87056056679776,103.71905551050419,1.3376243253317164
kml_2906,Jurong Lake District - Taman Jurong,Land Transport Authority,627DCAAB03A99AAA,2022-11-30 14:41:12,31.910837832189294,103.72028211024033,1.3341036381230222
kml_2907,Jurong Lake District - Taman Jurong,Land Transport Authority,6DFBBB33CC5C71C2,2022-11-30 14:41:12,51.42875421897911,103.72097667492777,1.3342278852427665
kml_2908,Jurong Lake District - Taman Jurong,LTA (Others),F3B635699DC0E6EA,2022-11-30 14:41:12,8.102512542546368,103.72246472754567,1.334253903906819
kml_2909,Bedok,Land Transport Authority,603AC9A1D44F2FF6,2022-02-16 13:57:18,30.78324097378426,103.93456331840314,1.330630146588424
kml_2910,Bukit Panjang,Land Transport Authority,7841AB6738134D3D,2022-02-16 13:57:18,24.185478934606955,103.7635888213272,1.3777296746870977
kml_2911,Bukit Panjang,Land Transport Authority,BA1CE5E2F4099F27,2022-02-16 13:57:18,45.0986384685901,103.76328815005111,1.3776487358394574
kml_2912,Bukit Panjang,LTA (Others),C90C90751EBE9E71,2022-02-16 13:57:18,9.381067668720178,103.76393972936,1.3778311701645949
kml_2913,Bukit Panjang,Land Transport Authority,64AC99E00EB342C3,2022-02-16 13:57:18,12.100136876728545,103.76384654091501,1.37780593161826
kml_2914,Bukit Panjang,Land Transport Authority,D4D0C8E9FB610332,2022-02-16 13:57:18,33.947366437088235,103.76471809321512,1.3780323534271546
kml_2915,Woodlands,Town Council (Others),297776FF50338A2F,2022-02-16 13:57:18,2.0188401138095835,103.799729456633,1.4459024709233752
kml_2916,Woodlands,Town Council,7B761243B9343331,2022-02-16 13:57:18,365.2764695965466,103.79876017153308,1.448121616254651
kml_2917,Changi-Simei,Town Council (Others),373C635DF2182BE3,2022-02-16 13:57:18,10.001265072496368,103.951683052618,1.3417415559601
kml_2918,Yishun,LTA (Others),D13D2FCF3BF98631,2022-02-16 13:57:18,8.98634890114499,103.83743893830999,1.4260476857581
kml_2919,Changi-Simei,LTA (Others),F0240E4F2A2E21E9,2022-02-16 13:57:18,20.66955298910817,103.95808138655997,1.3421563412240571
kml_2920,Ang Mo Kio,LTA (Others),9C034E9824E78147,2022-02-16 13:57:18,7.475308998501239,103.840992458934,1.36481978600179
kml_2921,Ang Mo Kio,LTA (Others),8C480548B6766F0E,2022-02-16 13:57:18,7.978762774457851,103.846077815342,1.36416924419873
kml_2922,Changi-Simei,LTA (Others),5279BF68A65CBBC4,2022-02-16 13:57:18,10.57602639754846,103.956533177525,1.34147136193972
kml_2923,Ang Mo Kio,LTA (Others),AD7D7496C6511FE1,2022-02-16 13:57:18,5.595025477596418,103.83888513162799,1.36971676399839
kml_2924,Ang Mo Kio,Land Transport Authority,07A4A89C9860C074,2022-02-16 13:57:18,19.505484619673034,103.84558272356051,1.364255043447415
kml_2925,Ang Mo Kio,LTA (Others),6AFDDD55930F1D25,2022-02-16 13:57:18,10.023501061306188,103.84571372391349,1.36423457060624
kml_2926,Ang Mo Kio,Land Transport Authority,E664391F131E18F9,2022-02-16 13:57:18,24.79185743832276,103.83980731739013,1.3652050161072182
kml_2927,Pasir Ris,Town Council,992A06069586D513,2022-11-30 14:41:12,65.36347333043916,103.95663938629826,1.3685434359402364
kml_2928,Pasir Ris,Town Council,B53B89038AD41853,2022-11-30 14:41:12,27.09232837960088,103.9573978312284,1.365450728766553
kml_2928,Pasir Ris,Town Council,B53B89038AD41853,2022-11-30 14:41:12,22.23482066530736,103.95711110011273,1.3655849756953324
kml_2929,Sengkang,Land Transport Authority,3249A60AAC7C00BF,2022-11-30 14:41:12,84.46308908776766,103.89192492532142,1.394112542645233
kml_2930,Yishun,Land Transport Authority,1D16CB1332EC7165,2022-11-30 14:41:12,318.99617977483285,103.85385256650272,1.4263343646673583
kml_2931,Yishun,Land Transport Authority,67E2894FE0985CB6,2022-11-30 14:41:12,128.94776917449417,103.85252097503495,1.425503425390122
kml_2932,Yishun,Land Transport Authority,1C9761A374CDA722,2022-11-30 14:41:12,339.734401547901,103.85110407062598,1.4256917052162283
kml_2933,Yishun,Land Transport Authority,4A68104216E0ADC4,2022-11-30 14:41:12,82.32195071868168,103.84969408815063,1.4257577496768528
kml_2934,Yishun,Land Transport Authority,18B0BABF88EC5205,2022-11-30 14:41:12,97.80556588222663,103.84966742558117,1.4269256173524352
kml_2935,Yishun,Land Transport Authority,EF11137CF27F809F,2022-02-16 13:57:18,39.05809591588307,103.84071155845248,1.4227774281846264
kml_2936,Yishun,Land Transport Authority,AF9E0CC5FD57AA36,2022-02-16 13:57:18,43.14579236453719,103.84087649627902,1.422417864159834
kml_2937,Yishun,Land Transport Authority,E4C02232B4D874C9,2022-02-16 13:57:18,18.142568147607506,103.8409951807701,1.4221447288791884
kml_2938,Yishun,Land Transport Authority,8EBAA93D90B12AC5,2022-02-16 13:57:18,31.74827936269643,103.8409209709014,1.4194232441298096
kml_2939,Yishun,Land Transport Authority,A0226760A75BADBA,2022-02-16 13:57:18,35.037643189457775,103.84133836042001,1.42042181638546
kml_2940,Pasir Ris,Land Transport Authority,A23529C395499455,2022-02-16 13:57:18,75.454567956176,103.96044232832975,1.3715976382797055
kml_2941,Pasir Ris,Land Transport Authority,1BEA9EE0D773BFF7,2022-02-16 13:57:18,74.11850350782032,103.93831666768408,1.3771507063876414
kml_2942,Yishun,Land Transport Authority,91C3D63825D73DF7,2022-02-16 13:57:18,49.28023712994584,103.8375112792486,1.4319362544350211
kml_2943,Pasir Ris,Land Transport Authority,118A75B874A7EEB1,2022-02-16 13:57:18,52.90729623137118,103.95408564381006,1.369391447802544
kml_2944,Punggol,LTA (Others),310DC5C2D08509DE,2022-02-16 13:57:18,2.009364536484353,103.911484156613,1.39503569626486
kml_2945,Yishun,Land Transport Authority,5139322E6E14243A,2022-02-16 13:57:18,15.139790193432948,103.8334656959971,1.43421956742001
kml_2946,Tampines,Land Transport Authority,5D43E93276EAC309,2022-02-16 13:57:18,33.71498164836058,103.93831442315478,1.3506907853531038
kml_2947,Ang Mo Kio,Land Transport Authority,EED4EC0135093AF6,2022-02-16 13:57:18,44.59696119672227,103.836449527516,1.3682115405695394
kml_2948,Ang Mo Kio,LTA (Others),E2F692BC296E335C,2022-02-16 13:57:18,41.60731576315564,103.83993298353236,1.3695734892075078
kml_2949,Ang Mo Kio,Land Transport Authority,483A3506D0D2B225,2022-02-16 13:57:18,26.99062710342687,103.84835847892015,1.368612611040978
kml_2950,Sengkang,Land Transport Authority,EC2753DCC0ED271C,2022-02-16 13:57:18,45.404281579471935,103.89285497349465,1.3819418425253531
kml_2951,Ang Mo Kio,Land Transport Authority,C597018ACED50ED9,2022-02-16 13:57:18,126.15810300745562,103.83637998852168,1.3664497756960816
kml_2952,Sengkang,Land Transport Authority,A599D4CC41DA7CB2,2022-02-16 13:57:18,468.0790707181203,103.88135921671397,1.3983218831333475
kml_2953,Changi-Simei,LTA (Others),5EE35A715B89182C,2022-02-16 13:57:18,146.74949825055504,103.95353674532903,1.342375125397445
kml_2954,Jurong Lake District - Taman Jurong,LTA (Others),919D84E6FA299998,2022-02-16 13:57:18,1.5777047837672327,103.73804963369699,1.342332689914425
kml_2955,Jurong Lake District - Taman Jurong,Land Transport Authority,0B231520430A1351,2022-02-16 13:57:18,43.55874851971467,103.74124827431673,1.3435227020223983
kml_2956,Punggol,Land Transport Authority,B06DA130EA0187E9,2022-02-16 13:57:18,3.9628720125962404,103.9145367807035,1.397194540018205
kml_2957,Punggol,Land Transport Authority,5155C51AF198CD5E,2022-02-16 13:57:18,47.08763907790164,103.90601362521004,1.401732516871729
kml_2958,Punggol,Land Transport Authority,8870363F7DF64B34,2022-02-16 13:57:18,9.286389611207678,103.9058207597475,1.4012930515345299
kml_2959,Punggol,Land Transport Authority,246E9E6540014AD9,2022-02-16 13:57:18,3.2256986588205705,103.904163571798,1.400571109488475
kml_2960,Punggol,Land Transport Authority,507867219907EE53,2022-02-16 13:57:18,73.55146533294545,103.90378312193396,1.4007577277346996
kml_2961,Yishun,LTA (Others),37305042E306710E,2022-02-16 13:57:18,3.3156142084724154,103.8351817482665,1.41764251356349
kml_2962,Yishun,LTA (Others),11B0475402D8733D,2022-02-16 13:57:18,1.4695269406652374,103.8353738129085,1.41751728974687
kml_2963,Yishun,LTA (Others),05DE57655EE33989,2022-02-16 13:57:18,1.6651875948858377,103.8355223328835,1.417442817050365
kml_2964,Yishun,LTA (Others),EE8DD664BF47E0F3,2022-02-16 13:57:18,1.8404127734281825,103.83598948135099,1.417234154480065
kml_2965,Yishun,LTA (Others),9077AE96C3335E4C,2022-02-16 13:57:18,1.9949714501007585,103.83611843954651,1.417223719324535
kml_2966,Yishun,LTA (Others),46A0EC33D62789B7,2022-02-16 13:57:18,1.5742080695367213,103.836387047438,1.41727964484871
kml_2967,Yishun,LTA (Others),8BFE3EAA1AE24B60,2022-02-16 13:57:18,1.5869152055533413,103.8365529435625,1.41734633151372
kml_2968,Yishun,LTA (Others),C0CED56A97F0CD1D,2022-02-16 13:57:18,1.5010719763497387,103.8368605956945,1.417469433079425
kml_2969,Yishun,LTA (Others),3A766911440B425C,2022-02-16 13:57:18,1.6218689484805457,103.8371423150295,1.41758253373849
kml_2970,Punggol,Land Transport Authority,599F6513A6B42BEA,2022-02-16 13:57:18,4.2129693692367685,103.91215064137299,1.394487602643315
kml_2971,Punggol,Land Transport Authority,401B094F96D7BCC2,2022-02-16 13:57:18,2.948454110191081,103.91205895704749,1.39456614606056
kml_2972,Punggol,Land Transport Authority,BB1A825FC3EA6B02,2022-02-16 13:57:18,7.357565047722156,103.91202251646749,1.3945948104316475
kml_2973,Punggol,Land Transport Authority,105DC1257477734F,2022-02-16 13:57:18,35.16316289237153,103.9116129332349,1.3949288762777603
kml_2974,Bukit Panjang,Land Transport Authority,E0CC2E598FC86C5D,2022-02-16 13:57:18,67.7719624941347,103.76427524355651,1.377918785655805
kml_2975,Bukit Panjang,LTA (Others),C7219E359562131F,2022-02-16 13:57:18,6.248971016841522,103.76511706994302,1.378096849425245
kml_2976,Bukit Panjang,Land Transport Authority,5F3C97CF3ABB4354,2022-02-16 13:57:18,25.033307376470347,103.76497755084047,1.3780853390681964
kml_2977,Bukit Panjang,Land Transport Authority,DF681DD9DF83BF55,2022-02-16 13:57:18,103.42812889843357,103.76558923036869,1.3779985115181237
kml_2978,Ang Mo Kio,LTA (Others),9D971370957406CA,2022-02-16 13:57:18,12.924285766210282,103.854518408534,1.35892144956065
kml_2979,Ang Mo Kio,Land Transport Authority,C90D114FA16F707C,2022-02-16 13:57:18,59.49245359488728,103.8542465910689,1.3587440009491658
kml_2980,Pasir Ris,Land Transport Authority,D0C4D621DDA5A9A6,2022-02-16 13:57:18,130.95196639047396,103.94999105824837,1.3729282289187879
kml_2981,Jurong Lake District - Taman Jurong,Land Transport Authority,80892576B2577385,2022-02-16 13:57:18,11.646688943647227,103.72074777921574,1.3381512538571514
kml_2982,Jurong Lake District - Taman Jurong,Land Transport Authority,C7BC40892EF2BC26,2022-02-16 13:57:18,15.436552937441183,103.72079915987287,1.3380440357935197
kml_2983,Jurong Lake District - Taman Jurong,LTA (Others),D1C458E3826157AD,2022-02-16 13:57:18,16.069337020928824,103.7207111017035,1.338265744735545
kml_2984,Jurong Lake District - Taman Jurong,Land Transport Authority,27E4B0C266BF0E50,2022-02-16 13:57:18,56.85055870484063,103.7249423446246,1.3339772020424516
kml_2985,Jurong Lake District - Taman Jurong,Land Transport Authority,9934E22AE333215A,2022-02-16 13:57:18,73.90163574430429,103.72492454445236,1.3332258775543493
kml_2986,Jurong Lake District - Taman Jurong,Land Transport Authority,3EAE9FBB7D06697C,2022-02-16 13:57:18,17.83424434316533,103.7249344291395,1.3336404992916
kml_2987,Jurong Lake District - Taman Jurong,Land Transport Authority,62F2263BAB633250,2022-02-16 13:57:18,41.97067614195305,103.7246498341095,1.33290414486651
kml_2988,Jurong Lake District - Taman Jurong,Land Transport Authority,D335219566FE9378,2022-02-16 13:57:18,9.392167890698122,103.7248730542851,1.3328713197025996
kml_2989,Jurong Lake District - Taman Jurong,Land Transport Authority,07E7F41472E5DD85,2022-02-16 13:57:18,54.84392410117885,103.72396555677915,1.3329693581199644
kml_2990,Jurong Lake District - Taman Jurong,Land Transport Authority,E0ED27AEE9F21F30,2022-02-16 13:57:18,32.915632809918826,103.72349807662236,1.3329424405508925
kml_2991,Jurong Lake District - Taman Jurong,Land Transport Authority,C90B7FB857C1B1AF,2022-02-16 13:57:18,21.27189703126437,103.72326319249649,1.3330660547587294
kml_2992,Jurong Lake District - Taman Jurong,Land Transport Authority,2255FB71F39AF205,2022-02-16 13:57:18,110.88388765037419,103.72305562712083,1.3336956724828681
kml_2993,Jurong Lake District - Taman Jurong,LTA (Others),319579D31BA52FC6,2022-02-16 13:57:18,20.36479228909754,103.7228760093785,1.3342559563591203
kml_2994,Jurong Lake District - Taman Jurong,Land Transport Authority,FED51E483C9CF20A,2022-02-16 13:57:18,118.73751886451745,103.72238332154544,1.3353176942947866
kml_2995,Jurong Lake District - Taman Jurong,Land Transport Authority,ED06114C759D6807,2022-02-16 13:57:18,54.98686772053225,103.72270804554753,1.3346063162236612
kml_2996,Jurong Lake District - Taman Jurong,LTA (Others),2501510B88A7D410,2022-02-16 13:57:18,9.783420060095775,103.722828521869,1.3343609959591651
kml_2997,Jurong Lake District - Taman Jurong,Land Transport Authority,B60E9A192466DCBA,2022-02-16 13:57:18,20.255655434229276,103.7223398617565,1.3349110448341102
kml_2998,Jurong Lake District - Taman Jurong,Land Transport Authority,2A14827989A6E31D,2022-02-16 13:57:18,136.09863595689677,103.73896881448668,1.339678403901278
kml_2999,Jurong Lake District - Taman Jurong,Land Transport Authority,2906A1D23513332E,2022-02-16 13:57:18,19.521745547430235,103.73859780046399,1.340394356566855
kml_3000,Jurong Lake District - Taman Jurong,Land Transport Authority,EB62AB420E2183DA,2022-02-16 13:57:18,13.598929008521713,103.7429961537335,1.341189175697235
kml_3001,Jurong Lake District - Taman Jurong,LTA (Others),E2E88DE65EECDD88,2022-02-16 13:57:18,72.37747971266349,103.73615656048543,1.3434222984983641
kml_3002,Jurong Lake District - Taman Jurong,Land Transport Authority,72BF3DD9CEDD835D,2022-02-16 13:57:18,73.92158856942388,103.74599896541311,1.3364112107536676
kml_3003,Jurong Lake District - Taman Jurong,Land Transport Authority,3419A138447AEBCE,2022-02-16 13:57:18,49.671614425091235,103.74465875756333,1.3352824798723426
kml_3004,Pasir Ris,Town Council (Others),A735C3085311A21E,2022-11-30 14:41:12,14.514402831867752,103.9565650188479,1.3658265804713687
kml_3005,Pasir Ris,Town Council,81C5F007A1BCF6FA,2022-11-30 14:41:12,20.203358961732988,103.93594443160649,1.3767638332468095
kml_3006,Jurong Lake District - Taman Jurong,LTA (Others),D7E77154884270E4,2022-11-30 14:41:12,6.783687417158331,103.72197731500368,1.3440761633666627
kml_3007,Jurong Lake District - Taman Jurong,LTA (Others),E7AE7A0CCA2D3117,2022-11-30 14:41:12,5.868438104546493,103.721497022112,1.34273691656557
kml_3008,Jurong Lake District - Taman Jurong,LTA (Others),0A12C1AAAEE0D987,2022-11-30 14:41:12,5.617676814714892,103.7214729623065,1.342440343256715
kml_3009,Jurong Lake District - Taman Jurong,LTA (Others),0549A30FA69C73D3,2022-11-30 14:41:12,20.200307732955668,103.7243097869395,1.3383834872823601
kml_3010,Jurong Lake District - Taman Jurong,LTA (Others),146DFBB3106D19A9,2022-11-30 14:41:12,11.072286333872926,103.721256416982,1.334243360389115
kml_3011,Jurong Lake District - Taman Jurong,LTA (Others),F6F8CB4832EBB0E3,2022-11-30 14:41:12,66.5745596177302,103.72199250045813,1.344984705883781
kml_3012,Jurong Lake District - Taman Jurong,LTA (Others),E284E427EC918A13,2022-11-30 14:41:12,7.892821370479622,103.7194329842755,1.33508922156053
kml_3013,Jurong Lake District - Taman Jurong,LTA (Others),3CA972370485C316,2022-11-30 14:41:12,33.624033063291506,103.7201584294245,1.3339369104046745
kml_3014,Jurong Lake District - Taman Jurong,LTA (Others),F569EAB08D50F4E4,2022-11-30 14:41:12,12.66895197980285,103.722429523781,1.34087242052428
kml_3015,Jurong Lake District - Taman Jurong,Land Transport Authority,A6F51F9F9505AEA8,2022-11-30 14:41:12,8.681824926012409,103.7215861609505,1.34141984878828
kml_3016,Bukit Panjang,Land Transport Authority,F5C76114231170D2,2022-11-30 14:41:12,121.72963678742407,103.77215249148973,1.378179745795656
kml_3017,Bukit Panjang,Land Transport Authority,5AFBE1B40836D530,2022-11-30 14:41:12,30.976645988060636,103.77238313823067,1.3795982025993418
kml_3018,Bukit Panjang,Land Transport Authority,2E9F0A7A54B4D986,2022-11-30 14:41:12,12.298880399294182,103.7723270378025,1.38103616810213
kml_3019,Yishun,Land Transport Authority,7DF65AD1F4B613FE,2022-02-16 13:57:18,24.51302066758367,103.84111586786801,1.419890278178325
kml_3020,Tampines,Land Transport Authority,312D2E5AF2781DC9,2022-02-16 13:57:18,19.572462963236184,103.95329762461785,1.3621223873631014
kml_3021,Tampines,Land Transport Authority,9456B9EC5427FB60,2022-02-16 13:57:18,9.437576523454211,103.9389470864025,1.3556402641323748
kml_3022,Yishun,Land Transport Authority,14B2FFBF6A9C90D2,2022-02-16 13:57:18,30.068325596192818,103.8412195542285,1.420135503328605
kml_3023,Pasir Ris,Land Transport Authority,617961358343994A,2022-02-16 13:57:18,33.70692190633115,103.96358214062154,1.3643161309174292
kml_3024,Pasir Ris,Land Transport Authority,DE62D514C6763B83,2022-02-16 13:57:18,20.057902600371868,103.95691890189268,1.3703113582184072
kml_3025,Tampines,Land Transport Authority,D2315E822453B856,2022-02-16 13:57:18,2.9243999509635614,103.93968470179601,1.351563240052295
kml_3026,Pasir Ris,Land Transport Authority,781D69B3E9648B0D,2022-02-16 13:57:18,18.663909857907385,103.96394015238334,1.3667310357975622
kml_3027,Yishun,Land Transport Authority,6DB6AD2ECB02CD85,2022-02-16 13:57:18,38.534870844762956,103.83319139613734,1.434174834336711
kml_3028,Yishun,Land Transport Authority,ADAE0BD042C6B453,2022-02-16 13:57:18,3.608110295149966,103.8320425113865,1.43063323017752
kml_3029,Yishun,LTA (Others),4E51637BE58FAC1D,2022-02-16 13:57:18,10.080653258533747,103.829771160222,1.4313124370882202
kml_3030,Yishun,LTA (Others),8C047B117F7A5804,2022-02-16 13:57:18,9.35028372364662,103.83788606081602,1.4319221596631602
kml_3031,Yishun,LTA (Others),7F0CE44C591505F6,2022-02-16 13:57:18,1.659549858014861,103.8296947190665,1.4341789193134349
kml_3032,Pasir Ris,LTA (Others),07D58E8F3024EB1D,2022-02-16 13:57:18,8.018194587522723,103.9568053340065,1.371526663102125
kml_3033,Pasir Ris,LTA (Others),B643FD1F0F4B2EA1,2022-02-16 13:57:18,2.0499591100441568,103.956751638051,1.37168111783342
kml_3034,Pasir Ris,Land Transport Authority,A74DB878310438C3,2022-02-16 13:57:18,98.01346287758875,103.9349340316086,1.3796630764727262
kml_3035,Pasir Ris,Land Transport Authority,2118632F7DFF0DE9,2022-02-16 13:57:18,15.910275509755682,103.96123969356074,1.3667424581565577
kml_3036,Tampines,Land Transport Authority,B6548CBD79659970,2022-02-16 13:57:18,18.732593615197665,103.94238219443164,1.351584160992879
kml_3037,Tampines,Land Transport Authority,C6239E7F37F1B0D5,2022-02-16 13:57:18,31.163405704082734,103.95367288073234,1.3620266892355954
kml_3038,Tampines,Land Transport Authority,AA668BDBC1C5DA6E,2022-02-16 13:57:18,5.058417344858743,103.957874787713,1.356722717529115
kml_3039,Pasir Ris,Land Transport Authority,AA6E7F257ED6E19F,2022-02-16 13:57:18,26.737961089794727,103.96056843381146,1.3672896191033455
kml_3040,Pasir Ris,Land Transport Authority,BF09F215DB59522A,2022-02-16 13:57:18,65.6194476968042,103.96066211915367,1.372909937241746
kml_3041,Tampines,Land Transport Authority,9A9984D9C382736E,2022-02-16 13:57:18,6.789187607503315,103.955135140796,1.3607444851991302
kml_3042,Pasir Ris,Land Transport Authority,5FA913A217A5BB1F,2022-02-16 13:57:18,80.61557574465418,103.96209708157107,1.365813176258236
kml_3043,Tampines,Land Transport Authority,59965C2423653A9F,2022-02-16 13:57:18,112.75818584831293,103.94226679738806,1.3468659337962439
kml_3044,Tampines,Land Transport Authority,E6D6D724A073E256,2022-02-16 13:57:18,10.166968934058428,103.94923880072541,1.3596449391361713
kml_3045,Tampines,Land Transport Authority,5726D6B95C7953EB,2022-02-16 13:57:18,47.906968056729596,103.94136400168532,1.3503009229309078
kml_3046,Pasir Ris,Land Transport Authority,915B1D50B577FCE5,2022-02-16 13:57:18,15.13671818243858,103.957874043616,1.368826988281165
kml_3047,Pasir Ris,Land Transport Authority,F15F56970161A4E5,2022-02-16 13:57:18,3.4834327573824044,103.93996058729701,1.375922658851165
kml_3048,Tampines,Land Transport Authority,68CD1B5238DE3EF2,2022-02-16 13:57:18,27.549931245249965,103.94063107453701,1.35157393114021
kml_3049,Yishun,Land Transport Authority,74F58E0FF8890757,2022-02-16 13:57:18,31.406820789054645,103.84583591206139,1.4236727589596916
kml_3050,Yishun,Land Transport Authority,FB7404B83D87BF45,2022-02-16 13:57:18,47.12561936154857,103.84181382453559,1.4271091878302526
kml_3051,Yishun,Land Transport Authority,CEF60BFFF81BD56A,2022-02-16 13:57:18,42.835109982970124,103.82984269302733,1.4300203153308246
kml_3052,Yishun,Land Transport Authority,9288DB0D322FEDC2,2022-02-16 13:57:18,21.227079342163254,103.8298599913965,1.42966079487526
kml_3053,Punggol,Land Transport Authority,058816F0679ADE5D,2022-02-16 13:57:18,20.17750393649477,103.9112541347063,1.3952513720942052
kml_3054,Punggol,Land Transport Authority,0541FAD037716D3D,2022-02-16 13:57:18,24.937015434094985,103.9114880417395,1.39629139545414
kml_3055,Punggol,Land Transport Authority,0423CBC11D57C23B,2022-02-16 13:57:18,59.73291080694966,103.915447168966,1.39387287182864
kml_3056,Punggol,Land Transport Authority,545091951A859492,2022-02-16 13:57:18,30.69623041497623,103.913108836419,1.393688958201365
kml_3057,Punggol,Land Transport Authority,D374D56372344763,2022-02-16 13:57:18,52.29680263357476,103.91035429462846,1.400195683529432
kml_3058,Punggol,Land Transport Authority,B9D3A0705794B00D,2022-02-16 13:57:18,16.42072766146643,103.91061330599763,1.4000295364317379
kml_3059,Punggol,Land Transport Authority,68CFB2E65BB60B16,2022-02-16 13:57:18,5.933370210533651,103.91074117291407,1.3999343763612317
kml_3060,Punggol,Land Transport Authority,F9CDE7312F82E011,2022-02-16 13:57:18,47.0069015174256,103.91169302584501,1.39923773930163
kml_3061,Punggol,Land Transport Authority,FE88C049AC7CA867,2022-02-16 13:57:18,103.92273660204168,103.91323301770962,1.3987448489996637
kml_3062,Punggol,Land Transport Authority,6120CCF79E7D0E71,2022-02-16 13:57:18,25.474370217876217,103.9136007602815,1.399245126357445
kml_3063,Punggol,Land Transport Authority,FB4CDD5B116B913F,2022-02-16 13:57:18,48.6412617427598,103.91382857924614,1.399564967691524
kml_3064,Punggol,Land Transport Authority,FD23AD5D4799B15B,2022-02-16 13:57:18,26.61359190742418,103.91406007461049,1.399887236374765
kml_3065,Punggol,Land Transport Authority,3D63D1B19CADD6C9,2022-02-16 13:57:18,83.59051898425216,103.91435870688991,1.400355338581712
kml_3066,Sengkang,Land Transport Authority,41360556DB7A6E99,2022-02-16 13:57:18,4.137783993170873,103.8846339905275,1.38574296453814
kml_3067,Ang Mo Kio,Land Transport Authority,5B94CBD00BC13C8E,2022-02-16 13:57:18,89.83483181964287,103.84778085127843,1.3686492589662567
kml_3068,Ang Mo Kio,Land Transport Authority,6658869894ECFBA1,2022-02-16 13:57:18,68.28623559954531,103.84847904328836,1.363395384087664
kml_3069,Sengkang,LTA (Others),6A80246BF6D3F4AF,2022-02-16 13:57:18,33.87837487842566,103.89282593836451,1.38158528752096
kml_3070,Jurong Lake District - Taman Jurong,LTA (Others),20717AADAA067E4A,2022-11-30 14:41:12,16.84362579291432,103.72440780897699,1.334462009111705
kml_3071,Tampines,Land Transport Authority,C3787F5B4419807C,2022-11-30 14:41:12,118.2269023973814,103.9389483055065,1.355105507541325
kml_3072,Bukit Panjang,Land Transport Authority,B37F2BA4D55D22B3,2022-11-30 14:41:12,113.61035047108625,103.76922932572838,1.3826842044729464
kml_3073,Bukit Panjang,Land Transport Authority,4F1CF18B5EFE409C,2022-11-30 14:41:12,135.69552888593049,103.77130741971526,1.3855881007097957
kml_3074,Bukit Panjang,LTA (Others),C3D379212E9D5935,2022-11-30 14:41:12,14.011368743485072,103.76598741711001,1.3884440713012651
kml_3075,Bukit Panjang,Land Transport Authority,EA7BCD8A1D4F012E,2022-11-30 14:41:12,5.560955149951844,103.76822401973,1.388486533624115
kml_3076,Bukit Panjang,LTA (Others),3B017475F3068AE0,2022-11-30 14:41:12,17.799347960690138,103.76832014246351,1.388447077094165
kml_3077,Bukit Panjang,LTA (Others),F2DDE74FE99F1AA6,2022-11-30 14:41:12,4.482642458939487,103.76926955384249,1.38793434801743
kml_3078,Bukit Panjang,LTA (Others),F19373AD55C54949,2022-11-30 14:41:12,70.67944981358166,103.76964198294355,1.387795311316824
kml_3079,Bukit Panjang,LTA (Others),89AFEB7C0F9657AE,2022-11-30 14:41:12,12.605617807382758,103.7668811380985,1.389210108033505
kml_3080,Bukit Panjang,LTA (Others),A17B94BBAD19C93B,2022-11-30 14:41:12,7.076442189126191,103.7703849177945,1.387240841603285
kml_3081,Bukit Panjang,LTA (Others),8C2536D9CFB6107F,2022-11-30 14:41:12,6.054471724408658,103.771511556803,1.38655086781916
kml_3082,Bukit Panjang,LTA (Others),267BBF0F4D46CFA2,2022-11-30 14:41:12,29.707585992251936,103.7716705445265,1.3862921462160749
kml_3083,Bukit Panjang,Land Transport Authority,F64B672E77BACE8E,2022-11-30 14:41:12,47.138183366542826,103.76680898270928,1.3890031008180326
kml_3084,Bukit Panjang,Land Transport Authority,8FD5B0DDEE0C63DD,2022-11-30 14:41:12,104.75739661469063,103.7656432075367,1.3880349546416333
kml_3085,Bukit Panjang,Land Transport Authority,4B31801B455B2DA8,2022-11-30 14:41:12,86.05255449482142,103.76636251712364,1.3886868379958877
kml_3086,Jurong Lake District - Taman Jurong,LTA (Others),1A010240A5DA43C8,2022-02-16 13:57:18,94.21031253773937,103.7450495004038,1.3355389368769877
kml_3087,Yishun,LTA (Others),33D2B4FB148AF010,2022-02-16 13:57:18,56.484006553694336,103.83460447673437,1.4345946629702453
kml_3088,Yishun,LTA (Others),FB87FD6F5AEF2E95,2022-02-16 13:57:18,5.90391722844463,103.834493103028,1.430580657318285
kml_3089,Yishun,Land Transport Authority,0E4B5DC178454019,2022-02-16 13:57:18,32.082531503589145,103.83685856585053,1.43237735012517
kml_3090,Yishun,Land Transport Authority,1A07F655A1CD484E,2022-02-16 13:57:18,68.31682392802522,103.83179113553443,1.4275010101940988
kml_3091,Yishun,LTA (Others),AEE5ADA11ECCA429,2022-02-16 13:57:18,2.149427107958198,103.8348482231265,1.43057027727445
kml_3092,Yishun,Land Transport Authority,BD0ED2CFDD8B6BE7,2022-02-16 13:57:18,10.841081475351611,103.83779442805051,1.4319250869754794
kml_3093,Yishun,LTA (Others),9CFEBFF79F2E380D,2022-02-16 13:57:18,3.0739752339316904,103.83207252890301,1.4306329014580799
kml_3094,Yishun,LTA (Others),D07E1483AFB8A926,2022-02-16 13:57:18,1.800900054826343,103.837361786651,1.430479997005855
kml_3095,Yishun,LTA (Others),C5D9DA6460069421,2022-02-16 13:57:18,1.2281691936996333,103.849047884339,1.423670990388555
kml_3096,Yishun,LTA (Others),7C2299D774C046CF,2022-02-16 13:57:18,3.8771943457976135,103.844476951318,1.4239892261903702
kml_3097,Yishun,LTA (Others),991E3BA39F17F1AC,2022-02-16 13:57:18,8.501171390105364,103.843656302844,1.42126401679985
kml_3098,Yishun,LTA (Others),EDEEC637D74ADB98,2022-02-16 13:57:18,5.364471465232546,103.840335791471,1.41817965647396
kml_3099,Yishun,LTA (Others),F6D8751D7072887A,2022-02-16 13:57:18,1.0088227872039173,103.8397033959125,1.4184013346368651
kml_3100,Yishun,LTA (Others),915DCAB52E695166,2022-02-16 13:57:18,1.594192486351723,103.8392825567635,1.4184309396642951
kml_3101,Yishun,LTA (Others),A696D4DE1DFE15CB,2022-02-16 13:57:18,1.4704156247171702,103.83899913847901,1.4183333672013498
kml_3102,Yishun,LTA (Others),897E2B77C48867E6,2022-02-16 13:57:18,1.5709850459256178,103.8385482298475,1.41815782173712
kml_3103,Yishun,LTA (Others),169E580F164E044F,2022-02-16 13:57:18,1.0678564099947885,103.8383010058665,1.418054938228265
kml_3104,Yishun,LTA (Others),091F7BAD7FF178B4,2022-02-16 13:57:18,1.426410112893035,103.83814515452201,1.41799167559076
kml_3105,Yishun,LTA (Others),A2169D68247DC259,2022-02-16 13:57:18,1.5869720535278982,103.837866501521,1.4178775422655396
kml_3106,Yishun,LTA (Others),B5519DAFDD51C006,2022-02-16 13:57:18,6.613939604730348,103.8403168033895,1.429079143432965
kml_3107,Yishun,LTA (Others),FEF7A2EF94F00ADA,2022-02-16 13:57:18,6.948487127801368,103.8400979419485,1.4293339811557702
kml_3108,Yishun,LTA (Others),2CE73D0ED7E2682C,2022-02-16 13:57:18,2.1312958010849177,103.839925487274,1.429544029201275
kml_3109,Yishun,LTA (Others),6F0EC337A059164D,2022-02-16 13:57:18,5.9450584906930715,103.83997415261048,1.42946801773329
kml_3110,Yishun,LTA (Others),756C88728B6E3C99,2022-02-16 13:57:18,0.9599772819387257,103.839696809365,1.4297445643879252
kml_3111,Yishun,LTA (Others),8EFFD242858D1010,2022-02-16 13:57:18,2.303629702773063,103.83927948635801,1.430029062996415
kml_3112,Yishun,LTA (Others),70660240B2CBA324,2022-02-16 13:57:18,8.156714279719719,103.829867603129,1.429528169480065
kml_3113,Yishun,LTA (Others),F6483509B2E5B5FA,2022-02-16 13:57:18,1.5420030598184513,103.82987691455551,1.42939100282427
kml_3114,Yishun,LTA (Others),3EB0811424E6E74A,2022-02-16 13:57:18,1.53706869988251,103.8298786659655,1.42935594742417
kml_3115,Jurong Lake District - Taman Jurong,LTA (Others),B9ABF5911DD7C53A,2022-11-30 14:41:12,8.945993901148677,103.7217974822615,1.3318159147485749
kml_3116,Jurong Lake District - Taman Jurong,Land Transport Authority,6E291A643313ACA6,2022-11-30 14:41:12,21.87949270252116,103.72193509039576,1.3317989392119256
kml_3117,Jurong Lake District - Taman Jurong,LTA (Others),6087ABA1F3461158,2022-11-30 14:41:12,10.211182882742486,103.722076201453,1.33177346578006
kml_3118,Bukit Panjang,Land Transport Authority,214B0EF0FC86FD16,2022-11-30 14:41:13,59.51733546882659,103.77126166507205,1.3867079068382182
kml_3119,Bukit Panjang,Land Transport Authority,F5CCA0A9909E553E,2022-11-30 14:41:13,27.020919865593026,103.771637553151,1.386471571094825
kml_3120,Jurong Lake District - Taman Jurong,LTA (Others),8D93079C6D683BB7,2022-11-30 14:41:13,29.394904987941857,103.72275324723549,1.3266232111470855
kml_3121,Bukit Panjang,Land Transport Authority,F2B7C5BF4BDB4F64,2022-11-30 14:41:13,8.2667783917072,103.7691675180705,1.382143609233625
kml_3122,Bukit Panjang,Land Transport Authority,C6D2CF25C95BD45B,2022-11-30 14:41:12,65.76078383887678,103.77236110900209,1.3806967231351572
kml_3123,Bukit Panjang,Land Transport Authority,5B8C9FDB163258E6,2022-11-30 14:41:12,24.348430029470627,103.772316184825,1.3801727130238701
kml_3124,Bukit Panjang,LTA (Others),FDF4DA51087E3972,2022-11-30 14:41:12,13.249358411355637,103.7723387868665,1.38034050653379
kml_3125,Bukit Panjang,LTA (Others),BF31E9999ABEA2B0,2022-11-30 14:41:12,11.510238215410894,103.77237843743251,1.3787300628044952
kml_3126,Bukit Panjang,Land Transport Authority,19B9D2D7027657AE,2022-11-30 14:41:12,10.85720373293446,103.772418091126,1.37941498322406
kml_3127,Pasir Ris,Town Council,0534F77275E86530,2022-11-30 14:41:12,87.22542887203831,103.95622150404178,1.367057790364195
kml_3128,Yishun,Land Transport Authority,47FC28221B347ACF,2022-02-16 13:57:18,26.218761826704704,103.8318988355993,1.4306264929526527
kml_3129,Yishun,Land Transport Authority,1A968161D5918401,2022-02-16 13:57:18,19.82177574604644,103.83270173674505,1.4306314997535923
kml_3130,Yishun,LTA (Others),1B51A0F4B4D541D5,2022-02-16 13:57:18,1.4721793789990345,103.8361523643695,1.434923819603735
kml_3131,Yishun,LTA (Others),44EF4FCA86806154,2022-02-16 13:57:18,5.089956450524871,103.83680500368101,1.42922494396772
kml_3132,Yishun,Land Transport Authority,A8063C4DBA5138D5,2022-02-16 13:57:18,67.03950160946691,103.83909332763155,1.4315821625654948
kml_3133,Yishun,Land Transport Authority,46FDECBD748BDA92,2022-02-16 13:57:18,45.11919273174138,103.83876181883947,1.430573483163115
kml_3134,Yishun,LTA (Others),70D4F00C34FEB266,2022-02-16 13:57:18,2.3903767239780387,103.8375735483555,1.426351133497585
kml_3135,Yishun,Land Transport Authority,69B88DA9F0111987,2022-02-16 13:57:18,44.894565490735225,103.83022294173405,1.4305452298880221
kml_3136,Yishun,Land Transport Authority,54575A87E8CAD8D9,2022-02-16 13:57:18,41.35364681310104,103.83105431887634,1.4306006621424718
kml_3137,Yishun,Land Transport Authority,70C72A86EE3AF6F7,2022-02-16 13:57:18,12.126429254585188,103.83049962019318,1.430546448514096
kml_3138,Yishun,Land Transport Authority,093B0F06401981D6,2022-02-16 13:57:18,30.89477588704379,103.83071304664328,1.4305755469339347
kml_3139,Yishun,Land Transport Authority,919220577C956DA0,2022-02-16 13:57:18,55.8098485106169,103.83152175445696,1.4306224062019282
kml_3140,Yishun,Land Transport Authority,2BE6C7B8A3776211,2022-02-16 13:57:18,34.49545318093206,103.83719895541991,1.43047876259556
kml_3141,Yishun,Land Transport Authority,373D3585943AD604,2022-02-16 13:57:18,34.19810942220288,103.83786100444131,1.430464467774596
kml_3142,Yishun,Land Transport Authority,E3BC221E05C7F1C6,2022-02-16 13:57:18,18.995906675566403,103.83886804865273,1.4318515969186743
kml_3143,Bishan,Land Transport Authority,AA2C808609E0F079,2022-11-30 14:41:13,122.0694352998701,103.84647718940465,1.3560846966464017
kml_3144,Bishan,Land Transport Authority,51C91B0AB8AA4E6E,2022-11-30 14:41:13,9.046695421166614,103.84658648948844,1.3555186751997315
kml_3145,Bishan,Land Transport Authority,72259B55358A4327,2022-11-30 14:41:13,21.814302081775327,103.8543110573315,1.3467503133256549
kml_3146,Bishan,Land Transport Authority,0EA6574BADEEAD9C,2022-11-30 14:41:13,56.07056440009193,103.85423630754451,1.3464062770220249
kml_3147,Bishan,Land Transport Authority,AF422AF68F5A267B,2022-11-30 14:41:13,8.646535819715258,103.85415055582394,1.3461381207477494
kml_3148,Ang Mo Kio,Land Transport Authority,6A9B8B474A6304DD,2022-11-30 14:41:13,103.38950311927437,103.85532241930804,1.3688931916321354
kml_3149,Geylang,LTA (Others),1CAA0A44B133AC5A,2022-11-30 14:41:13,6.068147181711867,103.89197359858099,1.31466336602196
kml_3150,Geylang,Land Transport Authority,66F8007F8E21B139,2022-11-30 14:41:13,36.17867027651877,103.89196744866997,1.3148466235683869
kml_3151,Geylang,Land Transport Authority,CFF16ADE0D544602,2022-11-30 14:41:13,71.59913641381388,103.89195209922921,1.314312902903922
kml_3152,Queenstown,Land Transport Authority,6EDF4D74C82BC961,2022-11-30 14:41:13,251.6277187719374,103.81237536674048,1.293309169678173
kml_3153,Tampines,Land Transport Authority,9DF45DA10A7CD373,2022-11-30 14:41:13,231.94559710870246,103.93817345907712,1.3534833696414694
kml_3154,Woodlands,Land Transport Authority,2FB891538B966AAA,2022-11-30 14:41:13,29.684872306940406,103.7720385758229,1.4358669362026504
kml_3155,Woodlands,Land Transport Authority,C3DC7FEB1391AE7D,2022-11-30 14:41:13,13.545844786628184,103.77210356993446,1.4356846445263405
kml_3156,Yishun,Land Transport Authority,6F62C221CDAC4ED9,2022-02-16 13:57:18,20.2851031399657,103.8304214699495,1.4287315808196799
kml_3157,Yishun,Land Transport Authority,E0F8A2BFDCA26501,2022-02-16 13:57:18,18.65527136349332,103.830650555206,1.42850719351198
kml_3158,Yishun,Land Transport Authority,A7E4944B344FD6F4,2022-02-16 13:57:18,1.6247599932895718,103.84497379902251,1.424558757253015
kml_3159,Yishun,Land Transport Authority,43C3B95D523F54B8,2022-02-16 13:57:18,46.13549748737765,103.84223921157184,1.4269337452673563
kml_3160,Yishun,Land Transport Authority,A1F7A5853ACE5B44,2022-02-16 13:57:18,57.131773083568156,103.8311927164529,1.4280502493286413
kml_3161,Yishun,Land Transport Authority,8B1B0BBC82E656CB,2022-02-16 13:57:18,24.773453566015863,103.83025979248728,1.428874906072322
kml_3162,Yishun,Land Transport Authority,FE657341403FE67C,2022-02-16 13:57:18,20.756291646051736,103.82990242335849,1.4292584863920081
kml_3163,Yishun,Land Transport Authority,27F5BE33BF236DBD,2022-02-16 13:57:18,18.277179383003556,103.83000320906497,1.429104834435114
kml_3164,Yishun,Land Transport Authority,58F790A689F0E7A9,2022-02-16 13:57:18,14.019121269452029,103.83011861036259,1.4289970528682219
kml_3165,Yishun,Land Transport Authority,26C49435CA8BD800,2022-02-16 13:57:18,76.49131989037096,103.84278297252972,1.4264722199103126
kml_3166,Yishun,Land Transport Authority,1A539D145E1EB3B9,2022-02-16 13:57:18,6.6334523525533,103.842470707523,1.42676819595056
kml_3167,Yishun,Land Transport Authority,F93F4603EE4F3E5A,2022-02-16 13:57:18,39.04658139487595,103.8432236441984,1.4260867478551367
kml_3168,Yishun,Land Transport Authority,0B82B713C89C2439,2022-02-16 13:57:18,27.043382623452615,103.8434554966435,1.4258734675791298
kml_3169,Pasir Ris,Land Transport Authority,688E319742EBD118,2022-02-16 13:57:18,28.712163633234766,103.94378526831301,1.37785989736783
kml_3170,Yishun,Land Transport Authority,69AC77528A10FC3A,2022-02-16 13:57:18,7.077413874215292,103.8435830965785,1.425753120151205
kml_3171,Yishun,Land Transport Authority,0203496086CBCA34,2022-02-16 13:57:18,16.01098617580406,103.84367538649178,1.4256672069180332
kml_3172,Yishun,Land Transport Authority,779BFD2C3E26B13B,2022-02-16 13:57:18,26.94134553352825,103.8438314770225,1.4255200513484452
kml_3173,Yishun,Land Transport Authority,476B1B4D5FF1159A,2022-02-16 13:57:18,29.779507044010963,103.8440322171596,1.4253329536598824
kml_3174,Yishun,Land Transport Authority,C57E3E6C3FD39778,2022-02-16 13:57:18,64.2093311327004,103.84128598275682,1.4271463839428895
kml_3175,Jurong West,Town Council,9D62EF3BAB3B6F48,2022-02-16 13:57:18,164.66664583163754,103.70026037177848,1.3503015628917407
kml_3176,Changi-Simei,Town Council,36CB05E059376EA2,2022-02-16 13:57:18,44.304306000938844,103.9564511510045,1.3465877198394152
kml_3177,Changi-Simei,Town Council,FCDC16BF5F48F3CA,2022-02-16 13:57:18,123.18628564680765,103.9520040334545,1.34368168686285
kml_3178,Geylang,Land Transport Authority,ECA075F10FF7C396,2022-02-16 13:57:18,3.155635309110482,103.8894972974485,1.30837778270537
kml_3179,Jurong West,Town Council,FCBBBA788DD9520E,2022-02-16 13:57:18,278.178657046034,103.6986057709239,1.3481500169300398
kml_3180,Jurong West,Town Council,12143F0F4D3A2348,2022-02-16 13:57:18,24.735262605938274,103.69720954319445,1.3469550216260209
kml_3181,Changi-Simei,Town Council,8A7120322DCA4407,2022-02-16 13:57:18,151.21902012847488,103.95501552746867,1.3462101664983301
kml_3182,Geylang,Land Transport Authority,A3B8AFD566309627,2022-02-16 13:57:18,17.8138433999954,103.8893407181735,1.30834959945198
kml_3183,Pasir Ris,Land Transport Authority,101DE13FEE16989D,2022-02-16 13:57:18,37.8365273199671,103.96085689296652,1.3737855392732143
kml_3184,Tampines,Land Transport Authority,EB6A495BFBAA4010,2022-02-16 13:57:18,17.461929355316084,103.9432882194715,1.35158627095639
kml_3185,Tampines,Land Transport Authority,A022D9932A8C3C6D,2022-02-16 13:57:18,14.892015987484882,103.95346409489176,1.3620942950072004
kml_3186,Tampines,Land Transport Authority,F34EEAD23174EEB3,2022-02-16 13:57:18,69.5472911911379,103.94640572108185,1.3584398549574952
kml_3187,Yishun,Land Transport Authority,C8B27D90EC5F7DED,2022-02-16 13:57:18,18.986296577332936,103.82974634911537,1.4342561257082522
kml_3188,Tampines,Land Transport Authority,2E10A9BD67A581E4,2022-02-16 13:57:18,110.18463072780875,103.93325448033433,1.3561661429917036
kml_3189,Tampines,Land Transport Authority,96EC1065EA49BCA7,2022-02-16 13:57:18,19.29407539334572,103.95532754867435,1.3580307882700373
kml_3190,Bukit Panjang,Land Transport Authority,62F9F0F114D0DA29,2022-11-30 14:41:12,8.139031880708771,103.76840961432045,1.3883940811743583
kml_3191,Bukit Panjang,Land Transport Authority,1D0944C04B705C16,2022-11-30 14:41:12,5.006821580008086,103.7669378398325,1.38918771624061
kml_3192,Sengkang,Land Transport Authority,CC4B8036B452F261,2022-11-30 14:41:12,30.01530894727362,103.89143732981984,1.3942612432182173
kml_3193,Bukit Panjang,Land Transport Authority,D76CF0A091B339D6,2022-11-30 14:41:12,7.694186426067732,103.77160416967601,1.386143053348855
kml_3194,Bukit Panjang,LTA (Others),8704ED5E2B7C551C,2022-11-30 14:41:12,12.303717673539364,103.7709479805865,1.3850252611403748
kml_3195,Bukit Panjang,LTA (Others),EB50DCEC5D46F5CB,2022-11-30 14:41:12,9.334250907937843,103.77061359587302,1.3846341620174
kml_3196,Bukit Panjang,LTA (Others),839094A4CB7D87DA,2022-11-30 14:41:12,10.721534800738821,103.76965162863648,1.383660435488745
kml_3197,Bukit Panjang,LTA (Others),B56E5EE796CD47C4,2022-11-30 14:41:12,7.922679308630272,103.769512491741,1.38343244391909
kml_3198,Bukit Panjang,Land Transport Authority,33D20EF526F7DD64,2022-11-30 14:41:12,29.726191435191968,103.769418868976,1.3832906674630698
kml_3199,Bukit Panjang,Land Transport Authority,F71F0C09BEDEC242,2022-11-30 14:41:12,47.779089929618664,103.7702462560578,1.3842833375523407
kml_3200,Bukit Panjang,Land Transport Authority,09A434630E770E28,2022-11-30 14:41:12,27.80836827735915,103.7704938727735,1.384517211043075
kml_3201,Bukit Panjang,Land Transport Authority,ABB09732962ECE46,2022-11-30 14:41:12,46.29790284468021,103.77078208062673,1.3848198829980067
kml_3202,Bukit Panjang,Land Transport Authority,A3BFC4CDAC57ADE0,2022-11-30 14:41:12,66.62917452328358,103.76987400373818,1.3839277852715648
kml_3203,Bukit Panjang,Land Transport Authority,37AB14A1BA2DF66F,2022-11-30 14:41:12,20.277499318791318,103.76957779635049,1.3835416982368849
kml_3204,Jurong Lake District - Taman Jurong,Land Transport Authority,8079407B86E2F21D,2022-11-30 14:41:12,35.30965729468995,103.72269118337945,1.3273661281104174
kml_3205,Jurong Lake District - Taman Jurong,LTA (Others),4692F2B5E2185C0C,2022-11-30 14:41:12,8.784632963645963,103.7208115960985,1.32677535410116
kml_3206,Jurong Lake District - Taman Jurong,LTA (Others),8028BD7DEA255728,2022-11-30 14:41:12,46.68092573694945,103.72123309531241,1.3316778298024834
kml_3207,Jurong Lake District - Taman Jurong,LTA (Others),3D064ED05D37F5FF,2022-11-30 14:41:12,34.06788851764075,103.72480787574669,1.3313203171056955
kml_3208,Tampines,Land Transport Authority,D645755C407C061C,2022-02-16 13:57:18,32.535360808024926,103.93455076413797,1.3556535952460347
kml_3209,Pasir Ris,Land Transport Authority,D51F8F3345DBBBC4,2022-02-16 13:57:18,3.1846406703144092,103.95131091164818,1.373896275139672
kml_3210,Yishun,LTA (Others),0634904B5DA2F141,2022-02-16 13:57:18,2.570193182561876,103.8297514108765,1.43163536457273
kml_3211,Pasir Ris,Land Transport Authority,E155F622EFFD762A,2022-02-16 13:57:18,24.673218482698463,103.96135834082104,1.3665778027256006
kml_3212,Pasir Ris,Land Transport Authority,1131E41F71ED9C9D,2022-02-16 13:57:18,131.77440310000839,103.94827940763801,1.371673980420801
kml_3213,Tampines,Land Transport Authority,17C89E4862DE5FE5,2022-02-16 13:57:18,48.26251936935835,103.93851308351657,1.351017968928369
kml_3214,Pasir Ris,Land Transport Authority,3EA39854D6CC6AF1,2022-02-16 13:57:18,86.37946262989263,103.95130262524872,1.3743370858398285
kml_3215,Pasir Ris,Land Transport Authority,37BC96B53E417475,2022-02-16 13:57:18,22.442025533990027,103.939615612719,1.3761739510570798
kml_3216,Pasir Ris,Land Transport Authority,1C26812D51FFA014,2022-02-16 13:57:18,8.4019641181623,103.96090115081,1.36700358679701
kml_3217,Pasir Ris,Land Transport Authority,E8F450CC7E8851FB,2022-02-16 13:57:18,2.5417778968067717,103.95687799701349,1.369979576467125
kml_3218,Yishun,Land Transport Authority,E05C585F5D867B57,2022-02-16 13:57:18,35.22472241591096,103.82978448443498,1.43110802420907
kml_3219,Yishun,Land Transport Authority,84791073E3105634,2022-02-16 13:57:18,3.3513747508999825,103.8377851706895,1.426771531150985
kml_3220,Bukit Panjang,Town Council,38CE75D537D90D49,2022-02-16 13:57:18,143.38140940266692,103.77107184450486,1.3746241505256565
kml_3221,Pasir Ris,LTA (Others),358B19BEA5A75C32,2022-02-16 13:57:18,8.328340550857073,103.95632494560952,1.372617876018275
kml_3222,Pasir Ris,LTA (Others),320C75EDAC8F1545,2022-02-16 13:57:18,1.655158935667411,103.9561371102195,1.37332605331529
kml_3223,Pasir Ris,LTA (Others),4FBB1BBA93BB32DC,2022-02-16 13:57:18,2.043410097447826,103.95606728232701,1.3736597398875001
kml_3224,Jurong Lake District - Taman Jurong,LTA (Others),242915E7567CDDBF,2022-11-30 14:41:13,140.03512736912307,103.7246062752403,1.3267043655170614
kml_3225,Jurong Lake District - Taman Jurong,LTA (Others),40381DC10DF42893,2022-11-30 14:41:13,65.94800955029092,103.72510200928065,1.3271440659521336
kml_3226,Jurong Lake District - Taman Jurong,Land Transport Authority,DC1F0782E1A8A08B,2022-11-30 14:41:13,13.311358606535835,103.72465960298399,1.3291014262023602
kml_3227,Jurong Lake District - Taman Jurong,LTA (Others),14878BA4B5203A23,2022-11-30 14:41:13,12.130473738345465,103.724642061894,1.32898774564559
kml_3228,Jurong Lake District - Taman Jurong,LTA (Others),556E92245F013665,2022-11-30 14:41:13,27.656425718718705,103.72329367813705,1.331494828582273
kml_3229,Jurong Lake District - Taman Jurong,Land Transport Authority,5B7AF97C5FFC1ABB,2022-11-30 14:41:12,18.84503896758777,103.72316482023825,1.3400416117798184
kml_3230,Punggol,Land Transport Authority,F82F1DA78BD4F8C8,2022-11-30 14:41:13,37.60424229911492,103.91853880400666,1.3975468945713079
kml_3231,Punggol,Land Transport Authority,18F302C61588BCEE,2022-11-30 14:41:13,78.55244115972368,103.91823524362725,1.397119916058224
kml_3232,Punggol,Land Transport Authority,1201CF6DB7C4B7AF,2022-11-30 14:41:13,14.966607555152603,103.91800814205365,1.3968247707538712
kml_3233,Punggol,Land Transport Authority,61178774553D1325,2022-11-30 14:41:13,174.55313670603394,103.91755759866244,1.3961233507575408
kml_3234,Punggol,Land Transport Authority,7997744CCCB5FB8F,2022-11-30 14:41:13,10.351961703234487,103.91715096694878,1.3954098056237938
kml_3235,Punggol,LTA (Others),506D9EF9C281CBE2,2022-11-30 14:41:13,11.280385090701516,103.9142340451765,1.39967565684419
kml_3236,Punggol,Land Transport Authority,323F610F9ADAA5DC,2022-11-30 14:41:13,71.95434526692442,103.91467344036401,1.4002622673643486
kml_3237,Punggol,Land Transport Authority,2999E1FCFE662769,2022-11-30 14:41:13,34.801572414390314,103.914357731564,1.3998427607681498
kml_3238,Punggol,LTA (Others),CCE694DF79A2AC3A,2022-11-30 14:41:13,5.325674188745892,103.91446509854899,1.3999885145994648
kml_3239,Punggol,Land Transport Authority,5DC8B8C8950689AC,2022-11-30 14:41:13,77.57834187360493,103.91399741349964,1.3993558515619131
kml_3240,Punggol,Land Transport Authority,B593F2E7E248F8BE,2022-11-30 14:41:13,123.68545180002035,103.91351897500073,1.3986612753448204
kml_3241,Sengkang,Land Transport Authority,8BC7B5A15B7E6A68,2022-11-30 14:41:13,28.399086418462986,103.882023372926,1.3955833947979248
kml_3242,Sengkang,Land Transport Authority,C1C86113F9643A18,2022-11-30 14:41:13,329.37049964966513,103.88360669569714,1.395304353142991
kml_3243,Sengkang,Land Transport Authority,00483623DE09D009,2022-11-30 14:41:13,27.0436624949948,103.8851786047655,1.39502801461099
kml_3244,Toa Payoh,Land Transport Authority,35AD0193D728AEB5,2022-11-30 14:41:13,18.657801497677568,103.870525289321,1.33910043429431
kml_3245,Toa Payoh,LTA (Others),CB9FB7AC06885361,2022-11-30 14:41:13,6.234356479778185,103.8705433717965,1.33921148860082
kml_3246,Toa Payoh,Land Transport Authority,522FDB5033FE0328,2022-11-30 14:41:13,21.68856986745383,103.87055216788801,1.33933714988925
kml_3247,Toa Payoh,LTA (Others),09A151B82FCACE38,2022-11-30 14:41:13,10.348766065024098,103.8705523511305,1.3394818536043949
kml_3248,Toa Payoh,Land Transport Authority,B73C3570AC7189CC,2022-11-30 14:41:13,14.225636198292591,103.87055525065401,1.339592580762405
kml_3249,Toa Payoh,Land Transport Authority,6D2A060BC4A20367,2022-11-30 14:41:13,13.528930916715924,103.87034662102101,1.3377307246609347
kml_3250,Toa Payoh,Land Transport Authority,6868669BF567E23E,2022-11-30 14:41:13,100.45342541100372,103.8698684335335,1.337777048518825
kml_3251,Toa Payoh,Land Transport Authority,A7F22F8B75AFAD8A,2022-11-30 14:41:13,13.884881560991044,103.869358901578,1.3378425230752349
kml_3252,Toa Payoh,Land Transport Authority,77D0B4EA6400F046,2022-11-30 14:41:13,19.074603560543146,103.86923715912069,1.337859817797946
kml_3253,Toa Payoh,Land Transport Authority,B12A78903AF8ADC0,2022-11-30 14:41:13,97.62050881414196,103.86873675329961,1.3380053747764242
kml_3254,Toa Payoh,Land Transport Authority,24A9093952254560,2022-11-30 14:41:13,34.00707397229827,103.87397019152253,1.3377924661802634
kml_3255,Toa Payoh,Land Transport Authority,43E6F5696C50D639,2022-11-30 14:41:13,22.49328883021074,103.87371769311434,1.3377895263278319
kml_3256,Toa Payoh,LTA (Others),ECE71BB0155B6F6B,2022-11-30 14:41:13,105.28440602521775,103.87314793150563,1.3377568548532188
kml_3257,Toa Payoh,Land Transport Authority,BF1FF9F6435130B2,2022-11-30 14:41:13,13.951494779226216,103.87263617279245,1.3378263552125897
kml_3258,Woodlands,Land Transport Authority,32D063BDEACAD521,2022-11-30 14:41:13,28.494305855366157,103.77123994756784,1.4370841702390644
kml_3259,Woodlands,Land Transport Authority,B6A7C696EBAB02E4,2022-11-30 14:41:13,121.82224401944407,103.7717188411115,1.4364688619977732
kml_3260,Woodlands,Land Transport Authority,2D51B9452A69DFDA,2022-11-30 14:41:13,12.160593458592846,103.7713621531865,1.436950945725425
kml_3261,Jurong Lake District - Taman Jurong,Land Transport Authority,B45287FB5447A466,2022-11-30 14:41:13,2.665974407054537,103.720568149822,1.3384231695962852
kml_3262,Jurong Lake District - Taman Jurong,Land Transport Authority,B3EA8D3E28CA5E1F,2022-11-30 14:41:13,14.528174468972512,103.72062635050834,1.3383720539817205
kml_3263,Pasir Ris,Land Transport Authority,C1DB5C45732629A9,2022-02-16 13:57:18,76.65526266405504,103.95649791911636,1.372211190686631
kml_3264,Pasir Ris,Land Transport Authority,3529D664B0C92D1E,2022-02-16 13:57:18,52.62528202241248,103.94239352899822,1.374207282570301
kml_3265,Tampines,Land Transport Authority,88E66677F6AD4421,2022-02-16 13:57:18,58.81357146864003,103.93657095796208,1.348697109829374
kml_3266,Pasir Ris,Land Transport Authority,897ED98CE6FA9EEC,2022-02-16 13:57:18,30.462214044040095,103.9598460680091,1.3641755311709771
kml_3267,Tampines,Land Transport Authority,919BC793021398E4,2022-02-16 13:57:18,61.69164582471197,103.94614193611633,1.357208244772672
kml_3268,Pasir Ris,Land Transport Authority,D8358553BFCA7B88,2022-02-16 13:57:18,33.683944217512966,103.96065492767129,1.363859277695702
kml_3269,Jurong Lake District - Taman Jurong,LTA (Others),4933836533BFF6A7,2022-02-16 13:57:18,1.1973734943182712,103.723710569833,1.346713204558755
kml_3270,Jurong Lake District - Taman Jurong,Land Transport Authority,23BE8ACB8B25AAFC,2022-02-16 13:57:18,28.71840324634939,103.72383518906867,1.3466641007052567
kml_3271,Jurong Lake District - Taman Jurong,LTA (Others),40F567D462EF6915,2022-02-16 13:57:18,1.9339116933404934,103.72396559581532,1.3466269944203113
kml_3272,Jurong Lake District - Taman Jurong,Land Transport Authority,08DB879D86B2314F,2022-02-16 13:57:18,16.044608862336858,103.7240456250931,1.3466169801273715
kml_3273,Jurong Lake District - Taman Jurong,Land Transport Authority,44507D525EAD5B05,2022-02-16 13:57:18,36.69431321295428,103.7248361266875,1.346608287646035
kml_3274,Jurong Lake District - Taman Jurong,LTA (Others),06D0550BFFA4F137,2022-02-16 13:57:18,1.4353069678448618,103.725007424638,1.346607497669815
kml_3275,Jurong Lake District - Taman Jurong,Land Transport Authority,3D27E7CD82DE3A5E,2022-02-16 13:57:18,35.798948271304646,103.72517453449163,1.346612944063313
kml_3276,Jurong Lake District - Taman Jurong,LTA (Others),933BD9BB529F3D23,2022-02-16 13:57:18,27.729064048921128,103.72545473740736,1.3466581247415175
kml_3277,Jurong Lake District - Taman Jurong,Land Transport Authority,8C9E4D81030B7C26,2022-02-16 13:57:18,40.07799746558225,103.72572008635194,1.346799473644926
kml_3278,Jurong Lake District - Taman Jurong,LTA (Others),54839A9CAC9B39EC,2022-02-16 13:57:18,2.154491227575309,103.725850331625,1.346935052487175
kml_3279,Pasir Ris,Land Transport Authority,E688FF7090E007B9,2022-02-16 13:57:18,29.306047967283575,103.9440156282735,1.377701506956095
kml_3280,Jurong Lake District - Taman Jurong,Land Transport Authority,90267A0DB350441F,2022-02-16 13:57:18,81.3115099409266,103.72582698803217,1.3479074022748694
kml_3281,Jurong Lake District - Taman Jurong,Land Transport Authority,DE9BAE34CA52D399,2022-02-16 13:57:18,57.25577338870562,103.72548212844448,1.3486924571770622
kml_3282,Jurong Lake District - Taman Jurong,Land Transport Authority,A3174D431610AA09,2022-02-16 13:57:18,14.249531290378528,103.72562879505901,1.34831844965748
kml_3283,Jurong Lake District - Taman Jurong,LTA (Others),6B09079613E20B4E,2022-02-16 13:57:18,3.1554376612916384,103.725660291389,1.348247421949795
kml_3284,Jurong Lake District - Taman Jurong,LTA (Others),A97D6614E3C7F04A,2022-02-16 13:57:18,9.188450711826016,103.72557914546499,1.34841191198981
kml_3285,Yishun,LTA (Others),04701B29E272868C,2022-02-16 13:57:18,9.923852098621452,103.8410542146805,1.422033884866985
kml_3286,Yishun,LTA (Others),8DE61F5A632AB533,2022-02-16 13:57:18,2.4167891794489553,103.84095694652851,1.422228651709665
kml_3287,Yishun,LTA (Others),B711632E858C2A00,2022-02-16 13:57:18,2.7511053862778345,103.84078528734,1.42260355903064
kml_3288,Yishun,LTA (Others),B669A06C9B0B33C5,2022-02-16 13:57:18,1.9411797122935108,103.8406406378375,1.4229485232163799
kml_3289,Yishun,LTA (Others),DBE71C400E9DD671,2022-02-16 13:57:18,11.122411116994488,103.84055307931851,1.4232832769449
kml_3290,Yishun,LTA (Others),BAEF634BD9AA59FD,2022-02-16 13:57:18,1.763665509727835,103.84024097247851,1.423804459637405
kml_3291,Yishun,Land Transport Authority,35912C597553F441,2022-02-16 13:57:18,17.232930142263132,103.83626097447151,1.434608158975125
kml_3292,Yishun,Land Transport Authority,97F7CE117F632B9E,2022-02-16 13:57:18,57.88122491053011,103.8389355901229,1.4310772932297677
kml_3293,Sembawang,LTA (Others),656ECF2BD2CB8769,2022-02-16 13:57:18,2.9207418272248797,103.8199577796315,1.4469322434884848
kml_3294,Yishun,LTA (Others),7786D0A42AD9923C,2022-02-16 13:57:18,1.9739681091624328,103.83001296035201,1.4305308835333852
kml_3295,Yishun,LTA (Others),BA1FC46BB3CA3A79,2022-02-16 13:57:18,7.205459101288893,103.8378056007115,1.4268146118393301
kml_3296,Yishun,LTA (Others),879D04F3286D9BBA,2022-02-16 13:57:18,2.235663864655645,103.837773496139,1.426749207404375
kml_3297,Yishun,LTA (Others),DDF3526E46784741,2022-02-16 13:57:18,2.2519674195004877,103.84140208398551,1.4205776909664452
kml_3298,Changi-Simei,Town Council (Others),FA7D8652E644EDBC,2022-02-16 13:57:18,5.854456256315783,103.9527296577365,1.3443097785668399
kml_3299,Woodlands,Town Council,C79E2E0D8E5D90FF,2022-02-16 13:57:18,183.13925646317455,103.799315492614,1.4405219557459004
kml_3300,Woodlands,Town Council,09D6229A04B9D1C6,2022-02-16 13:57:18,83.24153392639803,103.80044014957889,1.4450284621506144
kml_3301,Changi-Simei,Town Council (Others),6CA89524E6CCFC7E,2022-02-16 13:57:18,5.728412340308712,103.953615737305,1.345039722176025
kml_3302,Woodlands,Town Council (Others),39D45F9606EC78F4,2022-02-16 13:57:18,20.35590644772357,103.80324246593501,1.4422585041106801
kml_3303,Woodlands,Town Council,3DCE45B161733CA4,2022-02-16 13:57:18,98.16708553846415,103.8027533698977,1.4420504721586875
kml_3304,Woodlands,Town Council,DE9EE51E047C3F47,2022-02-16 13:57:18,73.07815168142321,103.79941480182845,1.446024570183357
kml_3305,Changi-Simei,Town Council (Others),7BD026B1FAF698EB,2022-02-16 13:57:18,5.610152300318564,103.95244700687348,1.34405638148999
kml_3306,Woodlands,Town Council (Others),D5F549C3A03ECEAD,2022-02-16 13:57:18,11.378023995616825,103.8021525810215,1.440456137016195
kml_3307,Changi-Simei,Town Council (Others),1E6396E53409264F,2022-02-16 13:57:18,9.1882445916286,103.95622831495201,1.3466148480155749
kml_3308,Changi-Simei,Town Council (Others),5CA179FF7EB81A80,2022-02-16 13:57:18,7.113696962797584,103.9515568528355,1.343303659856095
kml_3309,Woodlands,Town Council (Others),833CD53E84D03733,2022-02-16 13:57:18,27.739431799341936,103.7990062544488,1.446187107922796
kml_3310,Bukit Panjang,Town Council (Others),786FAD000F8693AB,2022-02-16 13:57:18,12.846863770813723,103.767321302897,1.3769502882723552
kml_3311,Woodlands,Town Council,9B9C6B46C6417511,2022-02-16 13:57:18,85.47112110573916,103.80004299827131,1.445672611516791
kml_3312,Woodlands,Town Council (Others),2708DA1411ACB0B9,2022-02-16 13:57:18,59.35390592032598,103.80178663172721,1.441607504243946
kml_3313,Bukit Panjang,Town Council (Others),EB5F65CBFC31B54F,2022-02-16 13:57:18,9.143547691050397,103.77049058332251,1.3749885934674149
kml_3314,Woodlands,Town Council (Others),9AB408B0A6E23F4D,2022-02-16 13:57:18,0.834046227111614,103.797281070886,1.447413238840735
kml_3315,Bukit Panjang,Town Council (Others),753A568D357937F9,2022-02-16 13:57:18,11.954175736102291,103.76902368695552,1.375896027484115
kml_3316,Pasir Ris,LTA (Others),33A70872196ECB38,2022-02-16 13:57:18,7.468447289566538,103.9597115016515,1.364280769083585
kml_3317,Pasir Ris,LTA (Others),9A341A716953B7DD,2022-02-16 13:57:18,1.6335736880725427,103.95995994187601,1.364086492175875
kml_3318,Pasir Ris,LTA (Others),D896B580961D0075,2022-02-16 13:57:18,1.4737331182709978,103.96032447705551,1.3638374888468299
kml_3319,Pasir Ris,LTA (Others),0F886A5085AF14F4,2022-02-16 13:57:18,1.5585804848088745,103.9605036990355,1.36381776920493
kml_3320,Pasir Ris,LTA (Others),58476876CF12C6CC,2022-02-16 13:57:18,1.5040187686749746,103.9607925136315,1.3639333810458352
kml_3321,Tampines,Land Transport Authority,D2BD59C85A26DE37,2022-02-16 13:57:18,8.653151187616297,103.95519274807778,1.360683520277805
kml_3322,Pasir Ris,Land Transport Authority,3C1E7118CABBA196,2022-02-16 13:57:18,27.385347326108878,103.95907907084087,1.3647648627467375
kml_3323,Pasir Ris,Land Transport Authority,947F5F63E31C29DB,2022-02-16 13:57:18,51.63756976073504,103.93448244639784,1.380557440985772
kml_3324,Tampines,Land Transport Authority,6A9A12D6C1472CF2,2022-02-16 13:57:18,13.952690959246706,103.943743318527,1.351583972995015
kml_3325,Tampines,Land Transport Authority,3A8E7F71926EBEB3,2022-02-16 13:57:18,65.47909963102059,103.95196100035486,1.3615880476739857
kml_3326,Pasir Ris,Land Transport Authority,D1D1443876488A07,2022-02-16 13:57:18,3.228725195983085,103.95811859429614,1.3654558413055295
kml_3327,Pasir Ris,Land Transport Authority,B9DFDDA4151DC508,2022-02-16 13:57:18,85.92157606920868,103.95689452878862,1.3711137610395077
kml_3328,Tampines,Land Transport Authority,92A52017224941CD,2022-02-16 13:57:18,50.882522368970434,103.9419305829785,1.34789716614211
kml_3329,Pasir Ris,Land Transport Authority,32E557371060EAA3,2022-02-16 13:57:18,21.137649525151076,103.941359809204,1.3748805282950303
kml_3330,Tampines,Land Transport Authority,349642B669C7CB9E,2022-02-16 13:57:18,15.893331586683301,103.95150004291405,1.361132903385237
kml_3331,Pasir Ris,Land Transport Authority,71E525DF8B6ABC1B,2022-02-16 13:57:18,58.67389503911595,103.94117417562751,1.3771788495604351
kml_3332,Tampines,Land Transport Authority,20CBE8616CF7D577,2022-02-16 13:57:18,35.07291826491042,103.95530582422488,1.3534242246008434
kml_3333,Pasir Ris,Land Transport Authority,887BCF05990E5C58,2022-02-16 13:57:18,56.343252553940445,103.944354949439,1.3734310522768451
kml_3334,Tampines,Land Transport Authority,22D141600B1D453A,2022-02-16 13:57:18,14.874727549852455,103.9414104520855,1.350005741652025
kml_3335,Pasir Ris,Land Transport Authority,1E4D82CACDBBC680,2022-02-16 13:57:18,21.261790516359408,103.95463968826412,1.3694254421291203
kml_3336,Jurong Lake District - Taman Jurong,LTA (Others),01D24AE09AFF48C4,2022-02-16 13:57:18,60.46033427091669,103.73431903430382,1.3443957506991377
kml_3337,Jurong Lake District - Taman Jurong,Land Transport Authority,79CAE21F94DF240A,2022-02-16 13:57:18,32.37235997865557,103.73818245765129,1.3422574399303895
kml_3338,Jurong Lake District - Taman Jurong,Land Transport Authority,A94FD1B0E59926F8,2022-02-16 13:57:18,26.57656928299774,103.7379403592565,1.342396652140835
kml_3339,Jurong Lake District - Taman Jurong,Land Transport Authority,AA7AD5242FC18442,2022-02-16 13:57:18,6.083637568739038,103.7395531574405,1.343510813598805
kml_3340,Jurong Lake District - Taman Jurong,Land Transport Authority,F950F231A094B5D1,2022-02-16 13:57:18,17.72976313414278,103.741515374913,1.3434337942243557
kml_3341,Jurong Lake District - Taman Jurong,LTA (Others),15A686DAEA827ACB,2022-02-16 13:57:18,1.5054642535475946,103.741442142669,1.3434794998965198
kml_3342,Jurong Lake District - Taman Jurong,LTA (Others),3E883B771BCEB8CC,2022-02-16 13:57:18,47.9524244953966,103.74168763354199,1.3431584103089298
kml_3343,Jurong Lake District - Taman Jurong,Land Transport Authority,082271FA2894CDB4,2022-02-16 13:57:18,52.396984834206236,103.74152043897364,1.3422575815881868
kml_3344,Jurong Lake District - Taman Jurong,Land Transport Authority,7D0D37425100A818,2022-02-16 13:57:18,30.091651539918104,103.74168333316558,1.3426075834644786
kml_3345,Jurong Lake District - Taman Jurong,LTA (Others),D7450E6E92F5BE63,2022-02-16 13:57:18,1.841783719490095,103.7416247718325,1.342476519491995
kml_3346,Jurong Lake District - Taman Jurong,Land Transport Authority,D0539639987E4E82,2022-02-16 13:57:18,39.49244248132021,103.74146567559393,1.3417267161373785
kml_3347,Jurong Lake District - Taman Jurong,Land Transport Authority,F05A87941BED29BC,2022-02-16 13:57:18,2.6909246677421854,103.74151546628748,1.34153335258828
kml_3348,Jurong Lake District - Taman Jurong,Land Transport Authority,BAD6C63DD572B5A7,2022-02-16 13:57:18,70.67286722301678,103.74007224504305,1.3414822956953683
kml_3349,Jurong Lake District - Taman Jurong,LTA (Others),7A1427EF19CC8B14,2022-02-16 13:57:18,54.36260088446889,103.7406335006414,1.341480738572752
kml_3350,Jurong Lake District - Taman Jurong,LTA (Others),A6ED2E0F94389A53,2022-02-16 13:57:18,38.93659805454054,103.74132479768052,1.34151679326542
kml_3351,Jurong Lake District - Taman Jurong,Land Transport Authority,8B52869B699C82C5,2022-02-16 13:57:18,13.97585538214906,103.73853412484102,1.3420425674726226
kml_3352,Jurong Lake District - Taman Jurong,LTA (Others),D50EAC164FFA0145,2022-02-16 13:57:18,1.8889319189876925,103.741501252327,1.3415483115775602
kml_3353,Toa Payoh,Land Transport Authority,C74B5EAE2427B244,2022-11-30 14:41:13,14.14004703771701,103.87217034904641,1.3379006158296423
kml_3354,Toa Payoh,Land Transport Authority,52A9DC44B10A52A1,2022-11-30 14:41:13,130.67957809117044,103.87153081947365,1.337905172731962
kml_3355,Toa Payoh,Land Transport Authority,82FF2523BCED0CD3,2022-11-30 14:41:13,11.762607677375092,103.87090308607941,1.3379603156729813
kml_3356,Toa Payoh,Land Transport Authority,E9DAC77D44C11053,2022-11-30 14:41:13,5.616289662440878,103.875422984705,1.3380349238499567
kml_3357,Toa Payoh,LTA (Others),71B4709F5D8F8A01,2022-11-30 14:41:13,5.9999764238573325,103.874148897874,1.33780972453305
kml_3358,Toa Payoh,Land Transport Authority,9D347A11DB1E61A8,2022-11-30 14:41:13,139.47404126526615,103.87479437572681,1.3379094967745924
kml_3359,Changi-Simei,Land Transport Authority,BD9C6E0622EE298B,2022-02-16 13:57:18,6.691265043052107,103.957654470845,1.3419186232937101
kml_3360,Changi-Simei,Land Transport Authority,B2E24FC3BBD8E2ED,2022-02-16 13:57:18,22.1984968409514,103.95599868708656,1.344458393457414
kml_3361,Yishun,Land Transport Authority,79623A498BC93F92,2022-02-16 13:57:18,13.788592421047298,103.8400342009005,1.429402371144315
kml_3362,Yishun,Land Transport Authority,9A93170D86E2E15D,2022-02-16 13:57:18,30.542192061601632,103.8402077590655,1.4292063524817449
kml_3363,Yishun,Land Transport Authority,B4FE727B815258CD,2022-02-16 13:57:18,17.464665260800274,103.84038511650434,1.428998631353143
kml_3364,Yishun,Land Transport Authority,988030A87B45EF60,2022-02-16 13:57:18,30.966478921580304,103.84060795350106,1.4287124747894482
kml_3365,Yishun,Land Transport Authority,D2EF44C36023233A,2022-02-16 13:57:18,19.30806081195421,103.84074335869889,1.428502237815433
kml_3366,Yishun,Land Transport Authority,386DBFCD574B3294,2022-02-16 13:57:18,15.090932165182105,103.84078926149621,1.4283225692353216
kml_3367,Yishun,Land Transport Authority,A797416433F05E57,2022-02-16 13:57:18,20.05464341833802,103.84084510002994,1.4281563530013175
kml_3368,Yishun,Land Transport Authority,217F27D0FD0A07C2,2022-02-16 13:57:18,44.04751372670013,103.84102823993983,1.4326206042282437
kml_3369,Yishun,Land Transport Authority,17F914570D0D98BC,2022-02-16 13:57:18,21.930259494320676,103.841261322687,1.43241269904437
kml_3370,Yishun,LTA (Others),FDAA70A622B725B5,2022-02-16 13:57:18,3.496693103539997,103.8312554782745,1.4306125893008
kml_3371,Yishun,LTA (Others),93C43333FED7E601,2022-02-16 13:57:18,1.6053274418139525,103.83063021798901,1.4348743184885602
kml_3372,Yishun,LTA (Others),A1574916E6C05924,2022-02-16 13:57:18,5.109821167402214,103.83839296056799,1.43036098429054
kml_3373,Yishun,Land Transport Authority,5A11387F188CCA92,2022-02-16 13:57:18,17.234618727504326,103.82987076506448,1.434388932617021
kml_3374,Yishun,Land Transport Authority,C47D6957BC7D4E6E,2022-02-16 13:57:18,69.93362757550089,103.83375794939549,1.428599132654875
kml_3375,Yishun,LTA (Others),B359BADEA4B3E7A3,2022-02-16 13:57:18,16.7759723054086,103.836814040113,1.42964359069888
kml_3376,Yishun,Land Transport Authority,134DDFACC923730E,2022-02-16 13:57:18,36.06030438203884,103.841468866747,1.432229930909445
kml_3377,Yishun,Land Transport Authority,DA4320D2FE2B5B4B,2022-02-16 13:57:18,23.285305687098777,103.8416874796255,1.43203706685369
kml_3378,Yishun,Land Transport Authority,1CB8F2D17442F0A1,2022-02-16 13:57:18,25.436985400544806,103.84186180954221,1.4318639241370592
kml_3379,Yishun,Land Transport Authority,2890770CB9BEBCF8,2022-02-16 13:57:18,36.74427862168265,103.84210820878046,1.431658417083566
kml_3380,Yishun,Land Transport Authority,A9B1BF326B013F83,2022-02-16 13:57:18,35.951706307637494,103.842398317157,1.431405906831805
kml_3381,Yishun,Land Transport Authority,9F5F0EADAE9E4110,2022-02-16 13:57:18,27.297944796280575,103.84267125031005,1.4312029996131783
kml_3382,Yishun,Land Transport Authority,AFFE5F62969FABC6,2022-02-16 13:57:18,4.90358302918538,103.84354608771949,1.431064314278565
kml_3383,Yishun,Land Transport Authority,EFEC4C4D6344026D,2022-02-16 13:57:18,28.215291643895817,103.84338493797343,1.431057709823881
kml_3384,Yishun,Land Transport Authority,9E50266969490EF8,2022-02-16 13:57:18,26.779960853070655,103.84312464928168,1.4310632804180583
kml_3385,Yishun,Land Transport Authority,93999C56D6641C76,2022-02-16 13:57:18,23.119070182675472,103.84289126864202,1.4311084955717066
kml_3386,Yishun,Land Transport Authority,570A8B7054FB62B6,2022-02-16 13:57:18,60.3368794370428,103.8460430068199,1.4291636309472684
kml_3387,Jurong Lake District - Taman Jurong,Land Transport Authority,4EE6781F13376437,2022-11-30 14:41:12,94.26101725439402,103.7215710587475,1.3454707909449515
kml_3388,Jurong Lake District - Taman Jurong,Land Transport Authority,25B06CEFEB690EB5,2022-11-30 14:41:12,19.17736899709018,103.73882508406334,1.3220635466406496
kml_3389,Jurong Lake District - Taman Jurong,LTA (Others),A8FF0649DEFC34A1,2022-11-30 14:41:12,1.3914214623817434,103.73927929181232,1.322305891379707
kml_3390,Jurong Lake District - Taman Jurong,Land Transport Authority,530DF4419A74EB3D,2022-11-30 14:41:12,56.71515432219826,103.7215011614449,1.3318221077891306
kml_3391,Jurong Lake District - Taman Jurong,Land Transport Authority,DD1A43D99C8DC824,2022-11-30 14:41:12,12.37756836206431,103.73921822428748,1.322296254660716
kml_3392,Jurong Lake District - Taman Jurong,LTA (Others),B3D0961F9F9973A4,2022-11-30 14:41:12,0.8230644335459345,103.73916032081985,1.3222835716908274
kml_3393,Bukit Panjang,Land Transport Authority,AB2544A77687853F,2022-11-30 14:41:13,157.64473353136336,103.77379345218228,1.372884212429636
kml_3394,Bukit Panjang,LTA (Others),B5555EB947ECF48D,2022-11-30 14:41:13,14.459543690869985,103.7732102211755,1.373376418057245
kml_3395,Bukit Panjang,Land Transport Authority,52557D03877AC4C9,2022-11-30 14:41:13,148.34905873581906,103.77488984571268,1.370874931660933
kml_3396,Bukit Panjang,Land Transport Authority,6C6C30E24674761D,2022-11-30 14:41:13,67.28475525590083,103.77448943298413,1.3717595666614109
kml_3397,Bukit Panjang,Land Transport Authority,5AC4F070FFD6A8FA,2022-11-30 14:41:13,35.54264197901789,103.77427194754304,1.3721697902776995
kml_3398,Bukit Panjang,Land Transport Authority,0D472B4377A98AE8,2022-11-30 14:41:13,1.742863111292394,103.77506182543351,1.370186179812235
kml_3399,Jurong Lake District - Taman Jurong,Land Transport Authority,A96283CFCBD9D410,2022-11-30 14:41:12,33.64854007729688,103.73902003248722,1.3222194545816988
kml_3400,Jurong Lake District - Taman Jurong,LTA (Others),30563ECAC5FE4349,2022-11-30 14:41:12,1.6200831752024716,103.73888827424491,1.3221326099978044
kml_3401,Jurong Lake District - Taman Jurong,Land Transport Authority,D373009C98A50861,2022-11-30 14:41:12,16.658488345444745,103.7387302157059,1.3219154909033162
kml_3402,Jurong Lake District - Taman Jurong,LTA (Others),6DCEB782A7D8AE96,2022-11-30 14:41:12,1.6692684368619575,103.73876824051534,1.3219888780230336
kml_3403,Pasir Ris,Town Council,B7634218A1985B4C,2022-11-30 14:41:12,23.819123950351496,103.95627383243225,1.3663324680614504
kml_3404,Pasir Ris,Town Council,EF9BFB0CF9F3FD7A,2022-11-30 14:41:12,112.01120534901891,103.93661423214752,1.3785275958634102
kml_3405,Pasir Ris,LTA (Others),7EFCAB9F831A1E89,2022-02-16 13:57:18,1.483022140990888,103.961301741603,1.364441320005675
kml_3406,Yishun,Land Transport Authority,D9EFFCBD3A62174F,2022-02-16 13:57:18,94.66157139635084,103.83164459269815,1.4205767366358948
kml_3407,Yishun,Land Transport Authority,E2690F46DCF94DA8,2022-02-16 13:57:18,28.01928065082866,103.83931475196931,1.4341448982725888
kml_3408,Yishun,Land Transport Authority,8C79BAE14B6D8031,2022-02-16 13:57:18,32.22054427843519,103.83981009216384,1.429647060982082
kml_3409,Yishun,Land Transport Authority,E075E5E06D3F4018,2022-02-16 13:57:18,6.358078927448438,103.83994762299595,1.4295147172503824
kml_3410,Tampines,Land Transport Authority,D0630C0C4E893616,2022-02-16 13:57:18,21.704290998790775,103.95503456912714,1.3608461520484094
kml_3411,Jurong Lake District - Taman Jurong,Land Transport Authority,2F71F6913105FD76,2022-02-16 13:57:18,52.0646392322734,103.73442081831145,1.340966461636489
kml_3412,Jurong Lake District - Taman Jurong,Land Transport Authority,E6C370115897C1A5,2022-02-16 13:57:18,144.760409847482,103.73414999930749,1.340147712200259
kml_3413,Jurong Lake District - Taman Jurong,LTA (Others),9B4D6BE2FD71F921,2022-02-16 13:57:18,18.047478017995083,103.73394320178365,1.3394649398863012
kml_3414,Jurong Lake District - Taman Jurong,Land Transport Authority,B610740812B192D0,2022-02-16 13:57:18,19.810001057411707,103.7203813054255,1.349245595395995
kml_3415,Jurong Lake District - Taman Jurong,LTA (Others),1418F5C0324E3F09,2022-02-16 13:57:18,6.4329436699024605,103.72340426310501,1.347037355899905
kml_3416,Jurong Lake District - Taman Jurong,Land Transport Authority,B6EED5D2EC50D2E8,2022-02-16 13:57:18,46.45385442955816,103.72354786387356,1.3468506742891764
kml_3417,Sembawang,Town Council,7D787AB360F55023,2022-02-16 13:57:18,63.579572150609984,103.817199189588,1.450538533229905
kml_3418,Sembawang,Town Council,8758BF3582FA3931,2022-02-16 13:57:18,231.06053658903764,103.81726872869798,1.4443932682369585
kml_3419,Sembawang,Town Council,F46D89EA15E29BD4,2022-02-16 13:57:18,18.69733389502499,103.81832579771996,1.4440623485624777
kml_3420,Sembawang,Town Council,44E7DC92DCE3F2C6,2022-02-16 13:57:18,0.024340343179087353,103.818241824207,1.444059512876895
kml_3421,Sembawang,Town Council,4BF29086B8876BB4,2022-02-16 13:57:18,0.024116761420692637,103.818242041668,1.444059502478165
kml_3422,Sembawang,Town Council,DE9751FEBFE20F83,2022-02-16 13:57:18,209.89194157903165,103.81448692909285,1.4491303650960365
kml_3423,Sembawang,Town Council,8042F399793D3B60,2022-02-16 13:57:18,175.914061886485,103.81792631168491,1.4499274666076143
kml_3424,Sembawang,Town Council,3F6DD32DD14D835C,2022-02-16 13:57:18,183.93006729416206,103.81820554466618,1.4499980617519963
kml_3425,Sembawang,Town Council,41895832478F0C85,2022-02-16 13:57:18,63.53297142826166,103.81884799211717,1.4493055000018624
kml_3426,Sembawang,Town Council,7B2E805AB58BF4DF,2022-02-16 13:57:18,27.53927391954377,103.816208689548,1.444869073878225
kml_3427,Ang Mo Kio,Land Transport Authority,96F7F5D74A0F40FA,2022-02-16 13:57:18,32.16872345818723,103.84590057742349,1.364202939033845
kml_3428,Ang Mo Kio,Land Transport Authority,298B112D80FFB28A,2022-02-16 13:57:18,124.15634349781647,103.83662573004278,1.37374507071981
kml_3429,Sengkang,Land Transport Authority,7AE8199AC7F2A9BF,2022-02-16 13:57:18,31.45068927608201,103.884751722001,1.385662181027435
kml_3430,Changi-Simei,LTA (Others),B4783091D2B711A1,2022-02-16 13:57:18,2.431918182780761,103.958032800416,1.342279127058585
kml_3431,Changi-Simei,LTA (Others),CA1CDA53640F3107,2022-02-16 13:57:18,1.672637343003806,103.95722414798,1.341555082094335
kml_3432,Ang Mo Kio,Land Transport Authority,33923D9AB3BA62A9,2022-02-16 13:57:18,74.8395819961485,103.84176913497758,1.364614844695622
kml_3433,Changi-Simei,LTA (Others),B471C823649309E1,2022-02-16 13:57:18,2.254108642775308,103.95756657763847,1.3433720683172101
kml_3434,Changi-Simei,Land Transport Authority,65FB530B9C175DA9,2022-02-16 13:57:18,78.45428196072741,103.95492543247393,1.3435590824763093
kml_3435,Changi-Simei,LTA (Others),02612D8D930DE580,2022-02-16 13:57:18,19.669646490786796,103.95769254321952,1.3455881208314548
kml_3436,Ang Mo Kio,Land Transport Authority,9B13D165BEEC47CA,2022-02-16 13:57:18,73.22779128661163,103.84020168480686,1.3650595923456483
kml_3437,Changi-Simei,LTA (Others),6EA94B2F7B7E64A1,2022-02-16 13:57:18,4.689868959135217,103.95755725763699,1.343457993617235
kml_3438,Sengkang,Land Transport Authority,EC4BA925C8A03A44,2022-02-16 13:57:18,4.015220450518494,103.88484491726899,1.38555402476897
kml_3439,Changi-Simei,LTA (Others),CD8700B29D5C9EC0,2022-02-16 13:57:18,29.631396038960553,103.95775022995551,1.34280341983774
kml_3440,Sengkang,Land Transport Authority,ADA3D42640480D78,2022-02-16 13:57:18,343.76429913905366,103.87745672229961,1.3986772168343276
kml_3441,Changi-Simei,LTA (Others),6752B8F8BB9C00AF,2022-02-16 13:57:18,3.7287659341640573,103.9576905571,1.3419486372345202
kml_3442,Yishun,Land Transport Authority,FDB7A465A3381A70,2022-02-16 13:57:18,9.906805737860974,103.8448515012855,1.430531430680635
kml_3443,Yishun,Land Transport Authority,4E9D7489480815D7,2022-02-16 13:57:18,10.543132242598961,103.82987287709551,1.4294454934516503
kml_3444,Yishun,Land Transport Authority,DB768F92C5DC60A0,2022-02-16 13:57:18,2.341669808201099,103.82987773544599,1.42937346133259
kml_3445,Yishun,Land Transport Authority,330F4BF60F8018FE,2022-02-16 13:57:18,22.52655757822775,103.84556218378167,1.4298611570123996
kml_3446,Yishun,Land Transport Authority,11148E029C106CB8,2022-02-16 13:57:18,26.56176696466348,103.8457460912936,1.4296979253562265
kml_3447,Yishun,Land Transport Authority,DA2A2714FB97F308,2022-02-16 13:57:18,23.29073646363137,103.84590859208897,1.4295257452839765
kml_3448,Yishun,Land Transport Authority,130D923775E09F47,2022-02-16 13:57:18,11.572510024246217,103.84607323705,1.4288223868625
kml_3449,Yishun,LTA (Others),747772B19C1D6313,2022-02-16 13:57:18,2.015285181765165,103.8465937038155,1.4235672767285048
kml_3450,Yishun,LTA (Others),6500FF3AB89591CD,2022-02-16 13:57:18,10.473693622711696,103.84676699364898,1.423589444238014
kml_3451,Yishun,LTA (Others),AA72B930D850589F,2022-02-16 13:57:18,1.6392755983243028,103.8469700850235,1.423598416740855
kml_3452,Yishun,LTA (Others),67EB0EB72B2A8C20,2022-02-16 13:57:18,1.4711258551748903,103.84707078652599,1.423603565587105
kml_3453,Yishun,LTA (Others),BE828AAA6DF0734B,2022-02-16 13:57:18,3.3643667430256747,103.847394111684,1.423615262476625
kml_3454,Yishun,LTA (Others),81757BC1C83FC279,2022-02-16 13:57:18,1.844545199614353,103.847619320601,1.42362439154105
kml_3455,Changi-Simei,Town Council,18E85F1F4C8DF2AB,2022-02-16 13:57:18,211.85230610395405,103.95128472630435,1.342545693788491
kml_3456,Tampines,Town Council,669392F68FD589C3,2022-02-16 13:57:18,65.82604763040477,103.93585822377999,1.350102164275861
kml_3457,Tampines,Town Council,CAD375A4903CDC78,2022-02-16 13:57:18,185.1327982322332,103.95423889137143,1.353870347132208
kml_3458,Tampines,Town Council,314F2C15131AC4D1,2022-02-16 13:57:18,161.7449423292818,103.95965988753784,1.353696385754817
kml_3459,Bukit Panjang,Town Council,C0E4252B25C2B4F5,2022-02-16 13:57:18,127.14174188451445,103.76677789367912,1.3772600126834642
kml_3460,Geylang,Land Transport Authority,F1F8B92826F96742,2022-02-16 13:57:18,20.23803174364142,103.889152773609,1.308314932147575
kml_3461,Geylang,Land Transport Authority,59A6A3425AEC53F9,2022-02-16 13:57:18,3.110820553311083,103.88955977020451,1.3083929990353949
kml_3462,Changi-Simei,Land Transport Authority,8B75AE7E9855A2ED,2022-02-16 13:57:18,115.07245291613935,103.95720193393059,1.3463497095559074
kml_3463,Tampines,Land Transport Authority,6EA79A219B572142,2022-02-16 13:57:18,54.083144149601445,103.94554137427272,1.3521115605958718
kml_3464,Ang Mo Kio,LTA (Others),9FCF7FDBBA4EE012,2022-02-16 13:57:18,40.519750898691626,103.83771318218193,1.365997964629121
kml_3465,Ang Mo Kio,Land Transport Authority,401072BC39E12C8C,2022-02-16 13:57:18,11.457473144556637,103.84270043203449,1.36927021359435
kml_3466,Yishun,LTA (Others),04BC58212E5EDE36,2022-02-16 13:57:18,14.807913139058824,103.83156470900249,1.42120595475264
kml_3467,Yishun,LTA (Others),5D5262791B2A4D19,2022-02-16 13:57:18,0.9997656822762278,103.83204915049049,1.419554479431795
kml_3468,Yishun,LTA (Others),17FC3D89360896C5,2022-02-16 13:57:18,9.375912161840672,103.832592168619,1.4188870514208949
kml_3469,Yishun,Land Transport Authority,9905B6FB98DA31AC,2022-02-16 13:57:18,102.3755733053311,103.83525137691899,1.4348140558474038
kml_3470,Yishun,LTA (Others),6CFCFC898ECC8FC8,2022-02-16 13:57:18,3.081054234485636,103.830030920701,1.43449776141823
kml_3471,Yishun,LTA (Others),F4994B601AF75632,2022-02-16 13:57:18,2.089005492954103,103.8387844013575,1.43189304124638
kml_3472,Yishun,LTA (Others),4EAA0206F24F1EA3,2022-02-16 13:57:18,3.4720077327640544,103.8368001292645,1.4295247903230202
kml_3473,Yishun,LTA (Others),CC857F9E6C083A3A,2022-02-16 13:57:18,4.360638988162078,103.836812592661,1.429465584769785
kml_3474,Yishun,Land Transport Authority,72FA6BFA41B99419,2022-02-16 13:57:18,15.898376905587734,103.8315677319635,1.4210675554269399
kml_3475,Yishun,Land Transport Authority,3561BBCFBED32C47,2022-02-16 13:57:18,69.52643886442218,103.83650591905226,1.4338381992239875
kml_3476,Yishun,LTA (Others),A2213C5E468C1533,2022-02-16 13:57:18,1.609180220894319,103.8397771003515,1.433728215265225
kml_3477,Bukit Panjang,Land Transport Authority,6D395204D12E8262,2022-11-30 14:41:13,4.930438827661926,103.7750668940725,1.37021283651189
kml_3478,Bukit Panjang,LTA (Others),217375D96DBEAC28,2022-11-30 14:41:13,42.496703302682654,103.7717494466835,1.3741709713318302
kml_3479,Bishan,Land Transport Authority,2FE3CCC78D9E8E88,2022-11-30 14:41:13,119.60186723759134,103.84523028487003,1.3598368835255457
kml_3480,Ang Mo Kio,Land Transport Authority,EE0F3D89D24D736E,2022-11-30 14:41:13,248.3932473090328,103.85547185164037,1.3676025486921106
kml_3481,Ang Mo Kio,Land Transport Authority,F8C26B708D815185,2022-11-30 14:41:13,65.35998195821107,103.83687632878349,1.3728140015904
kml_3482,Ang Mo Kio,LTA (Others),E8D0D5882A6B65DD,2022-11-30 14:41:13,11.051559909221567,103.85515096057699,1.3684066605153449
kml_3483,Yishun,Land Transport Authority,622F79107C9BABB6,2022-02-16 13:57:18,79.25506726142225,103.84048284005108,1.4329792164224535
kml_3484,Yishun,Land Transport Authority,3F71145698579DFC,2022-02-16 13:57:18,18.217987168580553,103.83971370088278,1.432126186129757
kml_3485,Yishun,Land Transport Authority,12893C0B9BBB5C0B,2022-02-16 13:57:18,47.88632098020092,103.8399853563138,1.4323784710562153
kml_3486,Yishun,Land Transport Authority,8B7EEDD10E9ACB8D,2022-02-16 13:57:18,13.548421816709299,103.8388398532775,1.43458274337873
kml_3487,Yishun,LTA (Others),6DE1B9D80ACE3B06,2022-02-16 13:57:18,1.4793642185650173,103.837284028038,1.4319523850775948
kml_3488,Yishun,Land Transport Authority,F6207E15EBBB46E3,2022-02-16 13:57:18,130.25436312364192,103.8331529433652,1.4186073996116009
kml_3489,Yishun,LTA (Others),1B85B353A288BEEE,2022-02-16 13:57:18,14.349480347562725,103.82971842434,1.43195632911351
kml_3490,Yishun,LTA (Others),533DE64A11156ABC,2022-02-16 13:57:18,9.766807164862497,103.8368117387145,1.4325584199272852
kml_3491,Yishun,LTA (Others),1A116ABBBA44C98A,2022-02-16 13:57:18,3.8399788233990853,103.836741079944,1.432824073282495
kml_3492,Yishun,Land Transport Authority,89A86D2F9EC09C13,2022-02-16 13:57:18,40.25053553950039,103.83304283189796,1.4306080183385694
kml_3493,Yishun,Land Transport Authority,A64AED8A40F14CFF,2022-02-16 13:57:18,35.27165439449181,103.83400804478524,1.430599593258338
kml_3494,Yishun,Land Transport Authority,5B78C1AD06950EBE,2022-02-16 13:57:18,20.239412643448947,103.83353089855102,1.43061589478257
kml_3495,Yishun,Land Transport Authority,BB3B26406B12A674,2022-02-16 13:57:18,21.75046364886923,103.83373609306418,1.4306087814378814
kml_3496,Yishun,Land Transport Authority,A36E359ABC7F5CF3,2022-02-16 13:57:18,31.362723976482176,103.83432583555374,1.4305881284619661
kml_3497,Yishun,LTA (Others),EF7B06D6FE775259,2022-02-16 13:57:18,1.7771416187126499,103.8390535706055,1.434391233872895
kml_3498,Yishun,LTA (Others),9C41ECBAEC8AEFA6,2022-02-16 13:57:18,19.849948166322033,103.83226164816901,1.434653356186385
kml_3499,Yishun,LTA (Others),58DB241C50686BF3,2022-02-16 13:57:18,25.126928359719443,103.83926621231655,1.4316594728452496
kml_3500,Yishun,LTA (Others),FDBFC623D012963C,2022-02-16 13:57:18,4.034443180355557,103.8365776355905,1.4335173416234799
kml_3501,Yishun,Land Transport Authority,470B85D3A07D904B,2022-02-16 13:57:18,18.528325593219545,103.83970929525549,1.433788504414995
kml_3502,Yishun,Land Transport Authority,6BE69B50F8F3A17B,2022-02-16 13:57:18,19.02224163565673,103.83984634228901,1.43366619108563
kml_3503,Yishun,Land Transport Authority,3DE7E3FB9D01C455,2022-02-16 13:57:18,26.470285025382825,103.840010540277,1.43352074539851
kml_3504,Yishun,Land Transport Authority,EEF6D725B9421407,2022-02-16 13:57:18,43.2905830332554,103.83909661336205,1.4301216947545188
kml_3505,Sembawang,LTA (Others),47FB65474FBAEFC7,2022-02-16 13:57:18,8.03459769940424,103.8202031298555,1.44699112578762
kml_3506,Sembawang,LTA (Others),248520D52DA5B36E,2022-02-16 13:57:18,1.7975174751174232,103.8200483790435,1.4469532442527848
kml_3507,Pasir Ris,Land Transport Authority,64F2532EC590754D,2022-02-16 13:57:18,21.88814535916111,103.96078852766317,1.3735108231289441
kml_3508,Tampines,Land Transport Authority,7389C156B8AC2E06,2022-02-16 13:57:18,6.597092709998276,103.94431765175126,1.35160233275712
kml_3509,Pasir Ris,Land Transport Authority,DFDB688E7A4ED8D8,2022-02-16 13:57:18,17.75012464175367,103.96053473377556,1.3708293007004064
kml_3510,Pasir Ris,Land Transport Authority,28D7D6209601CDEA,2022-02-16 13:57:18,18.661554173867902,103.96041333311982,1.3638220515703838
kml_3511,Pasir Ris,Land Transport Authority,4E6A5799DB1887F5,2022-02-16 13:57:18,3.468850024451741,103.960163550398,1.367603985523255
kml_3512,Yishun,Land Transport Authority,F4522F43074655E6,2022-02-16 13:57:18,33.58880477463665,103.84722819764649,1.42360923047256
kml_3513,Serangoon,Land Transport Authority,CC1DC1869AF6FCA2,2022-02-16 13:57:18,22.4796021230698,103.84751012741852,1.423619990225985
kml_3514,Yishun,Land Transport Authority,035F0F552E189E19,2022-02-16 13:57:18,13.56600257818134,103.84768849772999,1.4236271629831099
kml_3515,Pasir Ris,Land Transport Authority,89F3BFD6B51032FB,2022-02-16 13:57:18,182.44921769449985,103.95015059126838,1.372039207070917
kml_3516,Tampines,Land Transport Authority,26615D05919D9E55,2022-02-16 13:57:18,55.019043634887474,103.93778284790758,1.348628187334633
kml_3517,Tampines,Land Transport Authority,313D1C210E2C556C,2022-02-16 13:57:18,37.10651809310727,103.93093132797699,1.351149984047025
kml_3518,Pasir Ris,Land Transport Authority,14B462DDF00488AA,2022-02-16 13:57:18,41.88719317434355,103.94013459066748,1.3757920416026752
kml_3519,Tampines,Land Transport Authority,95E2B35A888B4296,2022-02-16 13:57:18,12.109607546884842,103.9401060883225,1.351573916893925
kml_3520,Tampines,Land Transport Authority,0DEBDB4813DC8B41,2022-02-16 13:57:18,59.96478737375502,103.9415782969615,1.34928195765457
kml_3521,Yishun,Land Transport Authority,DBC8D6ED03D2D0D4,2022-02-16 13:57:18,25.54227735128817,103.83619194779149,1.43480834586448
kml_3522,Tampines,Land Transport Authority,6F4BBFE4D4358C00,2022-02-16 13:57:18,31.649454419682773,103.943523953522,1.3515844763468001
kml_3523,Tampines,Land Transport Authority,26AEF4374AC14E25,2022-02-16 13:57:18,10.129423885399067,103.95532793410837,1.3593163274097522
kml_3524,Pasir Ris,Land Transport Authority,E445C27292043CFB,2022-02-16 13:57:18,6.222178238544141,103.94084338346924,1.3752891029231111
kml_3525,Tampines,Land Transport Authority,BC2414DE99FA8800,2022-02-16 13:57:18,4.951818760109129,103.94143160016151,1.349903632717695
kml_3526,Pasir Ris,Land Transport Authority,7EDD092BF31A6EB3,2022-02-16 13:57:18,9.51984002166587,103.95799646007687,1.368783204569142
kml_3527,Tampines,Land Transport Authority,8770CEBB0189DB61,2022-02-16 13:57:18,156.8896242814523,103.93826924414503,1.3494902525129548
kml_3528,Geylang,Land Transport Authority,D96EF71C9CBA9C75,2022-02-16 13:57:18,41.638580159757815,103.88846581948381,1.3081788604074804
kml_3529,Changi-Simei,Town Council,EBE7AE466D52182F,2022-02-16 13:57:18,124.07239640450229,103.95406191260653,1.3454168330766925
kml_3530,Tampines,Town Council (Others),7866C35CB4B7B119,2022-02-16 13:57:18,34.76047244837894,103.95185138629407,1.353384068024404
kml_3531,Changi-Simei,Land Transport Authority,F7C962A2F3768212,2022-02-16 13:57:18,33.60013843081357,103.9574937819413,1.3445886892482468
kml_3532,Changi-Simei,Land Transport Authority,8BD421D5B04BEC2C,2022-02-16 13:57:18,43.07030832285914,103.95706994445149,1.3414252972090401
kml_3533,Changi-Simei,Land Transport Authority,E9E246AC87F0B058,2022-02-16 13:57:18,12.515045184901542,103.95748952946802,1.341779330980005
kml_3534,Changi-Simei,Land Transport Authority,EE552B03C4B83571,2022-02-16 13:57:18,31.799012487021432,103.95781353824209,1.3420510474144776
kml_3535,Changi-Simei,Land Transport Authority,C5550ED26344F0BB,2022-02-16 13:57:18,16.791622270680072,103.9565407619372,1.3446512731273312
kml_3536,Changi-Simei,Land Transport Authority,8A22AD6355549BDA,2022-02-16 13:57:18,28.92388320209649,103.95767269642023,1.3453682561719924
kml_3537,Changi-Simei,Land Transport Authority,F49B16567ACD1072,2022-02-16 13:57:18,32.277969896377,103.95577270243227,1.3423885580374635
kml_3538,Changi-Simei,Land Transport Authority,33990740B2D2867B,2022-02-16 13:57:18,25.00106447473428,103.95754523494558,1.3435916749850887
kml_3539,Changi-Simei,Land Transport Authority,CAB7ADE907994B25,2022-02-16 13:57:18,38.3591720733815,103.95716285886611,1.3446087714541337
kml_3540,Changi-Simei,Land Transport Authority,93A61DA040C7176D,2022-02-16 13:57:18,12.77394058827852,103.956465814894,1.341552302621085
kml_3541,Changi-Simei,Land Transport Authority,DCC52B7AE5838416,2022-02-16 13:57:18,40.087462908894935,103.95626602801123,1.3445937725965242
kml_3542,Changi-Simei,Land Transport Authority,D5CD7063AE92D110,2022-02-16 13:57:18,110.13350147286299,103.95885220773889,1.3410646973555909
kml_3543,Yishun,Land Transport Authority,FDDB9AF268581FD1,2022-02-16 13:57:18,9.116052507460115,103.83053609884867,1.4286155570002288
kml_3544,Ang Mo Kio,Land Transport Authority,7FB762B33E50E28C,2022-02-16 13:57:18,134.20420371782632,103.84463197178414,1.3690314139802302
kml_3545,Sengkang,Land Transport Authority,96B2150929C4B776,2022-02-16 13:57:18,125.74083019382398,103.88408598308553,1.397987944329224
kml_3546,Ang Mo Kio,LTA (Others),A0700DC7A15F7418,2022-02-16 13:57:18,5.743181047152335,103.849601454469,1.362691342338495
kml_3547,Ang Mo Kio,Land Transport Authority,209B470335564BEB,2022-02-16 13:57:18,187.93049441031013,103.83866376182962,1.36562918950059
kml_3548,Ang Mo Kio,LTA (Others),D4F0D96FBA76ABE9,2022-02-16 13:57:18,5.985193476372263,103.83741993451538,1.3693141154933426
kml_3549,Ang Mo Kio,Land Transport Authority,4790E90DD1D040D2,2022-02-16 13:57:18,97.04849951648877,103.84602580440634,1.3688632468038284
kml_3550,Sengkang,Land Transport Authority,3EB03912B8257E8E,2022-02-16 13:57:18,60.033057954257515,103.8844451797226,1.385937748158193
kml_3551,Ang Mo Kio,LTA (Others),F96A52CECBFEA70F,2022-02-16 13:57:18,3.593027551948743,103.84142105421165,1.3646687736665726
kml_3552,Ang Mo Kio,Land Transport Authority,43224ABB17A19F1D,2022-02-16 13:57:18,29.264517478411726,103.8450798178915,1.3643666643479149
kml_3553,Ang Mo Kio,LTA (Others),E5A30C9ACD122887,2022-02-16 13:57:18,7.259442818379424,103.8427839248865,1.36926012598576
kml_3554,Yishun,Land Transport Authority,4F4730313D80EEC7,2022-02-16 13:57:18,45.24847805302639,103.83132060071104,1.413916159021228
kml_3555,Ang Mo Kio,Land Transport Authority,82CDC61F16957572,2022-02-16 13:57:18,31.478023125307356,103.84806205254364,1.3635084550247525
kml_3556,Sengkang,Land Transport Authority,DC55760CD1F237FC,2022-02-16 13:57:18,254.43816741058671,103.885781386058,1.397779606596
kml_3557,Ang Mo Kio,Land Transport Authority,194F2C12D9EEB7DA,2022-02-16 13:57:18,137.93656791072092,103.83606077750137,1.3672656717236393
kml_3558,Changi-Simei,LTA (Others),5CE5C2668990FC91,2022-02-16 13:57:18,1.7530411743802858,103.955347933138,1.34289715088418
kml_3559,Tampines,Town Council (Others),941F489FD5A4C795,2022-02-16 13:57:18,11.542608490684627,103.951686889553,1.3535363258344952
kml_3560,Yishun,LTA (Others),0FD284E0775E7CD4,2022-02-16 13:57:18,2.076546021232299,103.8341757310425,1.430593885587295
kml_3561,Yishun,Land Transport Authority,72CD31D59C761E3F,2022-02-16 13:57:18,49.40022543431478,103.83948626802034,1.4319070678080932
kml_3562,Yishun,LTA (Others),72CC10B1EE00F382,2022-02-16 13:57:18,3.369501267220053,103.8307250706305,1.4284417642323999
kml_3563,Jurong Lake District - Taman Jurong,LTA (Others),26D5C7DADB3AA6F6,2022-11-30 14:41:12,32.74169140028084,103.72480442403948,1.33131448636313
kml_3564,Jurong Lake District - Taman Jurong,LTA (Others),6F7CA532EF6853AC,2022-11-30 14:41:12,21.923892971463147,103.7226988818128,1.3275585502012814
kml_3565,Jurong Lake District - Taman Jurong,Land Transport Authority,8FCB8CED9D2C14A6,2022-11-30 14:41:12,44.31016020016222,103.72270853013838,1.3277997084985027
kml_3566,Tampines,Land Transport Authority,781A82996EA99EDC,2022-11-30 14:41:12,115.2627841366005,103.9290352218223,1.3495130107258855
kml_3567,Tampines,Land Transport Authority,52E810CE2D05875E,2022-11-30 14:41:12,201.5026533670689,103.929710149823,1.350774046794525
kml_3568,Yishun,Land Transport Authority,973D340811F4945A,2022-11-30 14:41:13,122.14295886540053,103.85032829003458,1.4289287166926858
kml_3569,Yishun,Land Transport Authority,0E42CDC02395464F,2022-11-30 14:41:13,249.5336736076278,103.8516391569943,1.4277010561156775
kml_3570,Yishun,Land Transport Authority,A28C636F442B8556,2022-11-30 14:41:13,101.0945450269709,103.85195767332216,1.428702893238683
kml_3571,Yishun,LTA (Others),63915C35BF17013A,2022-11-30 14:41:13,39.070873873450665,103.85152208616252,1.428245625408455
kml_3572,Yishun,LTA (Others),074CA7F595EFC113,2022-11-30 14:41:13,36.22745756774167,103.851933086247,1.4259578878207901
kml_3573,Yishun,LTA (Others),8C0C1E54D5556D4E,2022-11-30 14:41:13,23.682876580744324,103.850877315167,1.428622857774565
kml_3574,Yishun,LTA (Others),03A007A1D6A415A7,2022-11-30 14:41:13,51.004095173948144,103.84972572820101,1.4251960781202802
kml_3575,Yishun,Land Transport Authority,8A14738DC0DD9B04,2022-11-30 14:41:13,53.74359349259171,103.85261678104914,1.4246802276060826
kml_3576,Yishun,Land Transport Authority,BB91E579226E089C,2022-11-30 14:41:13,74.19841552607926,103.8522654586901,1.424222552844013
kml_3577,Ang Mo Kio,Land Transport Authority,05525A40298A258F,2022-02-16 13:57:18,96.3084674165169,103.84367879285331,1.3644351328334117
kml_3578,Ang Mo Kio,LTA (Others),73BCBECF67AF2E66,2022-02-16 13:57:18,7.512102614824311,103.8482089449245,1.36859211811279
kml_3579,Changi-Simei,LTA (Others),3183F45B27864F40,2022-02-16 13:57:18,1.3835540836003482,103.957340698921,1.34459269501526
kml_3580,Bedok,Land Transport Authority,F1DA0467FC470C6B,2022-02-16 13:57:18,285.8685180511145,103.91404439934516,1.3202469830575938
kml_3581,Ang Mo Kio,LTA (Others),B2C16652A253D655,2022-02-16 13:57:18,18.003634840748795,103.84527850576276,1.3643174830889573
kml_3582,Sembawang,Town Council,25661A4B743DE1C6,2022-02-16 13:57:18,89.23139684251721,103.8208324220596,1.4498130141328738
kml_3583,Jurong Lake District - Taman Jurong,Land Transport Authority,B91495C4A18102BB,2022-11-30 14:41:13,7.0607562812851175,103.72484749682656,1.3326358576365747
kml_3584,Jurong Lake District - Taman Jurong,LTA (Others),4BCD5D5BF5D67E8F,2022-11-30 14:41:13,6.3943883990030335,103.71991116125051,1.334418718953205
kml_3585,Jurong Lake District - Taman Jurong,Land Transport Authority,57FFA13174FE423E,2022-11-30 14:41:13,35.66458482691844,103.71960346661936,1.3387244777054426
kml_3586,Bukit Panjang,Land Transport Authority,5639623D2FB12B2F,2022-11-30 14:41:13,37.172070344955316,103.76695533439752,1.3890039080680077
kml_3587,Bukit Panjang,Land Transport Authority,7E07D36FAC02FF90,2022-11-30 14:41:13,139.1086995931252,103.76763184704996,1.3887411797113831
kml_3588,Punggol,Land Transport Authority,31A3415E0445D024,2022-11-30 14:41:12,89.157456377782,103.90685511970908,1.3988636780650423
kml_3589,Jurong Lake District - Taman Jurong,LTA (Others),510C44ED0E799DC8,2022-11-30 14:41:12,7.1987206083315884,103.7249135122845,1.334283338524765
kml_3590,Jurong Lake District - Taman Jurong,Land Transport Authority,BBDE3AAE0489D9D8,2022-11-30 14:41:12,5.953949900439343,103.72491628082949,1.33434274715242
kml_3591,Jurong Lake District - Taman Jurong,Land Transport Authority,09292A12B550A333,2022-11-30 14:41:12,3.357096631584248,103.7249112899975,1.334235659508455
kml_3592,Jurong Lake District - Taman Jurong,LTA (Others),88E09AFAC450A8D5,2022-11-30 14:41:12,69.05775324788353,103.72248366538096,1.3345433558282733
kml_3593,Jurong Lake District - Taman Jurong,LTA (Others),F72B9EC7E4AC32D3,2022-11-30 14:41:12,11.762887955914167,103.723301538645,1.33768323135188
kml_3594,Jurong Lake District - Taman Jurong,Land Transport Authority,7C5E30ED32B5FB40,2022-11-30 14:41:12,8.892642531545992,103.720837727634,1.33842506719822
kml_3595,Jurong Lake District - Taman Jurong,Land Transport Authority,231B92C4C404DDB0,2022-11-30 14:41:12,30.27657896747732,103.7234503975602,1.3325635565382954
kml_3596,Jurong Lake District - Taman Jurong,LTA (Others),69B7EE5036AD6AD3,2022-11-30 14:41:12,9.944321622250172,103.723165215001,1.3307747479286451
kml_3597,Jurong Lake District - Taman Jurong,LTA (Others),71187D211BABB1A4,2022-11-30 14:41:12,30.812696579572922,103.72352780715178,1.3323005409043795
kml_3598,Jurong Lake District - Taman Jurong,Land Transport Authority,BDDA434C129D8EC4,2022-11-30 14:41:12,70.09588717145229,103.7235471413067,1.3318506097910536
kml_3599,Jurong Lake District - Taman Jurong,LTA (Others),2EF666BA0C4D644C,2022-11-30 14:41:12,13.602838738539576,103.722682341568,1.327145133974035
kml_3600,Jurong Lake District - Taman Jurong,LTA (Others),9AA0F55DD0A72BEB,2022-11-30 14:41:12,8.172129284937204,103.72269904328999,1.327562585479185
kml_3601,Jurong Lake District - Taman Jurong,Land Transport Authority,7A5DB06E296E86D6,2022-11-30 14:41:12,193.83254077266162,103.72087724815115,1.3326493148761305
kml_3602,Jurong Lake District - Taman Jurong,Land Transport Authority,6689342AF61AC8F2,2022-11-30 14:41:12,20.292905723318835,103.71809250120242,1.3368840414940952
kml_3603,Jurong Lake District - Taman Jurong,Land Transport Authority,39A629CC32292487,2022-11-30 14:41:12,84.17859585533185,103.71968046723333,1.334755773854376
kml_3604,Jurong Lake District - Taman Jurong,Land Transport Authority,2D922DD62A9029C9,2022-11-30 14:41:12,44.83113178884052,103.7200285518814,1.3342200339729116
kml_3605,Jurong Lake District - Taman Jurong,LTA (Others),4146DF7A98E58256,2022-11-30 14:41:12,14.3432647540619,103.72362713270499,1.33446846345597
kml_3606,Jurong Lake District - Taman Jurong,LTA (Others),4640629DCA588900,2022-11-30 14:41:12,7.005154432388117,103.72167702082,1.3342463314749
kml_3607,Tampines,Land Transport Authority,D26108764287D0D4,2022-02-16 13:57:18,91.29900582755353,103.94985984663036,1.3598137246304804
kml_3608,Tampines,Land Transport Authority,0D50ADF6687D2481,2022-02-16 13:57:18,8.23167421201808,103.95521992265589,1.3531512272099815
kml_3609,Pasir Ris,Land Transport Authority,443447DE67EC4022,2022-02-16 13:57:18,33.24405664101326,103.95092059315162,1.3726519823692276
kml_3610,Pasir Ris,Land Transport Authority,90745C643F4A2066,2022-02-16 13:57:18,13.095796875442685,103.93430310602598,1.3802886841357402
kml_3611,Pasir Ris,Land Transport Authority,B844FCE4A7827F5D,2022-02-16 13:57:18,42.33652474044271,103.94124237133141,1.377707187824438
kml_3612,Tampines,Land Transport Authority,61C06C9069A6A120,2022-02-16 13:57:18,31.116593052165655,103.93824174219313,1.3503219408634206
kml_3613,Yishun,Land Transport Authority,A5DE6290B5909FBA,2022-02-16 13:57:18,23.154007622944576,103.832005219303,1.419654340625115
kml_3614,Pasir Ris,Land Transport Authority,B3BEE7812A3C890B,2022-02-16 13:57:18,18.615426183649987,103.93628901189754,1.383721563237417
kml_3615,Tampines,Land Transport Authority,8685E8FF3228FCB9,2022-02-16 13:57:18,106.78590559930225,103.93837185928,1.355641109068305
kml_3616,Pasir Ris,Land Transport Authority,D0D041C3EB62AC9A,2022-02-16 13:57:18,28.100965328600363,103.960766178323,1.367121532767585
kml_3617,Tampines,Land Transport Authority,ACAF56F768CDD7C2,2022-02-16 13:57:18,49.84201368505636,103.95479397004722,1.3610869618608656
kml_3618,Pasir Ris,Land Transport Authority,11B24497B884FDFC,2022-02-16 13:57:18,80.63146628826382,103.9584158682242,1.3652146418112425
kml_3619,Pasir Ris,Land Transport Authority,9B09B72B55D1E34E,2022-02-16 13:57:18,33.536890635964994,103.96004530058262,1.3687496459610293
kml_3620,Pasir Ris,Land Transport Authority,1C34742FF7BEBD17,2022-02-16 13:57:18,13.789614434747653,103.94613123294405,1.372741841764352
kml_3621,Pasir Ris,Land Transport Authority,BD9B6A7954995583,2022-02-16 13:57:18,25.152590684466595,103.963787944727,1.3641285956328248
kml_3622,Tampines,Land Transport Authority,4FB237DBABD09169,2022-02-16 13:57:18,47.511074083190906,103.9451493494141,1.351856377738541
kml_3623,Pasir Ris,Land Transport Authority,06A3E077FDE4BC0D,2022-02-16 13:57:18,17.802104262178823,103.96264578511555,1.3652607203819433
kml_3624,Jurong Lake District - Taman Jurong,Land Transport Authority,B777C5D697805782,2022-11-30 14:41:12,119.4210501188776,103.7226937251515,1.339668795703135
kml_3625,Jurong Lake District - Taman Jurong,LTA (Others),1DB6E611983A7056,2022-11-30 14:41:12,8.270793796467695,103.721593169381,1.338908952774435
kml_3626,Jurong Lake District - Taman Jurong,Land Transport Authority,5470C653E7351FC1,2022-11-30 14:41:12,57.88789823898986,103.72325635220552,1.3310658838184377
kml_3627,Jurong Lake District - Taman Jurong,Land Transport Authority,BB9DADECBE1D8EBB,2022-11-30 14:41:12,14.891352167935114,103.72126512495682,1.3314324517095808
kml_3628,Jurong Lake District - Taman Jurong,Land Transport Authority,81607BB06C16FB1F,2022-11-30 14:41:12,107.5970891569365,103.72124559147224,1.3308832233375212
kml_3629,Jurong Lake District - Taman Jurong,LTA (Others),72645A5EB592D796,2022-11-30 14:41:12,26.97894863917237,103.7233821219625,1.332812841196255
kml_3630,Jurong Lake District - Taman Jurong,LTA (Others),4E02AD9553A04A8D,2022-11-30 14:41:12,45.814513154457565,103.72279253458099,1.329514116203295
kml_3631,Jurong Lake District - Taman Jurong,Land Transport Authority,B82810725DEF2B02,2022-11-30 14:41:12,110.07359832548067,103.72283141093412,1.3404940709115287
kml_3632,Jurong Lake District - Taman Jurong,Land Transport Authority,39FA3CDCB780C30E,2022-11-30 14:41:12,65.48842250727382,103.72213314839492,1.3410611973737798
kml_3633,Jurong Lake District - Taman Jurong,Land Transport Authority,BBCAA642001CCC03,2022-11-30 14:41:12,36.69458459200533,103.7217418043387,1.341291725051239
kml_3634,Jurong Lake District - Taman Jurong,Land Transport Authority,EDB2A29316AB7E76,2022-11-30 14:41:12,132.8961021468723,103.72422175065773,1.3315141048139854
kml_3635,Jurong Lake District - Taman Jurong,Land Transport Authority,6BA94B8FC2A90554,2022-11-30 14:41:12,127.05476802774945,103.72485784444595,1.3320305290499719
kml_3636,Jurong Lake District - Taman Jurong,Land Transport Authority,611A511459494C48,2022-11-30 14:41:12,32.52688248278379,103.72151223304722,1.32658300560495
kml_3637,Jurong Lake District - Taman Jurong,Land Transport Authority,11D63756590EFB89,2022-11-30 14:41:12,24.616053467753513,103.7241472607575,1.3344587960416852
kml_3638,Jurong Lake District - Taman Jurong,LTA (Others),02BB009BF1DDCA6C,2022-11-30 14:41:12,5.558082169498138,103.7204372945655,1.3341664450822348
kml_3639,Pasir Ris,Land Transport Authority,D28E3DCD39702E24,2022-02-16 13:57:18,30.313455643648588,103.94355270436245,1.3780258282879654
kml_3640,Yishun,Land Transport Authority,CB4CB1F6DF832D4F,2022-02-16 13:57:18,33.403947907696875,103.83814009172258,1.4279335403569506
kml_3641,Yishun,Land Transport Authority,ED4F9C24B0D7A3D0,2022-02-16 13:57:18,45.17820086828525,103.83820034348618,1.427622807279671
kml_3642,Yishun,Land Transport Authority,F121916CA4B12113,2022-02-16 13:57:18,42.962615067645615,103.8375643227895,1.42822674025134
kml_3643,Yishun,Land Transport Authority,FCC7045D1FEB0FE3,2022-02-16 13:57:18,36.13917859434548,103.83086736016594,1.4283367092172023
kml_3644,Pasir Ris,Land Transport Authority,A3A7D5EE87495801,2022-02-16 13:57:18,17.530922148314517,103.94769120286001,1.3756639366897399
kml_3645,Pasir Ris,Land Transport Authority,EAFBF3C77755D9BD,2022-02-16 13:57:18,20.45309294789065,103.94786568563622,1.3755785322581535
kml_3646,Sembawang,LTA (Others),DF4DBCB552E125FF,2022-02-16 13:57:18,1.207541182106428,103.818470977251,1.4510240509790449
kml_3647,Sembawang,LTA (Others),0566C0D416554AD5,2022-02-16 13:57:18,1.2354494925111568,103.81862008528698,1.45110161741908
kml_3648,Sembawang,LTA (Others),A4B14F5A725D87A2,2022-02-16 13:57:18,8.944684141667551,103.8190969180415,1.45128541973454
kml_3649,Sembawang,LTA (Others),C944258E5D36E2E3,2022-02-16 13:57:18,1.5146041638578702,103.819282386418,1.451405883945265
kml_3650,Sembawang,LTA (Others),3EFB4D1D87C5B2CD,2022-02-16 13:57:18,1.4474420705913706,103.8196785648335,1.4515917362770847
kml_3651,Sembawang,LTA (Others),56E4A664C3E0A231,2022-02-16 13:57:18,1.5656553181414479,103.819425406855,1.451495733360805
kml_3652,Tampines,Town Council,9BA54AC5A6A3D3F4,2022-02-16 13:57:18,103.13407344146187,103.93406545445221,1.3519678602120715
kml_3653,Tampines,Town Council,0B6D5B082431E449,2022-02-16 13:57:18,20.4305850640404,103.93604205069202,1.350550150902805
kml_3654,Tampines,Town Council,C7A950731EEA388F,2022-02-16 13:57:18,87.32272316040664,103.95841182585377,1.3536958253824392
kml_3655,Jurong West,Town Council,85C184912EF7BC34,2022-02-16 13:57:18,94.56950641319462,103.69938662812416,1.3498926974512369
kml_3656,Yishun,LTA (Others),F9BDA23A0B83E208,2022-02-16 13:57:18,4.722187006624449,103.841589734726,1.427164025787065
kml_3657,Yishun,LTA (Others),69F5C22BEE1F59BE,2022-02-16 13:57:18,4.862009540259998,103.8420354997605,1.42703752262476
kml_3658,Yishun,LTA (Others),866C883D9E3AA8FF,2022-02-16 13:57:18,5.371613490787811,103.842429383211,1.42680302587975
kml_3659,Yishun,LTA (Others),8EFE2C854131E009,2022-02-16 13:57:18,6.017314115500122,103.84251156095249,1.42672848788404
kml_3660,Punggol,LTA (Others),807CF8BC5CE7A90B,2022-02-16 13:57:18,8.05698632180486,103.9155798080475,1.3964325024976398
kml_3661,Ang Mo Kio,Land Transport Authority,A74036A10994F4EB,2022-02-16 13:57:18,84.29055485726366,103.83762413443816,1.3846077561111472
kml_3662,Punggol,LTA (Others),54765D551657FFA2,2022-02-16 13:57:18,7.187890757232336,103.91593929202651,1.39619048902015
kml_3663,Hougang,Land Transport Authority,63783C0AAA50C870,2022-02-16 13:57:18,25.261816277125835,103.88691489520922,1.374715652373383
kml_3664,Ang Mo Kio,Land Transport Authority,7EB2168365157C29,2022-02-16 13:57:18,82.63382230932082,103.83748866000158,1.3738849252210388
kml_3665,Hougang,Land Transport Authority,816E4D3107DCBA7B,2022-02-16 13:57:18,65.3878987554945,103.886418116243,1.37478281505676
kml_3666,Sembawang,Town Council,C36860D771171C80,2022-02-16 13:57:18,11.1348089725974,103.82010151517804,1.4446227867728936
kml_3667,Sembawang,Land Transport Authority,9086A75D41E79F27,2022-02-16 13:57:18,342.05766061168646,103.82851749714507,1.4406205259860136
kml_3668,Sembawang,LTA (Others),E7FADEB9017DFA82,2022-02-16 13:57:18,14.421894754690252,103.8244460959275,1.441503468948015
kml_3669,Ang Mo Kio,Land Transport Authority,5FF6BE94CE47051F,2022-02-16 13:57:18,113.8640349791387,103.836755345829,1.383040720604615
kml_3670,Sembawang,Land Transport Authority,5EAAEFD89119767A,2022-02-16 13:57:18,278.73048570416364,103.82807262528732,1.4432607207757693
kml_3671,Sembawang,Land Transport Authority,A459315D3F534176,2022-02-16 13:57:18,97.46486479395378,103.82385759151934,1.444408933455373
kml_3672,Hougang,Land Transport Authority,37124C3E49BD7F98,2022-02-16 13:57:18,28.701239866254568,103.88524608403783,1.3749291413273865
kml_3673,Yishun,Land Transport Authority,F83F79D3D5FF5E93,2022-11-30 14:41:13,60.062866735192635,103.851603634266,1.4235629275323198
kml_3674,Yishun,Land Transport Authority,4E42A739F5D41BF8,2022-11-30 14:41:13,36.64831454860013,103.85192472480531,1.4238573679059028
kml_3675,Yishun,Land Transport Authority,489ECE9DA279641F,2022-11-30 14:41:13,32.44971966437875,103.851287171418,1.4232918438171
kml_3676,Yishun,LTA (Others),7552EB3EDCFF8A31,2022-11-30 14:41:13,47.63780126457566,103.85288506300542,1.425017566898103
kml_3677,Yishun,LTA (Others),3A19D0C32EF9ED29,2022-11-30 14:41:13,39.44306238890801,103.84962508064105,1.4236756331351137
kml_3678,Yishun,LTA (Others),B6EF4CBEF787E218,2022-11-30 14:41:13,9.509265401520645,103.8496643949245,1.427883716674885
kml_3679,Yishun,LTA (Others),A12768420F25E8FA,2022-11-30 14:41:13,18.768683021884307,103.84973226149665,1.428930166215449
kml_3680,Yishun,Land Transport Authority,CAC4EB9D7B3A210A,2022-11-30 14:41:13,39.98062470683929,103.84965774606147,1.42630165738996
kml_3681,Yishun,Land Transport Authority,006832FD96D55777,2022-11-30 14:41:13,36.717509596528245,103.84957483429099,1.42945847197245
kml_3682,Yishun,Land Transport Authority,94A4738B9E2E0DDC,2022-11-30 14:41:13,75.75796151593721,103.84952600062813,1.4301598224901992
kml_3683,Yishun,Land Transport Authority,BB20182AA9074A42,2022-11-30 14:41:13,21.850493701376717,103.84956518840599,1.42972312777321
kml_3684,Yishun,LTA (Others),B7A9CEB8535F4144,2022-11-30 14:41:13,50.63430272356856,103.84960801060754,1.4290789464045903
kml_3685,Yishun,LTA (Others),48F6F1975DF6839A,2022-11-30 14:41:13,10.672152019482942,103.84979647678098,1.4230132476446953
kml_3686,Yishun,Land Transport Authority,40421DDC5BEF0648,2022-11-30 14:41:13,19.113539024043696,103.84979620284507,1.4235796207806717
kml_3687,Yishun,Land Transport Authority,F3CE5417ABA91790,2022-11-30 14:41:13,47.793801066403475,103.84979411573572,1.4232773684822264
kml_3688,Yishun,Land Transport Authority,6FC03B877DBF89D4,2022-11-30 14:41:13,144.3534307526421,103.84975622541134,1.424316286491949
kml_3689,Yishun,Land Transport Authority,4E88983300B445AA,2022-11-30 14:41:13,81.64529486551524,103.84991666406519,1.4226249380724318
kml_3690,Yishun,Land Transport Authority,D89BE7B32E8EBAB0,2022-11-30 14:41:13,149.7035187829325,103.85067653168076,1.42274717851227
kml_3691,Jurong Lake District - Taman Jurong,Land Transport Authority,8886D2B596878A46,2022-11-30 14:41:12,49.65556748313121,103.72220475235363,1.3342534857259751
kml_3692,Bukit Panjang,Land Transport Authority,6ED05275A56AF6F8,2022-11-30 14:41:13,49.865108408185606,103.76863397799175,1.3882630907451403
kml_3693,Bukit Panjang,Land Transport Authority,CBC880A34D7402C4,2022-11-30 14:41:13,53.130306837821465,103.7690380959391,1.3880509630902556
kml_3694,Bukit Panjang,Land Transport Authority,569FE3A75F671EF6,2022-11-30 14:41:13,10.086798575861774,103.76932798674837,1.3879047000160443
kml_3695,Bukit Panjang,Land Transport Authority,4907B2CCBB2A9E19,2022-11-30 14:41:13,67.95035991135391,103.77009778916351,1.38741857027141
kml_3696,Bukit Panjang,Land Transport Authority,F110D3FC89C1AFFD,2022-11-30 14:41:13,80.757677472762,103.77072281459064,1.3870357214328781
kml_3697,Tampines,Land Transport Authority,5864B90C7AAF8C42,2022-11-30 14:41:13,728.400052144177,103.94207237015479,1.3670843465144336
kml_3698,Tampines,Land Transport Authority,B41E4E1B72CD2021,2022-11-30 14:41:13,645.3197322758455,103.94171892484242,1.3653888697236556
kml_3699,Jurong Lake District - Taman Jurong,Land Transport Authority,BC1C3CD37B625B45,2022-11-30 14:41:12,3.362074539976667,103.71977659342551,1.33874509276033
kml_3700,Jurong Lake District - Taman Jurong,Land Transport Authority,5B9FFB80C9EAA528,2022-11-30 14:41:12,1.8158067547427388,103.721320345903,1.33872924064875
kml_3701,Jurong Lake District - Taman Jurong,LTA (Others),733F945362EB88AE,2022-11-30 14:41:12,20.1406693168755,103.7249808998155,1.3358968407214649
kml_3702,Jurong Lake District - Taman Jurong,Land Transport Authority,E6AA596F9A021EC4,2022-11-30 14:41:12,17.06532101104773,103.72258751885155,1.3266216268121405
kml_3703,Jurong Lake District - Taman Jurong,Land Transport Authority,A13CC361A6449B23,2022-11-30 14:41:12,1.2936335573757527,103.7202748150385,1.3356425054913201
kml_3704,Jurong Lake District - Taman Jurong,Land Transport Authority,25DD73A77D09502D,2022-11-30 14:41:12,2.7201684472431036,103.71992915708799,1.3357224839692798
kml_3705,Jurong Lake District - Taman Jurong,LTA (Others),A06598A53C6DB63A,2022-11-30 14:41:12,7.913447687707408,103.7219475072875,1.334243538931745
kml_3706,Jurong Lake District - Taman Jurong,LTA (Others),248EE22AE5497343,2022-02-16 13:57:18,6.513620208151508,103.72026780657751,1.3492123050239448
kml_3707,Jurong Lake District - Taman Jurong,Land Transport Authority,1D91525D01DCE466,2022-02-16 13:57:18,62.19932786367348,103.723296617537,1.3482251781607
kml_3708,Jurong Lake District - Taman Jurong,Land Transport Authority,C04C2F30348CFA75,2022-02-16 13:57:18,64.49043390022534,103.72593217559036,1.3472198145552299
kml_3709,Jurong Lake District - Taman Jurong,LTA (Others),524DC0EA84273A4B,2022-02-16 13:57:18,44.03181611963343,103.72530993581852,1.35004989503942
kml_3710,Jurong Lake District - Taman Jurong,Land Transport Authority,8E023E62D3DAB100,2022-02-16 13:57:18,7.975725076078372,103.730270292779,1.34503718157996
kml_3711,Jurong Lake District - Taman Jurong,Land Transport Authority,573B3F13DA1FD89C,2022-02-16 13:57:18,38.756126366096204,103.73390992090121,1.3445663444228255
kml_3712,Jurong Lake District - Taman Jurong,Land Transport Authority,C7AAB30B7A5E86B0,2022-02-16 13:57:18,8.99769186832397,103.73458005627302,1.34422762626052
kml_3713,Yishun,Land Transport Authority,A4B65A2A9387AC9A,2022-02-16 13:57:18,15.116613515852213,103.82963246031723,1.4334442226867385
kml_3714,Pasir Ris,Land Transport Authority,448ACD1F6F8A4ADC,2022-02-16 13:57:18,13.05204625674967,103.95688903169557,1.3698844061316147
kml_3715,Pasir Ris,Land Transport Authority,B4FF6B267663583F,2022-02-16 13:57:18,46.84483105430518,103.9405056435865,1.375513506936505
kml_3716,Pasir Ris,Land Transport Authority,981B50A186A53BA5,2022-02-16 13:57:18,48.66470826846689,103.96095303760237,1.3640925582831809
kml_3717,Tampines,Land Transport Authority,33F4E226F457FE3A,2022-02-16 13:57:18,34.26019198594184,103.93988204938849,1.35157368306481
kml_3718,Pasir Ris,Land Transport Authority,3E6FB7248A953DB5,2022-02-16 13:57:18,34.64555985987854,103.93939850843499,1.37633556451235
kml_3719,Tampines,Land Transport Authority,5B9A963D58D09B8D,2022-02-16 13:57:18,38.325772098469585,103.94742609477495,1.3586225362135695
kml_3720,Tampines,Land Transport Authority,D4916B564A9E9E92,2022-02-16 13:57:18,14.94321129772029,103.953860367558,1.3619408079956863
kml_3721,Tampines,Land Transport Authority,697386B7DD1FE444,2022-02-16 13:57:18,38.46434602314652,103.95247890708042,1.3619824783166827
kml_3722,Pasir Ris,Land Transport Authority,A4AA0FC440EDC67A,2022-02-16 13:57:18,3.880247367436183,103.95687934273279,1.3700230491452632
kml_3723,Pasir Ris,Land Transport Authority,BDF66E07D5E88539,2022-02-16 13:57:18,76.17987371233741,103.95621565006748,1.3729835048456354
kml_3724,Pasir Ris,Land Transport Authority,981C82CD1A26CFF8,2022-02-16 13:57:18,41.189226459397965,103.95741936897353,1.368977554995141
kml_3725,Pasir Ris,Land Transport Authority,56DECBEB37D4F0A3,2022-02-16 13:57:18,25.893475945631767,103.95486566597883,1.3694200953092899
kml_3726,Yishun,Land Transport Authority,415448903EA4AED8,2022-02-16 13:57:18,34.00806303845857,103.82961653522703,1.433696734384498
kml_3727,Tampines,Land Transport Authority,4021EB25534CD5D8,2022-02-16 13:57:18,61.4917550612854,103.9553259487978,1.3601991225432981
kml_3728,Pasir Ris,Land Transport Authority,16605446B47CBC07,2022-02-16 13:57:18,269.21937726298694,103.95237107590604,1.3695494457232023
kml_3729,Tampines,Land Transport Authority,41BE8CBFF010F521,2022-02-16 13:57:18,18.875900387773566,103.94910279699013,1.3589174165617715
kml_3730,Yishun,Land Transport Authority,147CDA2D0E290E8A,2022-02-16 13:57:18,29.821972794340297,103.82971618464565,1.432155573816534
kml_3731,Jurong Lake District - Taman Jurong,LTA (Others),9EB12F25A7C1909D,2022-11-30 14:41:12,4.4696398680277145,103.71937236508798,1.3370861922939552
kml_3732,Jurong Lake District - Taman Jurong,LTA (Others),0D7C3293E93D64ED,2022-11-30 14:41:12,32.420994667904374,103.7189052350425,1.33839910024797
kml_3733,Jurong Lake District - Taman Jurong,Land Transport Authority,024534DB1ADD8B85,2022-11-30 14:41:12,146.32601683047102,103.72156773069696,1.343640517522281
kml_3734,Jurong Lake District - Taman Jurong,Land Transport Authority,1342265A0D736ED7,2022-11-30 14:41:12,37.96355693213503,103.72010206110218,1.3356672638283782
kml_3735,Jurong Lake District - Taman Jurong,Land Transport Authority,668D2282F6B7EDB6,2022-11-30 14:41:12,46.30344717784827,103.72048853461008,1.3356370141329978
kml_3736,Jurong Lake District - Taman Jurong,Land Transport Authority,8DFC717472D3A7C4,2022-11-30 14:41:12,9.539008443066233,103.72147869330799,1.338836881111845
kml_3737,Sembawang,Town Council,541284A5D33B36EF,2022-02-16 13:57:18,230.29848382572348,103.81647034835912,1.4529216614387952
kml_3738,Sembawang,Town Council,AA1A3756FBB6D867,2022-02-16 13:57:18,40.95837306902225,103.81949977053638,1.4529280753640854
kml_3739,Sembawang,Town Council,BCBC264D6A8994B7,2022-02-16 13:57:18,317.8438639803357,103.81471813766439,1.4575765408451318
kml_3740,Sembawang,Town Council,F25CD2D76A0BC33B,2022-02-16 13:57:18,4.841631587560129,103.81493639634381,1.4589383951930766
kml_3741,Sembawang,Town Council,B05648F08A4A2B1B,2022-02-16 13:57:18,115.50470655155604,103.81534740545379,1.4538714125848715
kml_3742,Sembawang,Town Council,0009D60F8EB5A078,2022-02-16 13:57:18,141.14709570655256,103.81749748915865,1.4516186689251682
kml_3743,Sembawang,Town Council,61187F5EEBE244CB,2022-02-16 13:57:18,4.7499500745568906,103.81754964709252,1.45062185294474
kml_3744,Sembawang,Town Council,3F04DD2D7D7ACFDA,2022-02-16 13:57:18,6.686360296880572,103.81749988788373,1.4506302788206797
kml_3745,Marina Bay,Land Transport Authority,412958C0D3358D57,2022-02-16 13:57:18,69.50623137386123,103.85561162977591,1.2800015875673976
kml_3746,Marina Bay,Land Transport Authority,F02F86548803E4B0,2022-02-16 13:57:18,62.70195721616903,103.85524736257432,1.2803398986608412
kml_3747,Marina Bay,Land Transport Authority,5E3CC98801A5D578,2022-02-16 13:57:18,154.27600682328554,103.85447134186843,1.280737793169
kml_3748,Pasir Ris,Land Transport Authority,0E4E9B3E622DDD22,2022-02-16 13:57:18,15.713997200182186,103.94494182924001,1.377152812976385
kml_3749,Pasir Ris,Land Transport Authority,CE42FD2359410228,2022-02-16 13:57:18,21.89554665052153,103.94618137643064,1.3764615835193896
kml_3750,Pasir Ris,Land Transport Authority,AA41FD4720107995,2022-02-16 13:57:18,78.13504546435901,103.94211512881098,1.3790996794466515
kml_3751,Tampines,Land Transport Authority,19A04050CC787017,2022-02-16 13:57:18,49.47750000136875,103.94924131345147,1.3592106308828
kml_3752,Pasir Ris,Land Transport Authority,63FF14D25025B844,2022-02-16 13:57:18,19.07742731373272,103.95892183596398,1.368372419181021
kml_3753,Tampines,Land Transport Authority,1A5A0FBCF6A3468A,2022-02-16 13:57:18,60.10930752842682,103.94892762559216,1.3589042741017507
kml_3754,Pasir Ris,Land Transport Authority,CA8BDE58648F8C6B,2022-02-16 13:57:18,30.490911089295324,103.96048942890133,1.3721376338437508
kml_3755,Pasir Ris,Land Transport Authority,6BCBD747A091827B,2022-02-16 13:57:18,20.087403889966517,103.94286546501102,1.37402467586693
kml_3756,Yishun,Land Transport Authority,52C9E7D5AA32A204,2022-02-16 13:57:18,35.72108181622984,103.82963844700274,1.434021033297471
kml_3757,Tampines,Land Transport Authority,DC701508655AB11C,2022-02-16 13:57:18,8.796871250877,103.95523812647349,1.353238002709795
kml_3758,Tampines,Land Transport Authority,7367FA5B2FA3DDB6,2022-02-16 13:57:18,6.895408688880319,103.94178347502,1.348453176358035
kml_3759,Pasir Ris,Land Transport Authority,67A58874E9194099,2022-02-16 13:57:18,6.592638301433466,103.94207484557549,1.37437707223604
kml_3760,Tampines,Land Transport Authority,17B9B8AC22016B31,2022-02-16 13:57:18,11.687422232071702,103.95292015314715,1.3621192164723324
kml_3761,Pasir Ris,Land Transport Authority,71F4631349D5B7CB,2022-02-16 13:57:18,26.57545580903692,103.95937249639586,1.368123130943634
kml_3762,Pasir Ris,Land Transport Authority,8C6AA5C834ECB8F7,2022-02-16 13:57:18,4.042854688181714,103.95674055504401,1.3717063085122598
kml_3763,Pasir Ris,Land Transport Authority,B15C39B9ACF3C9BE,2022-02-16 13:57:18,33.022244603466035,103.9425287655515,1.378780606247015
kml_3764,Pasir Ris,LTA (Others),51158C990A782E3E,2022-02-16 13:57:18,1.7087200550568717,103.954536647176,1.3694223573321849
kml_3765,Pasir Ris,LTA (Others),1F4976C0E150E54D,2022-02-16 13:57:18,1.7049043244495214,103.95474187266299,1.3694253683555
kml_3766,Pasir Ris,LTA (Others),A9D9A6DC79D1EC05,2022-02-16 13:57:18,6.238445794628825,103.95500629936001,1.3694272915552501
kml_3767,Pasir Ris,LTA (Others),883EFB7E52B69F6B,2022-02-16 13:57:18,1.4785200987147962,103.95535882087549,1.369386697502955
kml_3768,Pasir Ris,LTA (Others),FD7D0FA6D3E03BC0,2022-02-16 13:57:18,2.18748047713523,103.95611283582,1.36928787798884
kml_3769,Pasir Ris,LTA (Others),2257F55449D76500,2022-02-16 13:57:18,1.496333183064365,103.9564425363175,1.3692290503006248
kml_3770,Pasir Ris,LTA (Others),8CEB978CA147E148,2022-02-16 13:57:18,1.5171373692941372,103.9568879530985,1.369601385255195
kml_3771,Pasir Ris,LTA (Others),17D96C7F6A0B86B9,2022-02-16 13:57:18,1.8219131113803768,103.9568161961435,1.36917126528076
kml_3772,Pasir Ris,LTA (Others),3577563DA77BFA44,2022-02-16 13:57:18,9.030852326462917,103.95436106812849,1.3694100018182152
kml_3773,Pasir Ris,LTA (Others),F5662186E9C80B5E,2022-02-16 13:57:18,1.5280959818754327,103.95689778651,1.369819315228505
kml_3774,Pasir Ris,LTA (Others),0908F54917A6730D,2022-02-16 13:57:18,1.6178151257921982,103.9568784014335,1.3699983803965998
kml_3775,Pasir Ris,LTA (Others),C529EBC7F69D1BFB,2022-02-16 13:57:18,2.871603455884951,103.956877321385,1.369955107627075
kml_3776,Pasir Ris,LTA (Others),075F962C74586F36,2022-02-16 13:57:18,1.6046210305783302,103.95691027397,1.3701361076749952
kml_3777,Sembawang,Town Council,2E38E9E7DA37B074,2022-02-16 13:57:18,193.89329842096654,103.81925412630817,1.4442879568466818
kml_3778,Punggol,LTA (Others),3D9EAAE369324973,2022-02-16 13:57:18,6.949448763326324,103.9100691952705,1.396201016561565
kml_3779,Punggol,LTA (Others),27781244298F6F85,2022-02-16 13:57:18,3.7301646680355645,103.90860453065551,1.397392685390715
kml_3780,Punggol,LTA (Others),A839E4FBA44F8630,2022-02-16 13:57:18,7.787154538935182,103.908144623809,1.3977714755595851
kml_3781,Punggol,LTA (Others),1FF6578EA457B8DC,2022-02-16 13:57:18,9.118201782422107,103.9060050741135,1.39951422598769
kml_3782,Punggol,Land Transport Authority,EA8E758B41260202,2022-02-16 13:57:18,83.04223641234901,103.89744372759282,1.4052634232181895
kml_3783,Punggol,LTA (Others),D59BC9A1BFC2A528,2022-02-16 13:57:18,2.0437331733263617,103.89733560077451,1.404894409126745
kml_3784,Punggol,Land Transport Authority,F77573A2678DB6A2,2022-02-16 13:57:18,59.2268963919305,103.89766561021767,1.405935708658338
kml_3785,Pasir Ris,Town Council (Others),57D790D80393CAA2,2022-11-30 14:41:12,13.84830384054871,103.95620877444891,1.3664870091795402
kml_3786,Tampines,Land Transport Authority,29AFFE4A7121D553,2022-11-30 14:41:13,294.0660580495911,103.93870872917647,1.366173247796388
kml_3787,Sengkang,Land Transport Authority,B15EAC840BB8404E,2022-11-30 14:41:13,32.02635975618042,103.87529499611003,1.3908638207753985
kml_3788,Sembawang,Land Transport Authority,AD594A6145C34889,2022-11-30 14:41:13,20.916946728936303,103.87590270320844,1.3909076064557468
kml_3789,Sengkang,Land Transport Authority,B0DEB1744D408A22,2022-11-30 14:41:13,43.40367302164176,103.87617964853003,1.3909413796049042
kml_3790,Sengkang,Land Transport Authority,E9921272E20D02B7,2022-11-30 14:41:13,17.628238799112278,103.8764908255745,1.391047008683405
kml_3791,Sengkang,Land Transport Authority,D5213D64A393000E,2022-11-30 14:41:13,22.798569814569074,103.87176559470339,1.391249119404761
kml_3792,Sengkang,Land Transport Authority,5D3C1655D0FE2022,2022-11-30 14:41:13,55.169580968645796,103.87208712416596,1.3911704278454773
kml_3793,Sengkang,Land Transport Authority,6EFE11E3D8854FB0,2022-11-30 14:41:13,120.54834915878885,103.87293894913225,1.3910614778518218
kml_3794,Sengkang,Land Transport Authority,1FFCBAC06BDC386E,2022-11-30 14:41:13,27.1950078173795,103.87359653482699,1.390971691829215
kml_3795,Sengkang,LTA (Others),D07B130C6CEDDAE5,2022-11-30 14:41:13,7.810923080488175,103.87236660865,1.391128263897175
kml_3796,Sengkang,Land Transport Authority,EE15129D6A57795F,2022-11-30 14:41:13,25.51465326482131,103.87383219955649,1.390948214554615
kml_3797,Sengkang,Land Transport Authority,ABDAA256CEFE416D,2022-11-30 14:41:13,41.480861641921926,103.8741317705975,1.3909187062944601
kml_3798,Sengkang,Land Transport Authority,E9FFE741CDD7D5F5,2022-11-30 14:41:13,93.72987801275667,103.87473690199126,1.3908756146661887
kml_3799,Sengkang,Land Transport Authority,A5A170E881832FEC,2022-11-30 14:41:13,11.534954059481862,103.8766686480505,1.3911053888750549
kml_3800,Sengkang,LTA (Others),50E4D76107F2C0D6,2022-11-30 14:41:13,6.0455284330022,103.87639012579899,1.39101262843
kml_3801,Sengkang,LTA (Others),B182591004434D1E,2022-11-30 14:41:13,6.237065562537368,103.876592974729,1.39107980355797
kml_3802,Sengkang,Land Transport Authority,75702A5615BBE1A1,2022-11-30 14:41:13,53.48553224745069,103.8770056862455,1.3912501889011102
kml_3803,Sengkang,LTA (Others),A85ABE3906534093,2022-11-30 14:41:13,8.330010684190269,103.8767502804765,1.39114096910938
kml_3804,Sengkang,Land Transport Authority,4500E72867DCAD0F,2022-11-30 14:41:13,80.65508012818685,103.87756764320469,1.3914691643303327
kml_3805,Sengkang,Land Transport Authority,9D8D6270B06DE062,2022-11-30 14:41:13,22.44808005017884,103.87800193979,1.39163088878221
kml_3806,Pasir Ris,LTA (Others),97FAB1DA6174E269,2022-02-16 13:57:18,7.507239199493554,103.9569193746275,1.370433328994445
kml_3807,Pasir Ris,Land Transport Authority,187B66AF0BDCB463,2022-02-16 13:57:18,28.10777540617092,103.94040564915345,1.3804299763485997
kml_3808,Paya Lebar,Land Transport Authority,5DFFD5C2B9E44D49,2022-02-16 13:57:18,10.553275807960615,103.9569307586697,1.3706410848098665
kml_3809,Pasir Ris,Land Transport Authority,9F27BFF056BF40D4,2022-02-16 13:57:18,82.81000603325458,103.95573488693492,1.3693423483040432
kml_3810,Pasir Ris,Land Transport Authority,C2CC889C28CCB1BE,2022-02-16 13:57:18,15.393203162548641,103.95716270364647,1.369053854680884
kml_3811,Pasir Ris,Land Transport Authority,1C36D7F202229F5B,2022-02-16 13:57:18,22.420235142477345,103.96050358928433,1.3710931070208685
kml_3812,Pasir Ris,Land Transport Authority,F0738A5FA382B37D,2022-02-16 13:57:18,44.56739538838593,103.94478999990797,1.3732595182425997
kml_3813,Pasir Ris,Land Transport Authority,8DBFD0C6CAB620D0,2022-02-16 13:57:18,22.600307865320758,103.9568929870655,1.3697103181309198
kml_3814,Yishun,Land Transport Authority,A24BD2765D144B0A,2022-02-16 13:57:18,32.26431894705817,103.83633871231734,1.4343828252987785
kml_3815,Pasir Ris,Land Transport Authority,26AA4422212A0827,2022-02-16 13:57:18,28.738849785809535,103.95884143678592,1.3649383750925523
kml_3816,Tampines,Land Transport Authority,DABB006C44F5FA9E,2022-02-16 13:57:18,34.96628030081338,103.94202867092795,1.347503506696244
kml_3817,Tampines,Land Transport Authority,B30635D33676256F,2022-02-16 13:57:18,34.280046241427684,103.94132206312504,1.350684686685755
kml_3818,Yishun,LTA (Others),48A98369D5E31230,2022-02-16 13:57:18,2.7290838046364128,103.8305662449985,1.430550183847865
kml_3819,Yishun,Land Transport Authority,2CBD8AA6252F757B,2022-02-16 13:57:18,138.1325178404894,103.83168130251295,1.42369255438268
kml_3820,Yishun,Land Transport Authority,4EF6C5E1039BBB70,2022-02-16 13:57:18,61.22074237840848,103.83794322800185,1.427091272983274
kml_3821,Yishun,Land Transport Authority,4EFE6DBF427369A5,2022-02-16 13:57:18,47.027496535326506,103.83767289071955,1.4265508362185595
kml_3822,Yishun,Land Transport Authority,E8F7C0C331D8188A,2022-02-16 13:57:18,16.840242242065717,103.83781613946877,1.4281096584923136
kml_3823,Yishun,Land Transport Authority,1D90DE5A43D8CC1B,2022-02-16 13:57:18,6.783584908767331,103.8379196713395,1.428055108047035
kml_3824,Yishun,Land Transport Authority,565A3E07F9A3A305,2022-02-16 13:57:18,5.952705326414838,103.83797961324201,1.4280257812155353
kml_3825,Yishun,Land Transport Authority,38180A7A8C005874,2022-02-16 13:57:18,43.435327238218434,103.84612448070826,1.426856370691623
kml_3826,Yishun,Land Transport Authority,FFD3CD71CFD2B25E,2022-02-16 13:57:18,18.76383445428256,103.84616147232863,1.4265628346551826
kml_3827,Yishun,Land Transport Authority,7EC314A1AD59DC87,2022-02-16 13:57:18,9.064821721462547,103.846169236265,1.426365134422035
kml_3828,Yishun,Land Transport Authority,E6C0A03DCFF93A94,2022-02-16 13:57:18,60.880737728084966,103.84615981024015,1.4260377990562254
kml_3829,Yishun,Land Transport Authority,DBCBA1C1FDDE9BF2,2022-02-16 13:57:18,22.662022458468694,103.8460399394209,1.4256715539990266
kml_3830,Yishun,Land Transport Authority,22359D899487D3DB,2022-02-16 13:57:18,21.350126543031394,103.845905246899,1.425507448534095
kml_3831,Yishun,Land Transport Authority,592E2CBE4BDA989D,2022-02-16 13:57:18,6.0971696541335945,103.84565480891851,1.425239391029675
kml_3832,Yishun,Land Transport Authority,2E152A39EE60807D,2022-02-16 13:57:18,27.49611286885183,103.845513678506,1.425087956058625
kml_3833,Yishun,Land Transport Authority,FE094FBCF4FE07C9,2022-02-16 13:57:18,16.33495737781485,103.845363208571,1.4249312988812801
kml_3834,Yishun,LTA (Others),6E89BD8D523D29E7,2022-02-16 13:57:18,7.660666831311586,103.84426360236051,1.4310069846864302
kml_3835,Yishun,Land Transport Authority,7DE4A51152813CE7,2022-02-16 13:57:18,15.017909521454879,103.8460822236505,1.4286183655022948
kml_3836,Sembawang,Land Transport Authority,976AE1BC65DDBB26,2022-02-16 13:57:18,39.69509399970093,103.82138078112234,1.443577508329689
kml_3837,Kallang,Land Transport Authority,97D37A476B7FC826,2022-02-16 13:57:18,15.71869922961005,103.8666148323961,1.335154450170063
kml_3838,Sembawang,Land Transport Authority,E372CE3A2B1BD53D,2022-02-16 13:57:18,24.810461083799996,103.82305659758751,1.4460583423744948
kml_3839,Yishun,Land Transport Authority,B35E38AC4D28F5B7,2022-02-16 13:57:18,49.3806832089994,103.83157423387003,1.422562967536391
kml_3840,Yishun,Land Transport Authority,8E1AA1DE5E178580,2022-02-16 13:57:18,52.37721512075646,103.84505487797942,1.4303387751472203
kml_3841,Yishun,Land Transport Authority,D8BFD455AA1E3FA9,2022-02-16 13:57:18,1.8602494696879048,103.8461677278555,1.426423992689285
kml_3842,Yishun,Land Transport Authority,ABC124FE764FEAAE,2022-02-16 13:57:18,118.44260857772579,103.8445464641805,1.4248759763448138
kml_3843,Pasir Ris,Land Transport Authority,0C860B1C8E6B2D9E,2022-02-16 13:57:18,28.624930444090282,103.96465163141299,1.3674416433145504
kml_3844,Tampines,Land Transport Authority,E7232D9FC3E0BD02,2022-02-16 13:57:18,63.50483863626486,103.941997909832,1.351580368272945
kml_3845,Pasir Ris,Land Transport Authority,1F488DB77E1D1AE7,2022-02-16 13:57:18,36.404239907510046,103.93892097879755,1.3766819426194474
kml_3846,Pasir Ris,Land Transport Authority,34B2A7DD28725124,2022-02-16 13:57:18,33.191497761273496,103.96095446158068,1.3742014238940452
kml_3847,Tampines,Land Transport Authority,2911EDEDF518259A,2022-02-16 13:57:18,44.92248265165058,103.95835114485335,1.357203103734429
kml_3848,Jurong West,Town Council,52AA9D98D0EF1377,2022-02-16 13:57:18,144.09413284601976,103.69848594939712,1.3503159104419329
kml_3849,Yishun,LTA (Others),E13BB87A10F40394,2022-02-16 13:57:18,1.6569594707220998,103.8403538603115,1.43272399082448
kml_3850,Yishun,LTA (Others),A538E705CA395604,2022-02-16 13:57:18,1.4581440782117847,103.83964177770702,1.4338480705247951
kml_3851,Pasir Ris,Land Transport Authority,9AC84CE07AE1D2BE,2022-02-16 13:57:18,34.57190963566418,103.94289130437066,1.3785396497988027
kml_3852,Pasir Ris,Land Transport Authority,C683A60863DA65F1,2022-02-16 13:57:18,22.76483367188893,103.94328587421049,1.3782451324860898
kml_3853,Pasir Ris,Land Transport Authority,BBB9C61DE79C1637,2022-02-16 13:57:18,94.37251717581859,103.94450846337341,1.3774202333148204
kml_3854,Pasir Ris,Land Transport Authority,BF7E57B55527D744,2022-02-16 13:57:18,165.12467449751142,103.94823117582484,1.3745873332864909
kml_3855,Pasir Ris,Land Transport Authority,3B7E3EC045E4339C,2022-02-16 13:57:18,26.765724016545057,103.94638807764615,1.3763580851472175
kml_3856,Pasir Ris,Land Transport Authority,F9FEC4C584FB0B7A,2022-02-16 13:57:18,34.94691118576056,103.94811275570171,1.3754673165794915
kml_3857,Ang Mo Kio,Land Transport Authority,762E734E0AC6EAE4,2022-02-16 13:57:18,38.42401365866417,103.84080411934714,1.3648387109575963
kml_3858,Ang Mo Kio,LTA (Others),247F505FE6342D4B,2022-02-16 13:57:18,74.88777383557638,103.83675410055561,1.3686468720988068
kml_3859,Changi-Simei,LTA (Others),2805C7ADC4C1A32A,2022-02-16 13:57:18,3.0122258247042386,103.95645216596601,1.344643927632725
kml_3860,Ang Mo Kio,LTA (Others),A65FD5C5DCF45D69,2022-02-16 13:57:18,17.44698147834651,103.8439596797935,1.369089122024365
kml_3861,Ang Mo Kio,LTA (Others),7EC417F0E03CC182,2022-02-16 13:57:18,7.335244745580964,103.83948756376901,1.36532652059984
kml_3862,Ang Mo Kio,Land Transport Authority,0D3010EF44286A7D,2022-02-16 13:57:18,23.85814300325303,103.8373078775555,1.3692401133620598
kml_3863,Changi-Simei,LTA (Others),DC8AF7D671D47DC8,2022-02-16 13:57:18,2.1525886739556426,103.95793030703301,1.34214978182169
kml_3864,Changi-Simei,LTA (Others),09CF5248323A7D52,2022-02-16 13:57:18,1.9640403120621854,103.95765963553549,1.3452292389900151
kml_3865,Ang Mo Kio,LTA (Others),D610A9625030B62C,2022-02-16 13:57:18,16.7379891595398,103.840803436487,1.369462364245875
kml_3866,Changi-Simei,LTA (Others),1C075E20C2FF7657,2022-02-16 13:57:18,2.951611440289053,103.9559080844015,1.344390638755375
kml_3867,Ang Mo Kio,Land Transport Authority,B21BED9862841C0B,2022-02-16 13:57:18,42.53421996618092,103.83707558107452,1.3690517307112373
kml_3868,Ang Mo Kio,Land Transport Authority,B7993E79A1FA505E,2022-02-16 13:57:18,28.793733547330675,103.83963216326208,1.369639186359189
kml_3869,Punggol,LTA (Others),0927AF026C560776,2022-02-16 13:57:18,6.629684084345593,103.9117603813645,1.3948116622237299
kml_3870,Ang Mo Kio,Land Transport Authority,F907517265B06AFC,2022-02-16 13:57:18,14.216962739459415,103.8442235008135,1.364389819226405
kml_3871,Ang Mo Kio,Land Transport Authority,9293A523DB025DF2,2022-02-16 13:57:18,32.13390336158302,103.84295737109315,1.3692351111006174
kml_3872,Changi-Simei,LTA (Others),D915650DBF1A6B92,2022-02-16 13:57:18,3.0547230015496294,103.957716324275,1.345814500945335
kml_3873,Ang Mo Kio,Land Transport Authority,2F54CE3770D800BB,2022-02-16 13:57:18,130.26422017747817,103.8500818638492,1.3623113830447175
kml_3874,Changi-Simei,LTA (Others),26F33BB3D1431D72,2022-02-16 13:57:18,31.502068905298106,103.95492428332119,1.3433776090923715
kml_3875,Changi-Simei,LTA (Others),4C24F4C13CD52C7C,2022-02-16 13:57:18,1.448101358541919,103.956984757098,1.344625155826245
kml_3876,Changi-Simei,Land Transport Authority,C2E61F3C62DB493A,2022-02-16 13:57:18,66.65945347471774,103.95279759115101,1.34176715503615
kml_3877,Ang Mo Kio,LTA (Others),EA5AC1EB408F892D,2022-02-16 13:57:18,7.2022501415909925,103.84850990268299,1.368624073283375
kml_3878,Changi-Simei,LTA (Others),FAF9903C2D6C87C1,2022-02-16 13:57:18,1.775607178953336,103.95762514068349,1.341894247254165
kml_3879,Marina Bay,Land Transport Authority,B49FA84AC2512975,2022-02-16 13:57:18,251.66473720095053,103.86350562770191,1.278464404951154
kml_3880,Marina Bay,Land Transport Authority,F915A27898CA7A15,2022-02-16 13:57:18,61.72066664643084,103.86439563231407,1.2796893895509474
kml_3881,Yishun,Land Transport Authority,DD0C18BA77BC8596,2022-02-16 13:57:18,42.83692715141184,103.83587913706062,1.4350260758736042
kml_3882,Yishun,Land Transport Authority,AFB1441F033A1790,2022-02-16 13:57:18,148.7424673770859,103.83685061981494,1.4250686563375385
kml_3883,Yishun,Land Transport Authority,EC7121D991B49104,2022-02-16 13:57:18,24.99966427501972,103.8385218111002,1.4303290793359644
kml_3884,Bedok,Land Transport Authority,CE0880A13D483E85,2022-11-30 14:41:12,33.141814000832134,103.9228891210319,1.3239472030531887
kml_3885,Jurong Lake District - Taman Jurong,Land Transport Authority,BD8CE29950F72B89,2022-11-30 14:41:13,52.5479025647588,103.720576375826,1.326919759662215
kml_3886,Ang Mo Kio,Land Transport Authority,8AED7569EAC1F5A2,2022-11-30 14:41:13,69.68321715038303,103.8366850275025,1.37223450785559
kml_3887,Bishan,Land Transport Authority,BB17DF0133EBE7B5,2022-11-30 14:41:13,16.214269468759127,103.84481625304579,1.3594014379973944
kml_3888,Jurong Lake District - Taman Jurong,Land Transport Authority,93A1F94D67003D42,2022-11-30 14:41:13,67.99552430924139,103.74251255882173,1.3390699527483239
kml_3889,Yishun,Land Transport Authority,3A035802C2C3FD3D,2022-11-30 14:41:13,52.510453057095084,103.84967496101127,1.4276034764200558
kml_3890,Yishun,Land Transport Authority,BDB1277C38B768E2,2022-11-30 14:41:13,104.91444410409753,103.8496593131297,1.4284008944190512
kml_3891,Changi-Simei,Town Council,9118BD3EFE033016,2022-02-16 13:57:18,68.91297019906538,103.95190809465393,1.3414678689651724
kml_3892,Changi-Simei,Town Council,4582A4F851A5602C,2022-02-16 13:57:18,60.39543781055965,103.95591674283901,1.3466393652256299
kml_3893,Jurong West,Town Council,BBFC88F0C076FF66,2022-02-16 13:57:18,205.06502707890346,103.69821230086868,1.346772247030719
kml_3894,Tampines,Town Council,ADE117713F077F5B,2022-02-16 13:57:18,33.085400060946995,103.9562425313985,1.35368884730989
kml_3895,Tampines,Town Council,6ABD0893AE6E9307,2022-02-16 13:57:18,42.30530500840308,103.93470939635645,1.3535199768529778
kml_3896,Bukit Panjang,Town Council,9259F1A2A21C7891,2022-02-16 13:57:18,23.565242232605325,103.769157510029,1.375808752327495
kml_3897,Tampines,Land Transport Authority,DAB9311D7875481B,2022-02-16 13:57:18,91.59196213507806,103.93199796747903,1.3505933339870169
kml_3898,Tampines,Land Transport Authority,225F46C7CBF1DFA1,2022-02-16 13:57:18,47.17659016239942,103.94700855354561,1.3586213041338382
kml_3899,Pasir Ris,Land Transport Authority,4319E0736E3E117F,2022-02-16 13:57:18,36.43313121256342,103.95610231753882,1.373492580872833
kml_3900,Yishun,Land Transport Authority,1F90BD164AADD701,2022-02-16 13:57:18,3.217785433271609,103.838101654759,1.427407975209585
kml_3901,Yishun,LTA (Others),8BE9FEA7155DEC7C,2022-02-16 13:57:18,8.354252131562177,103.83980774128447,1.4321995270073
kml_3902,Pasir Ris,LTA (Others),F64DBFF54E21634C,2022-02-16 13:57:18,2.595592851018109,103.96099621114001,1.366918911720755
kml_3903,Tampines,Land Transport Authority,1E17BC0814D9A4E4,2022-02-16 13:57:18,54.023491720655294,103.9328122363815,1.3502661157584699
kml_3904,Pasir Ris,Land Transport Authority,E455C36FD5B6E515,2022-02-16 13:57:18,22.835764041601326,103.963391399995,1.3645058442525548
kml_3905,Pasir Ris,Land Transport Authority,501B07E54D3CB921,2022-02-16 13:57:18,28.258949216006727,103.961206958544,1.36434652125218
kml_3906,Pasir Ris,Land Transport Authority,551292ECD4D26F5B,2022-02-16 13:57:18,7.677393013578636,103.93923432495362,1.3764577836205232
kml_3907,Pasir Ris,Land Transport Authority,CCBF5D2010730A9D,2022-02-16 13:57:18,2.922124974770521,103.95951270329451,1.368043450489145
kml_3908,Pasir Ris,Land Transport Authority,84F674AB2167AA7B,2022-02-16 13:57:18,28.117777262896517,103.9641096410905,1.3668947590038898
kml_3909,Pasir Ris,Land Transport Authority,37706ED581B19013,2022-02-16 13:57:18,15.270252365968599,103.942704508789,1.3740878756244999
kml_3910,Tampines,Land Transport Authority,CA0022CEECA28E5A,2022-02-16 13:57:18,15.42670000014914,103.9492413280665,1.3595171473705752
kml_3911,Sembawang,LTA (Others),5602D7278AFB4422,2022-02-16 13:57:18,34.00490684215436,103.81519034019485,1.4545178285209224
kml_3912,Sembawang,LTA (Others),66139B4A108860DF,2022-02-16 13:57:18,63.39840726364124,103.82242892271437,1.4474503313433484
kml_3913,Sembawang,LTA (Others),AE1276631B99C1C6,2022-02-16 13:57:18,11.836111496095498,103.82148607178297,1.449443430611888
kml_3914,Sembawang,LTA (Others),FBC36E7B6BFF657E,2022-02-16 13:57:18,89.71458568463903,103.82153953648533,1.4497393476159095
kml_3915,Pasir Ris,LTA (Others),9FD292C690BA2514,2022-02-16 13:57:18,4.362857816902955,103.95693032521298,1.3707085226676399
kml_3916,Pasir Ris,Town Council (Others),06A1666EA7840AD7,2022-02-16 13:57:18,6.9949122680943825,103.94951501020151,1.370656179133905
kml_3917,Pasir Ris,LTA (Others),9840E3D09B0FBD8F,2022-02-16 13:57:18,1.7858660442993854,103.94534909951099,1.3730369979197499
kml_3918,Pasir Ris,LTA (Others),9C12AABDBCE510C2,2022-02-16 13:57:18,1.7858661170157306,103.9456657882975,1.372911471015595
kml_3919,Pasir Ris,LTA (Others),95DB9518E34115DB,2022-02-16 13:57:18,1.7420801726353086,103.945842232726,1.37284248377326
kml_3920,Pasir Ris,LTA (Others),2488EE18D1313058,2022-02-16 13:57:18,3.810411216003516,103.9460660079975,1.37278399347014
kml_3921,Pasir Ris,LTA (Others),43BE89E9342A8617,2022-02-16 13:57:18,1.7227844769080014,103.946189033308,1.3727048767120151
kml_3922,Sembawang,LTA (Others),ED5B1F7EEC549C67,2022-02-16 13:57:18,12.257157604671818,103.82169655896355,1.4499958681444134
kml_3923,Sembawang,LTA (Others),2C82FDC3C58DCCB1,2022-02-16 13:57:18,9.639683232434368,103.81821478048398,1.456324557869787
kml_3924,Sembawang,LTA (Others),DEE273DE5DEAD833,2022-02-16 13:57:18,14.902738883815939,103.82239947904233,1.4443180505996458
kml_3925,Sembawang,LTA (Others),C81CE8CB7415B2E6,2022-02-16 13:57:18,1.5007386482273892,103.81811917857101,1.4508591492238652
kml_3926,Sembawang,LTA (Others),F0EDEADD528B605A,2022-02-16 13:57:18,6.623999604564194,103.818359418862,1.4509802446734699
kml_3927,Pasir Ris,LTA (Others),D7CB5B34A868B67A,2022-02-16 13:57:18,154.84165694825816,103.96165876396668,1.365843629115484
kml_3928,Changi-Simei,Land Transport Authority,737651EC19FC2B20,2022-02-16 13:57:18,36.23835532402959,103.9557721186044,1.3442780520490414
kml_3929,Changi-Simei,Land Transport Authority,EE33BBA3E18623C2,2022-02-16 13:57:18,35.649022353455635,103.9544444117979,1.3431623118286327
kml_3930,Changi-Simei,Land Transport Authority,14905E66FF837BAE,2022-02-16 13:57:18,38.95076797373527,103.95680390692371,1.34464051254238
kml_3931,Sembawang,LTA (Others),5DB782DDC38D1BF9,2022-02-16 13:57:18,1.7413725925919108,103.817999580774,1.4560238866449549
kml_3932,Yishun,Land Transport Authority,0FAB34290A9173FC,2022-02-16 13:57:18,5.699280995582425,103.84612456294401,1.4275349482687998
kml_3933,Yishun,Land Transport Authority,0F831258C395A521,2022-02-16 13:57:18,24.821879569909253,103.84612852685389,1.427381009148842
kml_3934,Yishun,Land Transport Authority,B0C5DE5614FF618C,2022-02-16 13:57:18,18.903952712207598,103.84611241432232,1.4271707116359547
kml_3935,Yishun,LTA (Others),A959D37B825AE97F,2022-02-16 13:57:18,8.384896890350626,103.82964138566149,1.43333834925947
kml_3936,Pasir Ris,Land Transport Authority,A3B6742DB447237A,2022-02-16 13:57:18,31.29008701855737,103.94682082739621,1.372455002873237
kml_3937,Paya Lebar,Land Transport Authority,C89996F561C6A539,2022-02-16 13:57:18,110.4641074613599,103.93923766659202,1.380804366777719
kml_3938,Pasir Ris,Land Transport Authority,3CFECD205E689DF2,2022-02-16 13:57:18,32.00109666783084,103.96398629091802,1.3639430695907457
kml_3939,Pasir Ris,Land Transport Authority,95EB32A67C250B01,2022-02-16 13:57:18,31.914244806418292,103.9595716859575,1.36438990855747
kml_3940,Sembawang,Town Council,3AEFB6EBEFF3C98C,2022-02-16 13:57:18,163.4793438106031,103.82059813322108,1.4511474610134778
kml_3941,Sembawang,Town Council,04DEF923CDD8FB78,2022-02-16 13:57:18,8.056385362817434,103.82015556413194,1.451756831207017
kml_3942,Yishun,LTA (Others),6F52A869844E7004,2022-02-16 13:57:18,1.9224937327637448,103.8390391877465,1.4313252317384548
kml_3943,Yishun,LTA (Others),1382C63603D30154,2022-02-16 13:57:18,1.65459290909309,103.82970667378751,1.432297536966175
kml_3944,Yishun,LTA (Others),A42A5D221F7F9B73,2022-02-16 13:57:18,14.0377227407336,103.83639835047757,1.4341956849364268
kml_3945,Yishun,LTA (Others),582413125D549761,2022-02-16 13:57:18,2.0624000779062044,103.8308595890015,1.430589476984045
kml_3946,Yishun,Land Transport Authority,4124ACB2FD7F181F,2022-02-16 13:57:18,7.438868584401618,103.8319481053455,1.41978014801075
kml_3947,Yishun,Land Transport Authority,D9FD3F31E4FB6A03,2022-02-16 13:57:18,29.961268294457412,103.83499055644953,1.4305665064742241
kml_3948,Yishun,LTA (Others),7DBC7C5E3CCC36E0,2022-02-16 13:57:18,2.2110832359716706,103.829805826499,1.434330730515385
kml_3949,Yishun,Land Transport Authority,7483D60EDF6FA951,2022-02-16 13:57:18,74.07187522523245,103.83219329838273,1.426294964731799
kml_3950,Yishun,LTA (Others),CE8135B1D4EC61D9,2022-02-16 13:57:18,3.0176159212958984,103.83769578665499,1.4304829925486802
kml_3951,Yishun,Land Transport Authority,1D8F2EF136567BC8,2022-02-16 13:57:18,41.463097434599085,103.83281891144192,1.4342445545951135
kml_3952,Yishun,LTA (Others),48A6C0BF61EC3D06,2022-02-16 13:57:18,10.09354585345041,103.833574015245,1.43425319218229
kml_3953,Yishun,Land Transport Authority,848D9C258A194356,2022-02-16 13:57:18,53.42054123881344,103.83042125278422,1.4347431540454934
kml_3954,Yishun,LTA (Others),99E98EDEAC668074,2022-02-16 13:57:18,2.5790157894917076,103.829796723094,1.43093752858847
kml_3955,Yishun,LTA (Others),FE8CBC27448FCB78,2022-02-16 13:57:18,2.0988586726643117,103.8381121620425,1.427429515325555
kml_3956,Yishun,LTA (Others),8B86EA9C489D2F35,2022-02-16 13:57:18,6.9898405555241965,103.838080295137,1.42736713508741
kml_3957,Yishun,LTA (Others),EB2884467BE2AA1A,2022-02-16 13:57:18,1.6780084066916885,103.837740035254,1.4319271624390502
kml_3958,Yishun,LTA (Others),88BA57B0DFA5D120,2022-02-16 13:57:18,1.7704920192709708,103.8338417242905,1.430605637894025
kml_3959,Yishun,LTA (Others),366177D94FE27455,2022-02-16 13:57:18,33.697391434304926,103.8387839603898,1.430264941382576
kml_3960,Yishun,LTA (Others),3C14926F63E7A90A,2022-02-16 13:57:18,1.347959582880227,103.830212195916,1.4346125548302853
kml_3961,Yishun,LTA (Others),2B766FA62206B93E,2022-02-16 13:57:18,1.7480747903841123,103.840105209222,1.43343587781395
kml_3962,Yishun,LTA (Others),3EF677C9E9EBCFD5,2022-02-16 13:57:18,2.728628273421172,103.833007034655,1.434183764163995
kml_3963,Yishun,Land Transport Authority,E364297C2EBAE7AD,2022-02-16 13:57:18,93.33009432911204,103.83226088841347,1.4191928999478935
kml_3964,Yishun,LTA (Others),00D7C5F54936F117,2022-02-16 13:57:18,9.88459477128327,103.8386652111101,1.4303473659971289
kml_3965,Yishun,LTA (Others),F0BD14324EEA8C0C,2022-02-16 13:57:18,2.00219088431085,103.83922290730649,1.434243629514665
kml_3966,Yishun,Land Transport Authority,6001EA23841822EB,2022-02-16 13:57:18,40.21824685943365,103.83205780706695,1.4348250334730124
kml_3967,Yishun,Land Transport Authority,52AF7B3ED21B46B4,2022-02-16 13:57:18,20.67117093853538,103.83474578646491,1.4305737666213658
kml_3968,Yishun,Land Transport Authority,E91D6E7CF972100A,2022-02-16 13:57:18,27.17921065740406,103.83699046925894,1.4321323366580072
kml_3969,Yishun,Land Transport Authority,3A735FBC61B93D15,2022-02-16 13:57:18,12.980959760401271,103.83457600951375,1.4305783571947546
kml_3970,Yishun,LTA (Others),25B3A044AA93BFC8,2022-02-16 13:57:18,2.3245429390898913,103.838373023262,1.43190945684873
kml_3971,Yishun,LTA (Others),7F73D58D4D799111,2022-02-16 13:57:18,1.97311618377256,103.8394121863835,1.43405157380181
kml_3972,Yishun,LTA (Others),4260A875B4677904,2022-02-16 13:57:18,7.719298645497695,103.838842907098,1.430798039217395
kml_3973,Yishun,LTA (Others),A74AA582FC466839,2022-02-16 13:57:18,1.8539310070261028,103.8336301095645,1.430612611480775
kml_3974,Pasir Ris,Town Council,03AF6A827F28AB01,2022-11-30 14:41:12,36.29261705186104,103.9564307684023,1.3661161229061591
kml_3975,Pasir Ris,Town Council,754A1AC3D3D2D94D,2022-11-30 14:41:12,16.3950005437281,103.95904450992337,1.3667412860449974
kml_3976,Tampines,Land Transport Authority,8D078B93B64B2D2D,2022-02-16 13:57:18,14.948306115416651,103.93957592234851,1.3515666171361673
kml_3977,Yishun,LTA (Others),66543FDFFF109E7D,2022-02-16 13:57:18,38.846073770524704,103.83162710427324,1.4229302644166582
kml_3978,Pasir Ris,LTA (Others),EB09D4486C715ED4,2022-02-16 13:57:18,1.7829575239847324,103.9609354169525,1.366973064102325
kml_3979,Yishun,Land Transport Authority,097F7A03F4A249A6,2022-02-16 13:57:18,22.589407095393053,103.8393895937545,1.4157550305532451
kml_3980,Yishun,Land Transport Authority,85542C3300B5CF20,2022-02-16 13:57:18,45.76288080636907,103.83833340267219,1.4144590885912656
kml_3981,Yishun,Land Transport Authority,5CD1AB443015BA4D,2022-02-16 13:57:18,47.259749212154894,103.83761386877804,1.414808491998078
kml_3982,Yishun,Land Transport Authority,C81B9455684D737F,2022-02-16 13:57:18,40.87950431534378,103.83798091738265,1.4146252857341393
kml_3983,Yishun,Land Transport Authority,AD5B488158317A72,2022-02-16 13:57:18,26.639704929467626,103.83864706339853,1.4143177359138126
kml_3984,Yishun,Land Transport Authority,70FCE1F7E939D7B8,2022-02-16 13:57:18,188.0596068314211,103.8309514365042,1.410256620739976
kml_3985,Yishun,Land Transport Authority,D555BA4F471C3221,2022-02-16 13:57:18,96.4906417327625,103.83249965718157,1.4107982972084725
kml_3986,Yishun,Land Transport Authority,BF66ECF81D7F3826,2022-02-16 13:57:18,2.192614057788911,103.8329020601395,1.411120983078325
kml_3987,Yishun,Land Transport Authority,F5A158299C240248,2022-02-16 13:57:18,7.0150206363401235,103.83286494017149,1.4110818196542447
kml_3988,Yishun,Land Transport Authority,96645223A97DBD66,2022-02-16 13:57:18,145.96212695340898,103.83432886211175,1.4120340387342265
kml_3989,Yishun,Land Transport Authority,ED5F6229AA5BC425,2022-02-16 13:57:18,1.8487335004898708,103.8329760501495,1.411174659353445
kml_3990,Yishun,Land Transport Authority,5E4C4EFEBF3BA65C,2022-02-16 13:57:18,48.585738837720534,103.83316456886706,1.4113160537603702
kml_3991,Yishun,Land Transport Authority,0501BC5CF026C96D,2022-02-16 13:57:18,33.22541525211601,103.83370183558966,1.411650683469341
kml_3992,Yishun,Land Transport Authority,46AD864983DCCB89,2022-02-16 13:57:18,25.285698128221945,103.83345731446411,1.4115122909141278
kml_3993,Yishun,Land Transport Authority,E66C1B40E23E8A60,2022-02-16 13:57:18,20.228298857563786,103.83435037392881,1.412906015967131
kml_3994,Yishun,Land Transport Authority,54E2A521D6EEEDCE,2022-02-16 13:57:18,29.516895082279866,103.83437868314728,1.4126649640233102
kml_3995,Yishun,Land Transport Authority,66114434E2EF4F18,2022-02-16 13:57:18,23.28857015914949,103.8410244949895,1.41967266275887
kml_3996,Yishun,Land Transport Authority,667C82A2717D4339,2022-02-16 13:57:18,16.197031136508887,103.84081778813221,1.4191841234756026
kml_3997,Yishun,Land Transport Authority,025E0EADA226E1BD,2022-02-16 13:57:18,75.2491049237311,103.84050661092098,1.4184875049182992
kml_3998,Yishun,Land Transport Authority,9F417D802A0EBBBE,2022-02-16 13:57:18,72.4987809703018,103.84000928359914,1.4182767688375215
kml_3999,Sembawang,Town Council,31E3BFE1CB674F7A,2022-02-16 13:57:18,105.47961473735296,103.82138778888137,1.450411041100422
kml_4000,Sembawang,LTA (Others),5BB37DB34CD3A532,2022-02-16 13:57:18,5.721549240195397,103.81627023450368,1.4547153130079735
kml_4001,Sembawang,LTA (Others),F7A0E24508F846A2,2022-02-16 13:57:18,1.607989043759701,103.818039245186,1.456082274889765
kml_4002,Sembawang,LTA (Others),6ABEED714EEE5DE2,2022-02-16 13:57:18,55.45507906431108,103.81449553179235,1.4480590567626601
kml_4003,Sembawang,LTA (Others),C7F04B272B0BE12F,2022-02-16 13:57:18,49.76270474353437,103.81943351212118,1.4468937037497867
kml_4004,Yishun,LTA (Others),8DAC1F790E279CB7,2022-02-16 13:57:18,7.419453147697168,103.843060520324,1.4262155073853249
kml_4005,Yishun,LTA (Others),83ED3FCD9BC704FC,2022-02-16 13:57:18,1.9340401136879137,103.84335989182199,1.42596240404621
kml_4006,Yishun,LTA (Others),B5D2EAD4D8FDCC1E,2022-02-16 13:57:18,2.4014571381096426,103.84355221436148,1.4257826310381
kml_4007,Yishun,LTA (Others),8A14A870103FA03C,2022-02-16 13:57:18,2.446661541833783,103.843614389452,1.42572374672556
kml_4008,Changi-Simei,LTA (Others),B220FD5081F81228,2022-02-16 13:57:18,2.4006547821032487,103.95609032717051,1.344520521755745
kml_4009,Changi-Simei,LTA (Others),AF281132D6E1A52A,2022-02-16 13:57:18,25.439880390082784,103.95663186361797,1.3464534828565367
kml_4010,Ang Mo Kio,LTA (Others),CB4AF00E546C67E5,2022-02-16 13:57:18,16.33577291698291,103.8369890621695,1.3662700829327599
kml_4011,Sembawang,LTA (Others),3B5221AA7AA3018A,2022-02-16 13:57:18,22.504615587430234,103.81774311131,1.45562479374773
kml_4012,Sembawang,LTA (Others),AC8F0CFC0DA02247,2022-02-16 13:57:18,2.394595613012153,103.815337058181,1.4546229353150497
kml_4013,Sembawang,LTA (Others),A757E46D022E298C,2022-02-16 13:57:18,6.33418106877202,103.81953341418051,1.455952654923365
kml_4014,Changi-Simei,Land Transport Authority,063F27A9BF99E8BA,2022-02-16 13:57:18,54.6180584445872,103.955510289767,1.342701527770895
kml_4015,Changi-Simei,Land Transport Authority,B08D21431154E1DB,2022-02-16 13:57:18,50.07757286185788,103.95627409078399,1.341783116909405
kml_4016,Changi-Simei,Land Transport Authority,4DE8864B1DE58D89,2022-02-16 13:57:18,14.079808554276827,103.95770726555031,1.3457375936952067
kml_4017,Geylang,Land Transport Authority,933F998EC9D3545B,2022-02-16 13:57:18,36.32392765462519,103.8888825623573,1.3082615184949193
kml_4018,Tampines,Town Council,B0E51C87BBA78FDF,2022-02-16 13:57:18,61.930205918437686,103.93375953907449,1.35121301837357
kml_4019,Changi-Simei,Town Council,8ECE572BD18BEC5F,2022-02-16 13:57:18,36.70051399444225,103.95258952805199,1.344182910629055
kml_4020,Tampines,Town Council,D3AF46A876ECDAC6,2022-02-16 13:57:18,57.39870060737999,103.934875122562,1.35393836894199
kml_4021,Pasir Ris,LTA (Others),25139D144AA7E5F0,2022-02-16 13:57:18,1.634872830144046,103.960469861083,1.367370965303895
kml_4022,Tampines,Town Council,2C0D4A4D1719A9F3,2022-02-16 13:57:18,69.94348386455042,103.95572257141401,1.3536651597944676
kml_4023,Tampines,Land Transport Authority,A5F6EAD9E2A60786,2022-02-16 13:57:18,34.950944037376686,103.95532837154575,1.3595910760527288
kml_4024,Pasir Ris,Land Transport Authority,76F7A52408CF0C1D,2022-02-16 13:57:18,44.27599785215858,103.9410555168895,1.3761650513408303
kml_4025,Bukit Panjang,Land Transport Authority,ADE44C52580AC323,2022-02-16 13:57:18,138.6459794461118,103.76852459694366,1.3821290124967207
kml_4026,Ang Mo Kio,LTA (Others),97DB6EF96F3577DA,2022-02-16 13:57:18,5.079745242234351,103.838483782902,1.3696944754858649
kml_4027,Ang Mo Kio,LTA (Others),8BE2D703F9573F18,2022-02-16 13:57:18,40.566168339447366,103.84545400383534,1.3689642463457738
kml_4028,Ang Mo Kio,Land Transport Authority,C567C9610AC61270,2022-02-16 13:57:18,88.14072971369048,103.84251655263668,1.3645270392264757
kml_4029,Sengkang,Land Transport Authority,BE6E1155009E8210,2022-02-16 13:57:18,86.94656694210032,103.8873041142293,1.39763199143778
kml_4030,Sengkang,LTA (Others),8276D7ED1E8ECBAD,2022-02-16 13:57:18,9.052471455749705,103.8834854646185,1.398065898855915
kml_4031,Punggol,LTA (Others),3ECB3DB3C1EF8A5B,2022-02-16 13:57:18,1.5456865204093526,103.911991730334,1.3946205896327148
kml_4032,Sengkang,Land Transport Authority,B254EF817267ED02,2022-02-16 13:57:18,549.207286426299,103.88674183345563,1.3839675491571812
kml_4033,Ang Mo Kio,LTA (Others),57954668D724EB33,2022-02-16 13:57:18,16.647129585237437,103.84057075581228,1.3649136830838298
kml_4034,Ang Mo Kio,LTA (Others),67D0DF1243DAC746,2022-02-16 13:57:18,43.20262484380866,103.84307895079661,1.3644969569643126
kml_4035,Ang Mo Kio,LTA (Others),8478715524E46C5A,2022-02-16 13:57:18,4.860611908435468,103.84430834358099,1.364377959909975
kml_4036,Changi-Simei,LTA (Others),3285B98D1406A4C0,2022-02-16 13:57:18,16.70043876194909,103.95426601422399,1.3430110664826351
kml_4037,Punggol,Land Transport Authority,76585A75C2BC7C4F,2022-02-16 13:57:18,6.026904832629991,103.9132508487795,1.393572543725265
kml_4038,Punggol,Land Transport Authority,76B50A1F1F7324E8,2022-02-16 13:57:18,29.24724719383797,103.91188527415599,1.394709644952345
kml_4039,Punggol,Land Transport Authority,0581CCB8CB7F4259,2022-02-16 13:57:18,37.60900331873652,103.91230984442299,1.39435453242948
kml_4040,Pasir Ris,LTA (Others),6B726660F91C636F,2022-02-16 13:57:18,28.449629376261438,103.9465710319815,1.37255382954929
kml_4041,Pasir Ris,LTA (Others),B3D34186E3602F52,2022-02-16 13:57:18,2.8673895428095335,103.94760928438049,1.37570528854254
kml_4042,Pasir Ris,Town Council,52DF67C960C65067,2022-02-16 13:57:18,101.37388523490364,103.94923311414612,1.3714708882885733
kml_4043,Pasir Ris,Town Council,E449DC085D8A75B4,2022-02-16 13:57:18,64.70118837064344,103.94925580222919,1.3708474266010695
kml_4044,Pasir Ris,Town Council,7B2FC2B20BFAB8B4,2022-02-16 13:57:18,28.54041192267203,103.9496486347825,1.370568273604938
kml_4045,Yishun,LTA (Others),274F23F1F6CE705E,2022-02-16 13:57:18,1.3334194390658416,103.83088871039799,1.435037206002765
kml_4046,Yishun,Land Transport Authority,0161D2600D8AA748,2022-02-16 13:57:18,23.077479136202314,103.8391387549785,1.43431899172024
kml_4047,Yishun,LTA (Others),D95388A3A23C0599,2022-02-16 13:57:18,1.2904181099125402,103.84033850486851,1.43322884155794
kml_4048,Yishun,Land Transport Authority,18FC78701721550A,2022-02-16 13:57:18,21.622506628014083,103.83012464617353,1.4345575878449952
kml_4049,Yishun,Land Transport Authority,51B4EE8A7B563A82,2022-02-16 13:57:18,42.33265574727968,103.83247321060722,1.4344743218842655
kml_4050,Yishun,LTA (Others),471FB2ED6488411D,2022-02-16 13:57:18,4.455666761084098,103.833382852652,1.434193214336215
kml_4051,Yishun,LTA (Others),4C33AE82999CD242,2022-02-16 13:57:18,1.6875824277799554,103.838943290516,1.43179715975817
kml_4052,Sembawang,LTA (Others),E6DD4F129752529D,2022-02-16 13:57:18,2.951147867255035,103.821374018885,1.4470984029471499
kml_4053,Sembawang,LTA (Others),27DFEE35F217FC8D,2022-02-16 13:57:18,1.7623072705491427,103.8220684559275,1.447208274953095
kml_4054,Jurong Lake District - Taman Jurong,Land Transport Authority,F99C33A5AC4D64EE,2022-11-30 14:41:12,2.703846458287263,103.7207075329805,1.33563563740523
kml_4055,Jurong Lake District - Taman Jurong,Land Transport Authority,284D205F3DE81606,2022-11-30 14:41:12,2.27606897934958,103.719761841098,1.3358575934158199
kml_4056,Jurong Lake District - Taman Jurong,Land Transport Authority,BE2B920ECD3CB06C,2022-11-30 14:41:12,1.8470926997035297,103.71959019146,1.336146686231435
kml_4057,Jurong Lake District - Taman Jurong,Land Transport Authority,F55BC8BF799FE09A,2022-11-30 14:41:12,26.521145251457295,103.72121754198186,1.3302780666455913
kml_4058,Jurong Lake District - Taman Jurong,Land Transport Authority,03399BB92700C005,2022-11-30 14:41:12,1.943533080526248,103.7208792231805,1.338450667553805
kml_4059,Jurong Lake District - Taman Jurong,Land Transport Authority,C5A0D2F7B265035D,2022-11-30 14:41:12,27.325723074681445,103.72148040099692,1.3425884076813097
kml_4060,Jurong Lake District - Taman Jurong,LTA (Others),71E8F7129DCBD0F5,2022-11-30 14:41:12,41.05247445581297,103.721653400177,1.3449304167297897
kml_4061,Jurong Lake District - Taman Jurong,Land Transport Authority,A400D178CD7FE825,2022-11-30 14:41:12,56.2628787680514,103.7223696858245,1.33171785217302
kml_4062,Jurong Lake District - Taman Jurong,Land Transport Authority,B930EF3B4FE01AC9,2022-11-30 14:41:12,25.477456301824667,103.72153818178542,1.3428720246111454
kml_4063,Pasir Ris,Land Transport Authority,3EFDBA00B77D79BE,2022-11-30 14:40:53,7.982019086891614,103.9595582456639,1.3680311075100922
kml_4064,Bukit Panjang,Land Transport Authority,7DA1DE75396D3224,2022-11-30 14:41:12,37.59857861377744,103.77230789349153,1.379895601240608
kml_4065,Bukit Panjang,Land Transport Authority,9777F8CDDC5A1432,2022-11-30 14:41:12,64.9691728380926,103.77241411694125,1.3790731468312138
kml_4066,Bukit Panjang,Land Transport Authority,2D44048376754AD6,2022-11-30 14:41:12,14.431184191506855,103.77176797138074,1.3777519375163494
kml_4067,Jurong Lake District - Taman Jurong,LTA (Others),2AD3A0E26D5ADB12,2022-02-16 13:57:18,1.5402958314752402,103.7254580580695,1.3489534426760599
kml_4068,Jurong Lake District - Taman Jurong,Land Transport Authority,6405F356C16D3910,2022-02-16 13:57:18,28.158393872088286,103.7221503258575,1.35095692248718
kml_4069,Jurong Lake District - Taman Jurong,LTA (Others),A296AEF5F96578C7,2022-02-16 13:57:18,5.1456226758361625,103.724966306581,1.3501723095838847
kml_4070,Jurong Lake District - Taman Jurong,Land Transport Authority,DCB84ADE447E53AC,2022-02-16 13:57:18,38.2726755602334,103.72478416267322,1.3502424216723115
kml_4071,Jurong Lake District - Taman Jurong,LTA (Others),88CD524B02B9CCCD,2022-02-16 13:57:18,35.23785990923473,103.72344909668061,1.3507148941319806
kml_4072,Pasir Ris,Town Council,DC909A0641329C4C,2022-11-30 14:41:12,11.280586754288443,103.9565040583259,1.3659172487716311
kml_4073,Jurong Lake District - Taman Jurong,Land Transport Authority,4B6779BA52D57FB7,2022-11-30 14:41:12,24.0434080094941,103.7212240770125,1.33866378793775
kml_4074,Jurong Lake District - Taman Jurong,Land Transport Authority,B1EDD99F3CD8A71D,2022-11-30 14:41:12,13.172627053432729,103.7213762326485,1.3387670451289702
kml_4075,Jurong Lake District - Taman Jurong,Land Transport Authority,F33133B263B2C026,2022-11-30 14:41:12,48.49883006398806,103.721953141598,1.326591296778655
kml_4076,Jurong Lake District - Taman Jurong,Land Transport Authority,426AA6EC7260CE94,2022-11-30 14:41:12,25.475945166102512,103.7211751182235,1.335634772192635
kml_4077,Jurong Lake District - Taman Jurong,Land Transport Authority,E15151F43D04731E,2022-11-30 14:41:12,43.62447170416848,103.71948189611142,1.3368989584595006
kml_4078,Jurong Lake District - Taman Jurong,Land Transport Authority,B0653FE42E44E27F,2022-11-30 14:41:12,23.481623643308414,103.720976538667,1.3385108474352299
kml_4079,Jurong Lake District - Taman Jurong,LTA (Others),53ED395F4882FE43,2022-11-30 14:41:12,4.019589135387356,103.72125357669151,1.34224962519973
kml_4080,Jurong Lake District - Taman Jurong,LTA (Others),06780F274ABE1973,2022-11-30 14:41:12,10.277399684027564,103.72127672261149,1.3420729911076401
kml_4081,Jurong Lake District - Taman Jurong,Land Transport Authority,D9CB80FD3341A5A2,2022-11-30 14:41:12,91.66147631320406,103.71734195766983,1.3379476619515642
kml_4082,Jurong Lake District - Taman Jurong,Land Transport Authority,429FB42A8A7955A7,2022-11-30 14:41:12,88.44505954848758,103.72326604962102,1.3266152175713801
kml_4083,Jurong Lake District - Taman Jurong,Land Transport Authority,7C30531D8BFBFB7D,2022-11-30 14:41:12,17.89392574325679,103.723905209876,1.326622203766
kml_4084,Jurong Lake District - Taman Jurong,Land Transport Authority,DF3F60979674C59C,2022-11-30 14:41:12,234.7275678187741,103.718771486662,1.3359611273287801
kml_4085,Jurong Lake District - Taman Jurong,Land Transport Authority,7E2E5B5CAC97F054,2022-11-30 14:41:12,17.82048871129521,103.71784331639739,1.3373546543112294
kml_4086,Jurong Lake District - Taman Jurong,LTA (Others),D1B72D9DBD94EB9C,2022-11-30 14:41:12,29.16365560419889,103.718862135947,1.33822040971959
kml_4087,Jurong Lake District - Taman Jurong,Land Transport Authority,FA85773C8FF5DF01,2022-11-30 14:41:12,130.0186055441172,103.71762060246282,1.343337601046899
kml_4088,Jurong Lake District - Taman Jurong,LTA (Others),757F8194203E1BB7,2022-11-30 14:41:12,18.001434777661867,103.723743955225,1.326620008930375
kml_4089,Jurong Lake District - Taman Jurong,LTA (Others),077235F1E40F59F9,2022-11-30 14:41:12,53.653251429279464,103.71767000347727,1.3374828483596342
kml_4090,Jurong Lake District - Taman Jurong,Land Transport Authority,764131FEE98F8F9E,2022-11-30 14:41:12,29.647509905089258,103.71705660970457,1.338460603663851
kml_4091,Jurong Lake District - Taman Jurong,LTA (Others),5A2EB35D1173093C,2022-11-30 14:41:12,4.601755791144752,103.717117026935,1.3383181796358499
kml_4092,Jurong Lake District - Taman Jurong,Land Transport Authority,F802EEFB920D2B3F,2022-11-30 14:41:12,6.1416938985150775,103.72430082407013,1.3381620954861806
kml_4093,Jurong Lake District - Taman Jurong,Land Transport Authority,0FBE50DA8DAC10BE,2022-11-30 14:41:12,44.09408375636675,103.71791158201624,1.3371065345120619
kml_4094,Jurong Lake District - Taman Jurong,Land Transport Authority,350D34E9A106638B,2022-11-30 14:41:12,2.688164350634767,103.72131823352049,1.334244235028365
kml_4095,Jurong Lake District - Taman Jurong,Land Transport Authority,9609B2168763064F,2022-11-30 14:41:12,7.147972169117826,103.724381188606,1.33845314450534
kml_4096,Jurong Lake District - Taman Jurong,LTA (Others),C4C1BCF1D8C08ED5,2022-11-30 14:41:12,7.306560405271079,103.721748114528,1.344299651134385
kml_4097,Jurong Lake District - Taman Jurong,LTA (Others),B6743516245FF965,2022-11-30 14:41:12,17.144505344089485,103.72128960662283,1.342885501787725
kml_4098,Changi-Simei,LTA (Others),9AC280F8EC07ABE6,2022-02-16 13:57:18,21.655822039724296,103.95557308631601,1.3441095757476251
kml_4099,Ang Mo Kio,Land Transport Authority,2E5E0B29E02D726D,2022-02-16 13:57:18,180.67806077439397,103.8416829951559,1.369389840324091
kml_4100,Ang Mo Kio,Land Transport Authority,171408A51E0F7EC5,2022-02-16 13:57:18,47.7910012043452,103.84119924134623,1.3647251769305973
kml_4101,Changi-Simei,LTA (Others),35EAF02DCEC5300E,2022-02-16 13:57:18,1.3525072007532968,103.9575378091855,1.34181896309917
kml_4102,Ang Mo Kio,LTA (Others),5BC0C09EDBED5817,2022-02-16 13:57:18,8.339756616733174,103.83968685263,1.36525270948012
kml_4103,Ang Mo Kio,Land Transport Authority,206C92803311CEB8,2022-02-16 13:57:18,35.74510579592145,103.83907047136128,1.3697058533061308
kml_4104,Ang Mo Kio,LTA (Others),5FEC9E679D2593F2,2022-02-16 13:57:18,106.10679599000062,103.84691028989656,1.3687359614878243
kml_4105,Changi-Simei,LTA (Others),5B85236EE7633A6F,2022-02-16 13:57:18,12.185758556435873,103.9546110070125,1.3432988011346252
kml_4106,Changi-Simei,LTA (Others),16AA5264794EFACF,2022-02-16 13:57:18,1.3061313721476004,103.95857256817249,1.341481935565965
kml_4107,Ang Mo Kio,LTA (Others),77127C82FC205BEC,2022-02-16 13:57:18,73.42665804394353,103.850808493858,1.3617693730859168
kml_4108,Changi-Simei,LTA (Others),A11BD5278474D2DE,2022-02-16 13:57:18,3.23479664072835,103.9558791988445,1.3422707261075901
kml_4109,Changi-Simei,LTA (Others),DB7835EE22D0CDDA,2022-02-16 13:57:18,33.99974752902801,103.9522238081177,1.341267685264361
kml_4110,Bukit Panjang,Land Transport Authority,D3E732D46E422C39,2022-02-16 13:57:18,86.91679208124422,103.76604543109993,1.3837838023952562
kml_4111,Changi-Simei,LTA (Others),E9DC6D23D4A1AFDC,2022-02-16 13:57:18,36.23274039909568,103.95760285393163,1.3444307353624134
kml_4112,Ang Mo Kio,Land Transport Authority,549CC0C75A964A88,2022-02-16 13:57:18,21.07640256294865,103.83937314865099,1.3696731204496302
kml_4113,Bukit Panjang,Land Transport Authority,FF70E395E5DF8E48,2022-02-16 13:57:18,145.09877585746543,103.76648834210386,1.3828567548168114
kml_4114,Bukit Panjang,Land Transport Authority,B72694F5EBCC8591,2022-02-16 13:57:18,38.32660244908929,103.76591380968442,1.384331592239511
kml_4115,Bukit Panjang,Land Transport Authority,EB401BD16387A279,2022-02-16 13:57:18,100.57293282186482,103.7673514144318,1.3822340500956858
kml_4116,Changi-Simei,Land Transport Authority,B57381D0B91A6EDA,2022-02-16 13:57:18,33.49179884429641,103.95243620760503,1.3414641022152252
kml_4117,Ang Mo Kio,LTA (Others),A116C0C59D490E09,2022-02-16 13:57:18,17.98439513284301,103.84256909708301,1.36928608162979
kml_4118,Bukit Panjang,LTA (Others),F450176A0FAC6096,2022-02-16 13:57:18,12.71433563798548,103.76784480299051,1.38214713428578
kml_4119,Ang Mo Kio,LTA (Others),E5DA7EC589469435,2022-02-16 13:57:18,4.476926414709831,103.84819424358594,1.3634752730609025
kml_4120,Changi-Simei,LTA (Others),FA4B8D65FDC28530,2022-02-16 13:57:18,1.4968512727503624,103.9569164000385,1.341295954522585
kml_4121,Changi-Simei,Land Transport Authority,A2746D8896773B74,2022-02-16 13:57:18,10.798698809771073,103.95504894399758,1.3432654759199874
kml_4122,Ang Mo Kio,Land Transport Authority,D85E62C8D26E055C,2022-02-16 13:57:18,37.15432658806893,103.84372092791018,1.3691382762330733
kml_4123,Changi-Simei,LTA (Others),95FC67EB17BFE9B9,2022-02-16 13:57:18,8.443860848082345,103.955259971845,1.343004643749595
kml_4124,Ang Mo Kio,Land Transport Authority,8BB5F0C2D593A934,2022-02-16 13:57:18,121.01787125947627,103.8379400550598,1.3695433906656969
kml_4125,Punggol,LTA (Others),5CE83A7949156EA9,2022-02-16 13:57:18,4.105196605868273,103.89961347776949,1.40655405193239
kml_4126,Punggol,LTA (Others),B98FBCF67C1EEC13,2022-02-16 13:57:18,6.130762911109882,103.900265783791,1.406456373709885
kml_4127,Punggol,LTA (Others),78BD89824B8274D7,2022-02-16 13:57:18,8.22215035406374,103.901665377235,1.4057964013184998
kml_4128,Jurong Lake District - Taman Jurong,LTA (Others),1DD6FE605BE39FD2,2022-02-16 13:57:18,2.437374027383073,103.72615255592049,1.3513229657059
kml_4129,Jurong Lake District - Taman Jurong,Land Transport Authority,96AD2399650AB774,2022-02-16 13:57:18,16.458692417306192,103.7261324223375,1.35123995877339
kml_4130,Jurong Lake District - Taman Jurong,LTA (Others),38DED93F409DE618,2022-02-16 13:57:18,1.6597691016710647,103.7261131175285,1.3511603676560902
kml_4131,Jurong Lake District - Taman Jurong,Land Transport Authority,61C14FDFB4099029,2022-02-16 13:57:18,55.48480577778747,103.72603409162451,1.3509147955972267
kml_4132,Yishun,LTA (Others),4D011701F0FAB67B,2022-02-16 13:57:18,1.5958790788968646,103.842998607912,1.43108054773499
kml_4133,Yishun,LTA (Others),28B8A66F0BE39A2F,2022-02-16 13:57:18,1.5173898101249292,103.843251375916,1.431055533303095
kml_4134,Yishun,LTA (Others),E94EB56FA2A53FF1,2022-02-16 13:57:18,1.4526441933374141,103.8435181724315,1.4310584265430348
kml_4135,Yishun,LTA (Others),D32123176A76D652,2022-02-16 13:57:18,1.426860491033144,103.8444897170575,1.430868591512555
kml_4136,Yishun,LTA (Others),65081D9DC4D05676,2022-02-16 13:57:18,2.903941390977824,103.845645434716,1.42978243831246
kml_4137,Yishun,LTA (Others),040BA5E7A85E02B9,2022-02-16 13:57:18,1.4415008941324987,103.84583871354701,1.42961229432521
kml_4138,Jurong Lake District - Taman Jurong,LTA (Others),5534C36DD7F05642,2022-11-30 14:41:12,35.199301855757355,103.72341481036854,1.331601003193892
kml_4139,Jurong Lake District - Taman Jurong,Land Transport Authority,2061C428EB65F0FB,2022-11-30 14:41:12,11.065844626531886,103.72328853369629,1.3313677097563847
kml_4140,Jurong Lake District - Taman Jurong,Land Transport Authority,72204D66FAF37C42,2022-11-30 14:41:12,87.71686014076248,103.72154911689316,1.3420276009466676
kml_4141,Bishan,Land Transport Authority,E7A96A4E8F445609,2022-11-30 14:41:13,7.607468685787481,103.84629479304397,1.3566246943306537
kml_4142,Jurong Lake District - Taman Jurong,Land Transport Authority,5D4A6217F56E5DC7,2022-11-30 14:41:12,124.70395247737252,103.72263969011576,1.3409725723269914
kml_4143,Jurong Lake District - Taman Jurong,Land Transport Authority,ACE0C90BE57FEF44,2022-11-30 14:41:12,8.265559548290508,103.72253693949718,1.3342552278730775
kml_4144,Jurong Lake District - Taman Jurong,LTA (Others),0958EAB25A20DF5E,2022-11-30 14:41:12,8.100298497581111,103.7227151606725,1.33731169844929
kml_4145,Jurong Lake District - Taman Jurong,Land Transport Authority,1AB28B00971A9747,2022-11-30 14:41:12,43.0364846307249,103.71642265888315,1.3428398092933491
kml_4146,Jurong Lake District - Taman Jurong,Land Transport Authority,30BE56B84DCB1547,2022-11-30 14:41:12,59.57255335526525,103.71685455301956,1.3430013159450265
kml_4147,Jurong Lake District - Taman Jurong,LTA (Others),24EAFD2E91428C57,2022-11-30 14:41:12,228.84415530378536,103.71990442020484,1.344159541536437
kml_4148,Jurong Lake District - Taman Jurong,Land Transport Authority,D6368A30B9E6FFD8,2022-11-30 14:41:12,93.14762759624152,103.71855994076887,1.3436841002119901
kml_4149,Jurong Lake District - Taman Jurong,Land Transport Authority,9C530C9214433601,2022-11-30 14:41:12,85.47135996820208,103.72122714075691,1.3445839408994043
kml_4150,Jurong Lake District - Taman Jurong,Land Transport Authority,12E58C4B1C9C9472,2022-11-30 14:41:12,32.54697327670349,103.72170976123157,1.3444732783559277
kml_4151,Jurong Lake District - Taman Jurong,Land Transport Authority,EA5E64CB05C88BE4,2022-11-30 14:41:12,6.4703777782350835,103.72162542449811,1.3446160259572004
kml_4152,Jurong Lake District - Taman Jurong,LTA (Others),4164C2D123FA4765,2022-11-30 14:41:12,25.60712771698612,103.72168210748012,1.3447103050640727
kml_4153,Jurong Lake District - Taman Jurong,Land Transport Authority,BC4510F1D85AA037,2022-11-30 14:41:12,91.3265370272234,103.7161912190862,1.340342117350641
kml_4154,Jurong Lake District - Taman Jurong,Land Transport Authority,EE4D42B7ED789F76,2022-11-30 14:41:12,12.51358229844915,103.71638977285461,1.3398242811806866
kml_4155,Jurong Lake District - Taman Jurong,Land Transport Authority,32DDF5A746745E20,2022-11-30 14:41:12,19.219995115919367,103.7212476792275,1.3423539878055863
kml_4156,Jurong Lake District - Taman Jurong,Land Transport Authority,87051012361C4AE4,2022-11-30 14:41:12,12.566370558946746,103.721261369239,1.3421750762241151
kml_4157,Jurong Lake District - Taman Jurong,Land Transport Authority,F9C93B3B9ACF52D4,2022-11-30 14:41:12,60.53681937865497,103.72136303653606,1.341766290071878
kml_4158,Jurong Lake District - Taman Jurong,LTA (Others),33965D50C4745CF5,2022-11-30 14:41:12,4.954409104015422,103.72124624644601,1.34246242413053
kml_4159,Jurong Lake District - Taman Jurong,Land Transport Authority,D6B5B5B521C9F81B,2022-11-30 14:41:12,25.831590900764787,103.72188929575489,1.3414589433456692
kml_4160,Jurong Lake District - Taman Jurong,Land Transport Authority,06BF72B5EB30349D,2022-11-30 14:41:12,24.483930699523,103.72208376928552,1.341343655071685
kml_4161,Jurong Lake District - Taman Jurong,Land Transport Authority,3952264D688DDE61,2022-11-30 14:41:12,11.485118137707326,103.72175838007557,1.3415619006214956
kml_4162,Yishun,LTA (Others),EB8AD7FA6F7AC55E,2022-02-16 13:57:18,1.5175333512781077,103.842786430435,1.431143848212405
kml_4163,Jurong Lake District - Taman Jurong,Land Transport Authority,26F573B3616CE6A6,2022-02-16 13:57:18,9.350069323354605,103.7232553038665,1.35076572843019
kml_4164,Sembawang,Town Council,E6D31C4A00F9ACFA,2022-02-16 13:57:18,10.216448376802546,103.82120266364286,1.4500174315250383
kml_4165,Sembawang,Town Council,D77DD18F178FF701,2022-02-16 13:57:18,50.29286851919487,103.82113199573944,1.4502684310324772
kml_4166,Sembawang,Town Council,6DAA2B8E3A1D8CAA,2022-02-16 13:57:18,144.58156933376569,103.81993386771447,1.4528478740746351
kml_4167,Sembawang,Town Council,352FFDCF4C2E4391,2022-02-16 13:57:18,142.0672495434986,103.81931830217052,1.4540435268493257
kml_4168,Sembawang,LTA (Others),4743EF3E47CD7733,2022-02-16 13:57:18,2.8056435413993475,103.8217845349015,1.44717350525518
kml_4169,Sembawang,LTA (Others),C281C5611008E2DA,2022-02-16 13:57:18,3.5477705967167967,103.82248913153565,1.447200809748885
kml_4170,Sembawang,LTA (Others),F24DBB2CDE37F110,2022-02-16 13:57:18,2.6888921939081065,103.8227925236065,1.44660836745722
kml_4171,Sembawang,LTA (Others),A09F2CD89DD6112F,2022-02-16 13:57:18,3.9462647548851137,103.82285852950699,1.44647669964865
kml_4172,Sembawang,LTA (Others),D599098670243C2A,2022-02-16 13:57:18,6.690919415866044,103.82300519170451,1.446191055701215
kml_4173,Sembawang,LTA (Others),E158A3F6064771F8,2022-02-16 13:57:18,3.428820314462999,103.8231027960225,1.445939417404475
kml_4174,Sembawang,LTA (Others),94A212161129938B,2022-02-16 13:57:18,3.857364012012006,103.823220486621,1.44560656145581
kml_4175,Sembawang,LTA (Others),935687D7028585B1,2022-02-16 13:57:18,3.405824951737443,103.823328651803,1.445326389164105
kml_4176,Sembawang,LTA (Others),CE6BBE10CADEFBD3,2022-02-16 13:57:18,1.7405557776238838,103.823207401654,1.444899359847105
kml_4177,Sembawang,LTA (Others),D048F3FBF45D9D5B,2022-02-16 13:57:18,2.4099682090271797,103.82311723519649,1.44482731511636
kml_4178,Sembawang,LTA (Others),EF682294A3D73C51,2022-02-16 13:57:18,2.342865774294325,103.82287490462052,1.44462602299786
kml_4179,Sembawang,LTA (Others),5F5FDF99BB126B47,2022-02-16 13:57:18,1.5214354252030762,103.822511399113,1.44438506307574
kml_4180,Sembawang,LTA (Others),E55DE9E0EC513C46,2022-02-16 13:57:18,3.6875012801977536,103.822210348178,1.444127126236135
kml_4181,Sembawang,LTA (Others),50CEECFA5E78F003,2022-02-16 13:57:18,2.000820443382132,103.821742166366,1.44380570669572
kml_4182,Sembawang,LTA (Others),C5C6D0D1D3C35E70,2022-02-16 13:57:18,1.7634113330752188,103.8215387624875,1.443676818894855
kml_4183,Sembawang,LTA (Others),72F997F6B3A92868,2022-02-16 13:57:18,1.990603972144124,103.8212213151615,1.44347864445169
kml_4184,Sembawang,LTA (Others),1EDBD24ECFB43A3F,2022-02-16 13:57:18,31.868708054919438,103.82037361747706,1.4520274982196155
kml_4185,Sembawang,LTA (Others),0B450FF1B2D79A07,2022-02-16 13:57:18,35.9411706581477,103.82016293707765,1.4519034147316625
kml_4186,Sembawang,LTA (Others),369531ECF6359240,2022-02-16 13:57:18,66.39032197576795,103.82016259971317,1.4521149490513652
kml_4187,Sembawang,LTA (Others),25B0466AC0168D5A,2022-02-16 13:57:18,26.684283896079748,103.8202987921164,1.451923901741751
kml_4188,Changi-Simei,Land Transport Authority,94E42762E4784420,2022-02-16 13:57:18,10.30918798256219,103.955312844246,1.342938700412795
kml_4189,Changi-Simei,Land Transport Authority,1A246B54B173BA40,2022-02-16 13:57:18,26.438586765534403,103.954116361766,1.3428871125121948
kml_4190,Changi-Simei,Land Transport Authority,9FEB428B4705BE5A,2022-02-16 13:57:18,64.64874217929807,103.95763528655951,1.344930809711315
kml_4191,Ang Mo Kio,Land Transport Authority,56BF7FE4B7E7FD19,2022-02-16 13:57:18,70.16105039336118,103.84042709504648,1.369540858427657
kml_4192,Ang Mo Kio,LTA (Others),D0A049B1189176BE,2022-02-16 13:57:18,12.440842366563047,103.8487989840345,1.363242532831535
kml_4193,Ang Mo Kio,LTA (Others),093AED7955C957EE,2022-02-16 13:57:18,52.75085971701591,103.84332596465524,1.3691667653033806
kml_4194,Changi-Simei,Land Transport Authority,4A60CFD902C75C8B,2022-02-16 13:57:18,6.142479040297799,103.9575639229405,1.3434094954887899
kml_4195,Changi-Simei,Land Transport Authority,6A92EEA823A8166E,2022-02-16 13:57:18,25.023562909148158,103.95731629268701,1.34163235018636
kml_4196,Changi-Simei,Land Transport Authority,E9C8660C9B33EF08,2022-02-16 13:57:18,11.233528449953342,103.95758065115649,1.341856107593495
kml_4197,Changi-Simei,Land Transport Authority,9D0C406CAB3CF0FA,2022-02-16 13:57:18,17.345740768244266,103.95799531754973,1.3422079537405875
kml_4198,Jurong Lake District - Taman Jurong,Land Transport Authority,8134FE082759AD7B,2022-11-30 14:41:12,36.73576181238134,103.72125901269348,1.34265039380421
kml_4199,Jurong Lake District - Taman Jurong,Land Transport Authority,DD684AF89F777639,2022-11-30 14:41:12,6.128004827323842,103.7215376917265,1.3388754643885101
kml_4200,Jurong Lake District - Taman Jurong,Land Transport Authority,39D5EF969F952704,2022-11-30 14:41:12,32.2885633778559,103.71694294975711,1.3387154985886403
kml_4201,Jurong Lake District - Taman Jurong,Land Transport Authority,693969E668FF697F,2022-11-30 14:41:12,3.7696840161042133,103.716856917502,1.338901639387295
kml_4202,Bukit Panjang,Land Transport Authority,8B88DC976D75CE4A,2022-11-30 14:41:13,35.87637696086592,103.77275362473874,1.3736395863722812
kml_4203,Bukit Panjang,Land Transport Authority,5D32005082BB01E9,2022-11-30 14:41:13,16.633667622882268,103.77296064062423,1.373525728870718
kml_4204,Pasir Ris,Land Transport Authority,FC65405B3DEC68CB,2022-02-16 13:57:18,155.74707126364368,103.94918483085362,1.3750348553592937
kml_4205,Pasir Ris,Land Transport Authority,4182AFD88BBAFA59,2022-02-16 13:57:18,112.5732231612932,103.95052738636795,1.3747347090165223
kml_4206,Pasir Ris,Land Transport Authority,8CF1459F8D71D987,2022-02-16 13:57:18,15.343161781448288,103.94311399330411,1.3783739268054114
kml_4207,Pasir Ris,Land Transport Authority,B102BB6E3EC1C3AB,2022-02-16 13:57:18,55.27423575829377,103.94576816351892,1.3766841867939485
kml_4208,Pasir Ris,Land Transport Authority,D9FEDAA9DC27FF86,2022-02-16 13:57:18,24.269675879262923,103.94511503382651,1.377046981734305
kml_4209,Yishun,LTA (Others),33C1A5A8353AD958,2022-02-16 13:57:18,118.39314366266368,103.83701832845814,1.4286425702333718
kml_4210,Yishun,LTA (Others),76159C364D72F2F3,2022-02-16 13:57:18,1.3639151258274005,103.83774284063051,1.4281419775156
kml_4211,Yishun,LTA (Others),AC26966A8848E056,2022-02-16 13:57:18,1.2430934906697297,103.837887275314,1.4280709697492853
kml_4212,Yishun,LTA (Others),2120606A105CB996,2022-02-16 13:57:18,1.0575490681473214,103.8379513026635,1.428039586386985
kml_4213,Yishun,LTA (Others),D5EAC94CF2682EBA,2022-02-16 13:57:18,1.089322899785845,103.83800781284299,1.4280113420851501
kml_4214,Pasir Ris,Land Transport Authority,0A6BF77F9B2FDC47,2022-02-16 13:57:18,35.81271186061033,103.9453862878635,1.376894428738515
kml_4215,Pasir Ris,Land Transport Authority,1655144546846C52,2022-02-16 13:57:18,32.49401109561671,103.94663781784615,1.3762253509438804
kml_4216,Pasir Ris,Land Transport Authority,0AC4B66201B28247,2022-02-16 13:57:18,74.68776601876702,103.94730125832295,1.3758692359254834
kml_4217,Yishun,Land Transport Authority,2618CF305B63AEB8,2022-02-16 13:57:18,67.413950643198,103.83448380407606,1.4133583031844674
kml_4218,Yishun,Land Transport Authority,364E316E5BD4C445,2022-02-16 13:57:18,112.3707291374163,103.83487926770408,1.4141596385978428
kml_4219,Yishun,Land Transport Authority,222EFD0DE0F8AFEA,2022-02-16 13:57:18,1.9817028315870011,103.8351135709575,1.41462876196888
kml_4220,Yishun,Land Transport Authority,54EE66A0EEAED6DD,2022-02-16 13:57:18,34.97794325581061,103.83551044492451,1.415423167571885
kml_4221,Yishun,Land Transport Authority,C2BB2915A4A8DAA9,2022-02-16 13:57:18,14.74875368634683,103.8356680823507,1.4156864991592122
kml_4222,Jurong Lake District - Taman Jurong,LTA (Others),738CF6BBC5761BF9,2022-02-16 13:57:18,9.361395919025833,103.7192878300495,1.35009209441516
kml_4223,Jurong Lake District - Taman Jurong,LTA (Others),8DA29CEBAE2F5785,2022-02-16 13:57:18,68.84971113072214,103.71940736753518,1.3497609705277842
kml_4224,Jurong Lake District - Taman Jurong,Land Transport Authority,5EF2FEAFE592BC98,2022-02-16 13:57:18,69.9904115405926,103.71998557396708,1.3486249812988194
kml_4225,Jurong Lake District - Taman Jurong,Land Transport Authority,651DD2410BF810DA,2022-02-16 13:57:18,56.94168402963832,103.72509790985,1.3523656543707951
kml_4226,Jurong Lake District - Taman Jurong,LTA (Others),A8EA6D383037F0CB,2022-02-16 13:57:18,1.7326113218375463,103.72534399617967,1.3522705490582927
kml_4227,Jurong Lake District - Taman Jurong,Land Transport Authority,07C5648B48B2C4EB,2022-02-16 13:57:18,37.49144056558099,103.725505474938,1.352199540731645
kml_4228,Jurong Lake District - Taman Jurong,Land Transport Authority,EE768468C645990D,2022-02-16 13:57:18,48.06786952083796,103.72585998600279,1.352018622954207
kml_4229,Jurong Lake District - Taman Jurong,Land Transport Authority,38E46A605579073D,2022-02-16 13:57:18,4.706083670319991,103.71973505397152,1.349073436418015
kml_4230,Sembawang,LTA (Others),E53A3E25D91997CA,2022-02-16 13:57:18,2.1396821555026815,103.8221617205815,1.4499888680887398
kml_4231,Jurong Lake District - Taman Jurong,LTA (Others),13C54A505541771D,2022-02-16 13:57:18,6.67887549314235,103.7259413425595,1.3506496676864699
kml_4232,Jurong Lake District - Taman Jurong,Land Transport Authority,EB78487DCFED7C22,2022-02-16 13:57:18,29.886053501087304,103.72583063178787,1.3502985339571036
kml_4233,Jurong Lake District - Taman Jurong,LTA (Others),78A5C2FD99E6BE22,2022-02-16 13:57:18,27.939602467198917,103.72572750088099,1.35006108165551
kml_4234,Pasir Ris,LTA (Others),E9F61FCC84D438A5,2022-02-16 13:57:18,11.785270874239423,103.946226315586,1.37513963490903
kml_4235,Pasir Ris,LTA (Others),B83949AEBDDEFF38,2022-02-16 13:57:18,120.77414081381022,103.9451975970798,1.373688740807155
kml_4236,Pasir Ris,LTA (Others),D486894076F854E2,2022-02-16 13:57:18,3.979639802463201,103.940295302705,1.38052334768603
kml_4237,Pasir Ris,Town Council (Others),A5CD8491D869DD37,2022-02-16 13:57:18,11.145638407012747,103.94095174857799,1.37996967613723
kml_4238,Pasir Ris,LTA (Others),FE389404B21E4E47,2022-02-16 13:57:18,17.66582945595266,103.9405571220195,1.3802908142432249
kml_4239,Pasir Ris,LTA (Others),73A8261280515ED3,2022-02-16 13:57:18,1.6616906863586534,103.94156768371043,1.3793941154238545
kml_4240,Pasir Ris,LTA (Others),33A5A297977B0F7F,2022-02-16 13:57:18,1.5848536415804992,103.94142481057949,1.3790624572337502
kml_4241,Pasir Ris,LTA (Others),55687D12E33EFE55,2022-02-16 13:57:18,42.15463152017984,103.94124983375087,1.3780521173289413
kml_4242,Pasir Ris,LTA (Others),F3AFFAFA7D95B911,2022-02-16 13:57:18,8.59604794950931,103.941210136557,1.3774808666028049
kml_4243,Pasir Ris,LTA (Others),AA01949132696D90,2022-02-16 13:57:18,2.9612187551744076,103.94108034539101,1.3763771824853752
kml_4244,Pasir Ris,LTA (Others),B7AD77B050731BFD,2022-02-16 13:57:18,1.8035731794185632,103.941142387686,1.3769072596081249
kml_4245,Pasir Ris,LTA (Others),687D1E3A7C2FF25F,2022-02-16 13:57:18,3.6214477498458137,103.9410303414075,1.375949955259025
kml_4246,Pasir Ris,LTA (Others),E4BE6A40D2261DAA,2022-02-16 13:57:18,1.685446262548678,103.940680422353,1.37538230721723
kml_4247,Punggol,LTA (Others),726868C3871CE156,2022-02-16 13:57:18,25.028641148566045,103.9058846680295,1.401433114620495
kml_4248,Punggol,LTA (Others),0F3C82C899FDBB22,2022-02-16 13:57:18,9.300551560650044,103.9061098340445,1.40196842193966
kml_4249,Punggol,Land Transport Authority,357C50DC0C40591F,2022-02-16 13:57:18,32.54460145114138,103.89793474988831,1.4032956431128638
kml_4250,Punggol,Land Transport Authority,77035DC35C14A765,2022-02-16 13:57:18,12.071610710515099,103.8981199818715,1.40322576266276
kml_4251,Punggol,Land Transport Authority,B328E152A79D06A4,2022-02-16 13:57:18,94.46992820912867,103.89723088883022,1.4044719330512525
kml_4252,Punggol,Land Transport Authority,0C11F8E923F93222,2022-02-16 13:57:18,9.169592537734216,103.89703186481746,1.40349256424155
kml_4253,Punggol,Land Transport Authority,CAFC81A588194681,2022-02-16 13:57:18,51.320348424490696,103.89706036874838,1.403758222277846
kml_4254,Punggol,LTA (Others),389A24263EB6FE60,2022-02-16 13:57:18,8.388040810979529,103.897118352755,1.40402171612436
kml_4255,Pasir Ris,LTA (Others),F7FDB795F056FE78,2022-02-16 13:57:18,1.4721454083609016,103.93997843457001,1.37590926172428
kml_4256,Pasir Ris,LTA (Others),24B07A2B8FBED544,2022-02-16 13:57:18,7.148506210185011,103.94031118991751,1.375659475784745
kml_4257,Pasir Ris,LTA (Others),30B6BA654E4EF432,2022-02-16 13:57:18,20.072772369412053,103.9398742306075,1.3759842276732699
kml_4258,Pasir Ris,LTA (Others),B767C7F09F55C202,2022-02-16 13:57:18,1.8067601120923988,103.939703203449,1.376108748006895
kml_4259,Pasir Ris,Land Transport Authority,BDBAA4736907EE8B,2022-02-16 13:57:18,87.73211348778452,103.935961214117,1.3833235315245604
kml_4260,Tampines,Land Transport Authority,4D8F1DC5D300D0C7,2022-02-16 13:57:18,29.973116573432677,103.95761735722022,1.3564960129249624
kml_4261,Pasir Ris,Land Transport Authority,1C8473CD14C86F2B,2022-02-16 13:57:18,13.06508606450473,103.95677494744358,1.3716169407386267
kml_4262,Pasir Ris,Land Transport Authority,ECD6C7607D6ADAC9,2022-02-16 13:57:18,43.040779218117855,103.9643692001715,1.3671753678182599
kml_4263,Tampines,Land Transport Authority,807E51E9BDE47E9E,2022-02-16 13:57:18,6.205136123917594,103.94923067914429,1.3589299054262967
kml_4264,Pasir Ris,Land Transport Authority,17EAD77D59D6F40D,2022-02-16 13:57:18,36.05082420037997,103.9455073208095,1.372974434790255
kml_4265,Tampines,Land Transport Authority,5F641BB122DED61F,2022-02-16 13:57:18,36.31307078174234,103.95406375272786,1.3618003418064804
